# dirty read-sharing -- isolates the O state
# 16 cores. Each writes lines it alone owns, and reads lines
# owned by three neighbours, so reads keep finding dirty lines.
# MOSI/MOESI: the owner keeps the dirty line and supplies it.
# MSI/MESI:   the owner flushes to memory on each hand-off.

0 0 W 0x100000
0 0 R 0x406000
0 0 R 0x70C000
0 0 R 0xA12000
0 0 W 0x102040
0 0 R 0x408040
0 0 R 0x70E040
0 0 R 0xA14040
0 0 W 0x104080
0 0 R 0x40A080
0 0 R 0x710080
0 0 R 0xA16080
0 0 W 0x1060C0
0 0 R 0x40C0C0
0 0 R 0x7120C0
0 0 R 0xA180C0
0 0 W 0x108100
0 0 R 0x40E100
0 0 R 0x714100
0 0 R 0xA1A100
0 0 W 0x10A140
0 0 R 0x410140
0 0 R 0x716140
0 0 R 0xA1C140
0 0 W 0x10C180
0 0 R 0x412180
0 0 R 0x718180
0 0 R 0xA1E180
0 0 W 0x10E1C0
0 0 R 0x4141C0
0 0 R 0x71A1C0
0 0 R 0xA201C0
0 0 W 0x100200
0 0 R 0x406200
0 0 R 0x70C200
0 0 R 0xA12200
0 0 W 0x102240
0 0 R 0x408240
0 0 R 0x70E240
0 0 R 0xA14240
0 0 W 0x104280
0 0 R 0x40A280
0 0 R 0x710280
0 0 R 0xA16280
0 0 W 0x1062C0
0 0 R 0x40C2C0
0 0 R 0x7122C0
0 0 R 0xA182C0
0 0 W 0x108300
0 0 R 0x40E300
0 0 R 0x714300
0 0 R 0xA1A300
0 0 W 0x10A340
0 0 R 0x410340
0 0 R 0x716340
0 0 R 0xA1C340
0 0 W 0x10C380
0 0 R 0x412380
0 0 R 0x718380
0 0 R 0xA1E380
0 0 W 0x10E3C0
0 0 R 0x4143C0
0 0 R 0x71A3C0
0 0 R 0xA203C0
0 0 W 0x100000
0 0 R 0x406000
0 0 R 0x70C000
0 0 R 0xA12000
0 0 W 0x102040
0 0 R 0x408040
0 0 R 0x70E040
0 0 R 0xA14040
0 0 W 0x104080
0 0 R 0x40A080
0 0 R 0x710080
0 0 R 0xA16080
0 0 W 0x1060C0
0 0 R 0x40C0C0
0 0 R 0x7120C0
0 0 R 0xA180C0
0 0 W 0x108100
0 0 R 0x40E100
0 0 R 0x714100
0 0 R 0xA1A100
0 0 W 0x10A140
0 0 R 0x410140
0 0 R 0x716140
0 0 R 0xA1C140
0 0 W 0x10C180
0 0 R 0x412180
0 0 R 0x718180
0 0 R 0xA1E180
0 0 W 0x10E1C0
0 0 R 0x4141C0
0 0 R 0x71A1C0
0 0 R 0xA201C0
0 0 W 0x100200
0 0 R 0x406200
0 0 R 0x70C200
0 0 R 0xA12200
0 0 W 0x102240
0 0 R 0x408240
0 0 R 0x70E240
0 0 R 0xA14240
0 0 W 0x104280
0 0 R 0x40A280
0 0 R 0x710280
0 0 R 0xA16280
0 0 W 0x1062C0
0 0 R 0x40C2C0
0 0 R 0x7122C0
0 0 R 0xA182C0
0 0 W 0x108300
0 0 R 0x40E300
0 0 R 0x714300
0 0 R 0xA1A300
0 0 W 0x10A340
0 0 R 0x410340
0 0 R 0x716340
0 0 R 0xA1C340
0 0 W 0x10C380
0 0 R 0x412380
0 0 R 0x718380
0 0 R 0xA1E380
0 0 W 0x10E3C0
0 0 R 0x4143C0
0 0 R 0x71A3C0
0 0 R 0xA203C0
0 0 W 0x100000
0 0 R 0x406000
0 0 R 0x70C000
0 0 R 0xA12000
0 0 W 0x102040
0 0 R 0x408040
0 0 R 0x70E040
0 0 R 0xA14040
0 0 W 0x104080
0 0 R 0x40A080
0 0 R 0x710080
0 0 R 0xA16080
0 0 W 0x1060C0
0 0 R 0x40C0C0
0 0 R 0x7120C0
0 0 R 0xA180C0
0 0 W 0x108100
0 0 R 0x40E100
0 0 R 0x714100
0 0 R 0xA1A100
0 0 W 0x10A140
0 0 R 0x410140
0 0 R 0x716140
0 0 R 0xA1C140
0 0 W 0x10C180
0 0 R 0x412180
0 0 R 0x718180
0 0 R 0xA1E180
0 0 W 0x10E1C0
0 0 R 0x4141C0
0 0 R 0x71A1C0
0 0 R 0xA201C0
0 0 W 0x100200
0 0 R 0x406200
0 0 R 0x70C200
0 0 R 0xA12200
0 0 W 0x102240
0 0 R 0x408240
0 0 R 0x70E240
0 0 R 0xA14240
0 0 W 0x104280
0 0 R 0x40A280
0 0 R 0x710280
0 0 R 0xA16280
0 0 W 0x1062C0
0 0 R 0x40C2C0
0 0 R 0x7122C0
0 0 R 0xA182C0
0 0 W 0x108300
0 0 R 0x40E300
0 0 R 0x714300
0 0 R 0xA1A300
0 0 W 0x10A340
0 0 R 0x410340
0 0 R 0x716340
0 0 R 0xA1C340
0 0 W 0x10C380
0 0 R 0x412380
0 0 R 0x718380
0 0 R 0xA1E380
0 0 W 0x10E3C0
0 0 R 0x4143C0
0 0 R 0x71A3C0
0 0 R 0xA203C0
0 0 W 0x100000
0 0 R 0x406000
0 0 R 0x70C000
0 0 R 0xA12000
0 0 W 0x102040
0 0 R 0x408040
0 0 R 0x70E040
0 0 R 0xA14040
0 0 W 0x104080
0 0 R 0x40A080
0 0 R 0x710080
0 0 R 0xA16080
0 0 W 0x1060C0
0 0 R 0x40C0C0
0 0 R 0x7120C0
0 0 R 0xA180C0
0 0 W 0x108100
0 0 R 0x40E100
0 0 R 0x714100
0 0 R 0xA1A100
0 0 W 0x10A140
0 0 R 0x410140
0 0 R 0x716140
0 0 R 0xA1C140
0 0 W 0x10C180
0 0 R 0x412180
0 0 R 0x718180
0 0 R 0xA1E180
0 0 W 0x10E1C0
0 0 R 0x4141C0
0 0 R 0x71A1C0
0 0 R 0xA201C0
0 0 W 0x100200
0 0 R 0x406200
0 0 R 0x70C200
0 0 R 0xA12200
0 0 W 0x102240
0 0 R 0x408240
0 0 R 0x70E240
0 0 R 0xA14240
0 0 W 0x104280
0 0 R 0x40A280
0 0 R 0x710280
0 0 R 0xA16280
0 0 W 0x1062C0
0 0 R 0x40C2C0
0 0 R 0x7122C0
0 0 R 0xA182C0
0 0 W 0x108300
0 0 R 0x40E300
0 0 R 0x714300
0 0 R 0xA1A300
0 0 W 0x10A340
0 0 R 0x410340
0 0 R 0x716340
0 0 R 0xA1C340
0 0 W 0x10C380
0 0 R 0x412380
0 0 R 0x718380
0 0 R 0xA1E380
0 0 W 0x10E3C0
0 0 R 0x4143C0
0 0 R 0x71A3C0
0 0 R 0xA203C0
0 0 W 0x100000
0 0 R 0x406000
0 0 R 0x70C000
0 0 R 0xA12000
0 0 W 0x102040
0 0 R 0x408040
0 0 R 0x70E040
0 0 R 0xA14040
0 0 W 0x104080
0 0 R 0x40A080
0 0 R 0x710080
0 0 R 0xA16080
0 0 W 0x1060C0
0 0 R 0x40C0C0
0 0 R 0x7120C0
0 0 R 0xA180C0
0 0 W 0x108100
0 0 R 0x40E100
0 0 R 0x714100
0 0 R 0xA1A100
0 0 W 0x10A140
0 0 R 0x410140
0 0 R 0x716140
0 0 R 0xA1C140
0 0 W 0x10C180
0 0 R 0x412180
0 0 R 0x718180
0 0 R 0xA1E180
0 0 W 0x10E1C0
0 0 R 0x4141C0
0 0 R 0x71A1C0
0 0 R 0xA201C0
0 0 W 0x100200
0 0 R 0x406200
0 0 R 0x70C200
0 0 R 0xA12200
0 0 W 0x102240
0 0 R 0x408240
0 0 R 0x70E240
0 0 R 0xA14240
0 0 W 0x104280
0 0 R 0x40A280
0 0 R 0x710280
0 0 R 0xA16280
0 0 W 0x1062C0
0 0 R 0x40C2C0
0 0 R 0x7122C0
0 0 R 0xA182C0
0 0 W 0x108300
0 0 R 0x40E300
0 0 R 0x714300
0 0 R 0xA1A300
0 0 W 0x10A340
0 0 R 0x410340
0 0 R 0x716340
0 0 R 0xA1C340
0 0 W 0x10C380
0 0 R 0x412380
0 0 R 0x718380
0 0 R 0xA1E380
0 0 W 0x10E3C0
0 0 R 0x4143C0
0 0 R 0x71A3C0
0 0 R 0xA203C0
0 0 W 0x100000
0 0 R 0x406000
0 0 R 0x70C000
0 0 R 0xA12000
0 0 W 0x102040
0 0 R 0x408040
0 0 R 0x70E040
0 0 R 0xA14040
0 0 W 0x104080
0 0 R 0x40A080
0 0 R 0x710080
0 0 R 0xA16080
0 0 W 0x1060C0
0 0 R 0x40C0C0
0 0 R 0x7120C0
0 0 R 0xA180C0
0 0 W 0x108100
0 0 R 0x40E100
0 0 R 0x714100
0 0 R 0xA1A100
0 0 W 0x10A140
0 0 R 0x410140
0 0 R 0x716140
0 0 R 0xA1C140
0 0 W 0x10C180
0 0 R 0x412180
0 0 R 0x718180
0 0 R 0xA1E180
0 0 W 0x10E1C0
0 0 R 0x4141C0
0 0 R 0x71A1C0
0 0 R 0xA201C0
0 0 W 0x100200
0 0 R 0x406200
0 0 R 0x70C200
0 0 R 0xA12200
0 0 W 0x102240
0 0 R 0x408240
0 0 R 0x70E240
0 0 R 0xA14240
0 0 W 0x104280
0 0 R 0x40A280
0 0 R 0x710280
0 0 R 0xA16280
0 0 W 0x1062C0
0 0 R 0x40C2C0
0 0 R 0x7122C0
0 0 R 0xA182C0
0 0 W 0x108300
0 0 R 0x40E300
0 0 R 0x714300
0 0 R 0xA1A300
0 0 W 0x10A340
0 0 R 0x410340
0 0 R 0x716340
0 0 R 0xA1C340
0 0 W 0x10C380
0 0 R 0x412380
0 0 R 0x718380
0 0 R 0xA1E380
0 0 W 0x10E3C0
0 0 R 0x4143C0
0 0 R 0x71A3C0
0 0 R 0xA203C0
0 0 W 0x100000
0 0 R 0x406000
0 0 R 0x70C000
0 0 R 0xA12000
0 0 W 0x102040
0 0 R 0x408040
0 0 R 0x70E040
0 0 R 0xA14040
0 0 W 0x104080
0 0 R 0x40A080
0 0 R 0x710080
0 0 R 0xA16080
0 0 W 0x1060C0
0 0 R 0x40C0C0
0 0 R 0x7120C0
0 0 R 0xA180C0
0 0 W 0x108100
0 0 R 0x40E100
0 0 R 0x714100
0 0 R 0xA1A100
0 0 W 0x10A140
0 0 R 0x410140
0 0 R 0x716140
0 0 R 0xA1C140
0 0 W 0x10C180
0 0 R 0x412180
0 0 R 0x718180
0 0 R 0xA1E180
0 0 W 0x10E1C0
0 0 R 0x4141C0
0 0 R 0x71A1C0
0 0 R 0xA201C0
0 0 W 0x100200
0 0 R 0x406200
0 0 R 0x70C200
0 0 R 0xA12200
0 0 W 0x102240
0 0 R 0x408240
0 0 R 0x70E240
0 0 R 0xA14240
0 0 W 0x104280
0 0 R 0x40A280
0 0 R 0x710280
0 0 R 0xA16280
0 0 W 0x1062C0
0 0 R 0x40C2C0
0 0 R 0x7122C0
0 0 R 0xA182C0
0 0 W 0x108300
0 0 R 0x40E300
0 0 R 0x714300
0 0 R 0xA1A300
0 0 W 0x10A340
0 0 R 0x410340
0 0 R 0x716340
0 0 R 0xA1C340
0 0 W 0x10C380
0 0 R 0x412380
0 0 R 0x718380
0 0 R 0xA1E380
0 0 W 0x10E3C0
0 0 R 0x4143C0
0 0 R 0x71A3C0
0 0 R 0xA203C0
0 0 W 0x100000
0 0 R 0x406000
0 0 R 0x70C000
0 0 R 0xA12000
0 0 W 0x102040
0 0 R 0x408040
0 0 R 0x70E040
0 0 R 0xA14040
0 0 W 0x104080
0 0 R 0x40A080
0 0 R 0x710080
0 0 R 0xA16080
0 0 W 0x1060C0
0 0 R 0x40C0C0
0 0 R 0x7120C0
0 0 R 0xA180C0
0 0 W 0x108100
0 0 R 0x40E100
0 0 R 0x714100
0 0 R 0xA1A100
0 0 W 0x10A140
0 0 R 0x410140
0 0 R 0x716140
0 0 R 0xA1C140
0 0 W 0x10C180
0 0 R 0x412180
0 0 R 0x718180
0 0 R 0xA1E180
0 0 W 0x10E1C0
0 0 R 0x4141C0
0 0 R 0x71A1C0
0 0 R 0xA201C0
0 0 W 0x100200
0 0 R 0x406200
0 0 R 0x70C200
0 0 R 0xA12200
0 0 W 0x102240
0 0 R 0x408240
0 0 R 0x70E240
0 0 R 0xA14240
0 0 W 0x104280
0 0 R 0x40A280
0 0 R 0x710280
0 0 R 0xA16280
0 0 W 0x1062C0
0 0 R 0x40C2C0
0 0 R 0x7122C0
0 0 R 0xA182C0
0 0 W 0x108300
0 0 R 0x40E300
0 0 R 0x714300
0 0 R 0xA1A300
0 0 W 0x10A340
0 0 R 0x410340
0 0 R 0x716340
0 0 R 0xA1C340
0 0 W 0x10C380
0 0 R 0x412380
0 0 R 0x718380
0 0 R 0xA1E380
0 0 W 0x10E3C0
0 0 R 0x4143C0
0 0 R 0x71A3C0
0 0 R 0xA203C0
0 1 W 0x202000
0 1 R 0x508000
0 1 R 0x80E000
0 1 R 0xB14000
0 1 W 0x204040
0 1 R 0x50A040
0 1 R 0x810040
0 1 R 0xB16040
0 1 W 0x206080
0 1 R 0x50C080
0 1 R 0x812080
0 1 R 0xB18080
0 1 W 0x2080C0
0 1 R 0x50E0C0
0 1 R 0x8140C0
0 1 R 0xB1A0C0
0 1 W 0x20A100
0 1 R 0x510100
0 1 R 0x816100
0 1 R 0xB1C100
0 1 W 0x20C140
0 1 R 0x512140
0 1 R 0x818140
0 1 R 0xB1E140
0 1 W 0x20E180
0 1 R 0x514180
0 1 R 0x81A180
0 1 R 0xB20180
0 1 W 0x2101C0
0 1 R 0x5161C0
0 1 R 0x81C1C0
0 1 R 0xB221C0
0 1 W 0x202200
0 1 R 0x508200
0 1 R 0x80E200
0 1 R 0xB14200
0 1 W 0x204240
0 1 R 0x50A240
0 1 R 0x810240
0 1 R 0xB16240
0 1 W 0x206280
0 1 R 0x50C280
0 1 R 0x812280
0 1 R 0xB18280
0 1 W 0x2082C0
0 1 R 0x50E2C0
0 1 R 0x8142C0
0 1 R 0xB1A2C0
0 1 W 0x20A300
0 1 R 0x510300
0 1 R 0x816300
0 1 R 0xB1C300
0 1 W 0x20C340
0 1 R 0x512340
0 1 R 0x818340
0 1 R 0xB1E340
0 1 W 0x20E380
0 1 R 0x514380
0 1 R 0x81A380
0 1 R 0xB20380
0 1 W 0x2103C0
0 1 R 0x5163C0
0 1 R 0x81C3C0
0 1 R 0xB223C0
0 1 W 0x202000
0 1 R 0x508000
0 1 R 0x80E000
0 1 R 0xB14000
0 1 W 0x204040
0 1 R 0x50A040
0 1 R 0x810040
0 1 R 0xB16040
0 1 W 0x206080
0 1 R 0x50C080
0 1 R 0x812080
0 1 R 0xB18080
0 1 W 0x2080C0
0 1 R 0x50E0C0
0 1 R 0x8140C0
0 1 R 0xB1A0C0
0 1 W 0x20A100
0 1 R 0x510100
0 1 R 0x816100
0 1 R 0xB1C100
0 1 W 0x20C140
0 1 R 0x512140
0 1 R 0x818140
0 1 R 0xB1E140
0 1 W 0x20E180
0 1 R 0x514180
0 1 R 0x81A180
0 1 R 0xB20180
0 1 W 0x2101C0
0 1 R 0x5161C0
0 1 R 0x81C1C0
0 1 R 0xB221C0
0 1 W 0x202200
0 1 R 0x508200
0 1 R 0x80E200
0 1 R 0xB14200
0 1 W 0x204240
0 1 R 0x50A240
0 1 R 0x810240
0 1 R 0xB16240
0 1 W 0x206280
0 1 R 0x50C280
0 1 R 0x812280
0 1 R 0xB18280
0 1 W 0x2082C0
0 1 R 0x50E2C0
0 1 R 0x8142C0
0 1 R 0xB1A2C0
0 1 W 0x20A300
0 1 R 0x510300
0 1 R 0x816300
0 1 R 0xB1C300
0 1 W 0x20C340
0 1 R 0x512340
0 1 R 0x818340
0 1 R 0xB1E340
0 1 W 0x20E380
0 1 R 0x514380
0 1 R 0x81A380
0 1 R 0xB20380
0 1 W 0x2103C0
0 1 R 0x5163C0
0 1 R 0x81C3C0
0 1 R 0xB223C0
0 1 W 0x202000
0 1 R 0x508000
0 1 R 0x80E000
0 1 R 0xB14000
0 1 W 0x204040
0 1 R 0x50A040
0 1 R 0x810040
0 1 R 0xB16040
0 1 W 0x206080
0 1 R 0x50C080
0 1 R 0x812080
0 1 R 0xB18080
0 1 W 0x2080C0
0 1 R 0x50E0C0
0 1 R 0x8140C0
0 1 R 0xB1A0C0
0 1 W 0x20A100
0 1 R 0x510100
0 1 R 0x816100
0 1 R 0xB1C100
0 1 W 0x20C140
0 1 R 0x512140
0 1 R 0x818140
0 1 R 0xB1E140
0 1 W 0x20E180
0 1 R 0x514180
0 1 R 0x81A180
0 1 R 0xB20180
0 1 W 0x2101C0
0 1 R 0x5161C0
0 1 R 0x81C1C0
0 1 R 0xB221C0
0 1 W 0x202200
0 1 R 0x508200
0 1 R 0x80E200
0 1 R 0xB14200
0 1 W 0x204240
0 1 R 0x50A240
0 1 R 0x810240
0 1 R 0xB16240
0 1 W 0x206280
0 1 R 0x50C280
0 1 R 0x812280
0 1 R 0xB18280
0 1 W 0x2082C0
0 1 R 0x50E2C0
0 1 R 0x8142C0
0 1 R 0xB1A2C0
0 1 W 0x20A300
0 1 R 0x510300
0 1 R 0x816300
0 1 R 0xB1C300
0 1 W 0x20C340
0 1 R 0x512340
0 1 R 0x818340
0 1 R 0xB1E340
0 1 W 0x20E380
0 1 R 0x514380
0 1 R 0x81A380
0 1 R 0xB20380
0 1 W 0x2103C0
0 1 R 0x5163C0
0 1 R 0x81C3C0
0 1 R 0xB223C0
0 1 W 0x202000
0 1 R 0x508000
0 1 R 0x80E000
0 1 R 0xB14000
0 1 W 0x204040
0 1 R 0x50A040
0 1 R 0x810040
0 1 R 0xB16040
0 1 W 0x206080
0 1 R 0x50C080
0 1 R 0x812080
0 1 R 0xB18080
0 1 W 0x2080C0
0 1 R 0x50E0C0
0 1 R 0x8140C0
0 1 R 0xB1A0C0
0 1 W 0x20A100
0 1 R 0x510100
0 1 R 0x816100
0 1 R 0xB1C100
0 1 W 0x20C140
0 1 R 0x512140
0 1 R 0x818140
0 1 R 0xB1E140
0 1 W 0x20E180
0 1 R 0x514180
0 1 R 0x81A180
0 1 R 0xB20180
0 1 W 0x2101C0
0 1 R 0x5161C0
0 1 R 0x81C1C0
0 1 R 0xB221C0
0 1 W 0x202200
0 1 R 0x508200
0 1 R 0x80E200
0 1 R 0xB14200
0 1 W 0x204240
0 1 R 0x50A240
0 1 R 0x810240
0 1 R 0xB16240
0 1 W 0x206280
0 1 R 0x50C280
0 1 R 0x812280
0 1 R 0xB18280
0 1 W 0x2082C0
0 1 R 0x50E2C0
0 1 R 0x8142C0
0 1 R 0xB1A2C0
0 1 W 0x20A300
0 1 R 0x510300
0 1 R 0x816300
0 1 R 0xB1C300
0 1 W 0x20C340
0 1 R 0x512340
0 1 R 0x818340
0 1 R 0xB1E340
0 1 W 0x20E380
0 1 R 0x514380
0 1 R 0x81A380
0 1 R 0xB20380
0 1 W 0x2103C0
0 1 R 0x5163C0
0 1 R 0x81C3C0
0 1 R 0xB223C0
0 1 W 0x202000
0 1 R 0x508000
0 1 R 0x80E000
0 1 R 0xB14000
0 1 W 0x204040
0 1 R 0x50A040
0 1 R 0x810040
0 1 R 0xB16040
0 1 W 0x206080
0 1 R 0x50C080
0 1 R 0x812080
0 1 R 0xB18080
0 1 W 0x2080C0
0 1 R 0x50E0C0
0 1 R 0x8140C0
0 1 R 0xB1A0C0
0 1 W 0x20A100
0 1 R 0x510100
0 1 R 0x816100
0 1 R 0xB1C100
0 1 W 0x20C140
0 1 R 0x512140
0 1 R 0x818140
0 1 R 0xB1E140
0 1 W 0x20E180
0 1 R 0x514180
0 1 R 0x81A180
0 1 R 0xB20180
0 1 W 0x2101C0
0 1 R 0x5161C0
0 1 R 0x81C1C0
0 1 R 0xB221C0
0 1 W 0x202200
0 1 R 0x508200
0 1 R 0x80E200
0 1 R 0xB14200
0 1 W 0x204240
0 1 R 0x50A240
0 1 R 0x810240
0 1 R 0xB16240
0 1 W 0x206280
0 1 R 0x50C280
0 1 R 0x812280
0 1 R 0xB18280
0 1 W 0x2082C0
0 1 R 0x50E2C0
0 1 R 0x8142C0
0 1 R 0xB1A2C0
0 1 W 0x20A300
0 1 R 0x510300
0 1 R 0x816300
0 1 R 0xB1C300
0 1 W 0x20C340
0 1 R 0x512340
0 1 R 0x818340
0 1 R 0xB1E340
0 1 W 0x20E380
0 1 R 0x514380
0 1 R 0x81A380
0 1 R 0xB20380
0 1 W 0x2103C0
0 1 R 0x5163C0
0 1 R 0x81C3C0
0 1 R 0xB223C0
0 1 W 0x202000
0 1 R 0x508000
0 1 R 0x80E000
0 1 R 0xB14000
0 1 W 0x204040
0 1 R 0x50A040
0 1 R 0x810040
0 1 R 0xB16040
0 1 W 0x206080
0 1 R 0x50C080
0 1 R 0x812080
0 1 R 0xB18080
0 1 W 0x2080C0
0 1 R 0x50E0C0
0 1 R 0x8140C0
0 1 R 0xB1A0C0
0 1 W 0x20A100
0 1 R 0x510100
0 1 R 0x816100
0 1 R 0xB1C100
0 1 W 0x20C140
0 1 R 0x512140
0 1 R 0x818140
0 1 R 0xB1E140
0 1 W 0x20E180
0 1 R 0x514180
0 1 R 0x81A180
0 1 R 0xB20180
0 1 W 0x2101C0
0 1 R 0x5161C0
0 1 R 0x81C1C0
0 1 R 0xB221C0
0 1 W 0x202200
0 1 R 0x508200
0 1 R 0x80E200
0 1 R 0xB14200
0 1 W 0x204240
0 1 R 0x50A240
0 1 R 0x810240
0 1 R 0xB16240
0 1 W 0x206280
0 1 R 0x50C280
0 1 R 0x812280
0 1 R 0xB18280
0 1 W 0x2082C0
0 1 R 0x50E2C0
0 1 R 0x8142C0
0 1 R 0xB1A2C0
0 1 W 0x20A300
0 1 R 0x510300
0 1 R 0x816300
0 1 R 0xB1C300
0 1 W 0x20C340
0 1 R 0x512340
0 1 R 0x818340
0 1 R 0xB1E340
0 1 W 0x20E380
0 1 R 0x514380
0 1 R 0x81A380
0 1 R 0xB20380
0 1 W 0x2103C0
0 1 R 0x5163C0
0 1 R 0x81C3C0
0 1 R 0xB223C0
0 1 W 0x202000
0 1 R 0x508000
0 1 R 0x80E000
0 1 R 0xB14000
0 1 W 0x204040
0 1 R 0x50A040
0 1 R 0x810040
0 1 R 0xB16040
0 1 W 0x206080
0 1 R 0x50C080
0 1 R 0x812080
0 1 R 0xB18080
0 1 W 0x2080C0
0 1 R 0x50E0C0
0 1 R 0x8140C0
0 1 R 0xB1A0C0
0 1 W 0x20A100
0 1 R 0x510100
0 1 R 0x816100
0 1 R 0xB1C100
0 1 W 0x20C140
0 1 R 0x512140
0 1 R 0x818140
0 1 R 0xB1E140
0 1 W 0x20E180
0 1 R 0x514180
0 1 R 0x81A180
0 1 R 0xB20180
0 1 W 0x2101C0
0 1 R 0x5161C0
0 1 R 0x81C1C0
0 1 R 0xB221C0
0 1 W 0x202200
0 1 R 0x508200
0 1 R 0x80E200
0 1 R 0xB14200
0 1 W 0x204240
0 1 R 0x50A240
0 1 R 0x810240
0 1 R 0xB16240
0 1 W 0x206280
0 1 R 0x50C280
0 1 R 0x812280
0 1 R 0xB18280
0 1 W 0x2082C0
0 1 R 0x50E2C0
0 1 R 0x8142C0
0 1 R 0xB1A2C0
0 1 W 0x20A300
0 1 R 0x510300
0 1 R 0x816300
0 1 R 0xB1C300
0 1 W 0x20C340
0 1 R 0x512340
0 1 R 0x818340
0 1 R 0xB1E340
0 1 W 0x20E380
0 1 R 0x514380
0 1 R 0x81A380
0 1 R 0xB20380
0 1 W 0x2103C0
0 1 R 0x5163C0
0 1 R 0x81C3C0
0 1 R 0xB223C0
0 1 W 0x202000
0 1 R 0x508000
0 1 R 0x80E000
0 1 R 0xB14000
0 1 W 0x204040
0 1 R 0x50A040
0 1 R 0x810040
0 1 R 0xB16040
0 1 W 0x206080
0 1 R 0x50C080
0 1 R 0x812080
0 1 R 0xB18080
0 1 W 0x2080C0
0 1 R 0x50E0C0
0 1 R 0x8140C0
0 1 R 0xB1A0C0
0 1 W 0x20A100
0 1 R 0x510100
0 1 R 0x816100
0 1 R 0xB1C100
0 1 W 0x20C140
0 1 R 0x512140
0 1 R 0x818140
0 1 R 0xB1E140
0 1 W 0x20E180
0 1 R 0x514180
0 1 R 0x81A180
0 1 R 0xB20180
0 1 W 0x2101C0
0 1 R 0x5161C0
0 1 R 0x81C1C0
0 1 R 0xB221C0
0 1 W 0x202200
0 1 R 0x508200
0 1 R 0x80E200
0 1 R 0xB14200
0 1 W 0x204240
0 1 R 0x50A240
0 1 R 0x810240
0 1 R 0xB16240
0 1 W 0x206280
0 1 R 0x50C280
0 1 R 0x812280
0 1 R 0xB18280
0 1 W 0x2082C0
0 1 R 0x50E2C0
0 1 R 0x8142C0
0 1 R 0xB1A2C0
0 1 W 0x20A300
0 1 R 0x510300
0 1 R 0x816300
0 1 R 0xB1C300
0 1 W 0x20C340
0 1 R 0x512340
0 1 R 0x818340
0 1 R 0xB1E340
0 1 W 0x20E380
0 1 R 0x514380
0 1 R 0x81A380
0 1 R 0xB20380
0 1 W 0x2103C0
0 1 R 0x5163C0
0 1 R 0x81C3C0
0 1 R 0xB223C0
0 2 W 0x304000
0 2 R 0x60A000
0 2 R 0x910000
0 2 R 0xC16000
0 2 W 0x306040
0 2 R 0x60C040
0 2 R 0x912040
0 2 R 0xC18040
0 2 W 0x308080
0 2 R 0x60E080
0 2 R 0x914080
0 2 R 0xC1A080
0 2 W 0x30A0C0
0 2 R 0x6100C0
0 2 R 0x9160C0
0 2 R 0xC1C0C0
0 2 W 0x30C100
0 2 R 0x612100
0 2 R 0x918100
0 2 R 0xC1E100
0 2 W 0x30E140
0 2 R 0x614140
0 2 R 0x91A140
0 2 R 0xC20140
0 2 W 0x310180
0 2 R 0x616180
0 2 R 0x91C180
0 2 R 0xC22180
0 2 W 0x3121C0
0 2 R 0x6181C0
0 2 R 0x91E1C0
0 2 R 0xC241C0
0 2 W 0x304200
0 2 R 0x60A200
0 2 R 0x910200
0 2 R 0xC16200
0 2 W 0x306240
0 2 R 0x60C240
0 2 R 0x912240
0 2 R 0xC18240
0 2 W 0x308280
0 2 R 0x60E280
0 2 R 0x914280
0 2 R 0xC1A280
0 2 W 0x30A2C0
0 2 R 0x6102C0
0 2 R 0x9162C0
0 2 R 0xC1C2C0
0 2 W 0x30C300
0 2 R 0x612300
0 2 R 0x918300
0 2 R 0xC1E300
0 2 W 0x30E340
0 2 R 0x614340
0 2 R 0x91A340
0 2 R 0xC20340
0 2 W 0x310380
0 2 R 0x616380
0 2 R 0x91C380
0 2 R 0xC22380
0 2 W 0x3123C0
0 2 R 0x6183C0
0 2 R 0x91E3C0
0 2 R 0xC243C0
0 2 W 0x304000
0 2 R 0x60A000
0 2 R 0x910000
0 2 R 0xC16000
0 2 W 0x306040
0 2 R 0x60C040
0 2 R 0x912040
0 2 R 0xC18040
0 2 W 0x308080
0 2 R 0x60E080
0 2 R 0x914080
0 2 R 0xC1A080
0 2 W 0x30A0C0
0 2 R 0x6100C0
0 2 R 0x9160C0
0 2 R 0xC1C0C0
0 2 W 0x30C100
0 2 R 0x612100
0 2 R 0x918100
0 2 R 0xC1E100
0 2 W 0x30E140
0 2 R 0x614140
0 2 R 0x91A140
0 2 R 0xC20140
0 2 W 0x310180
0 2 R 0x616180
0 2 R 0x91C180
0 2 R 0xC22180
0 2 W 0x3121C0
0 2 R 0x6181C0
0 2 R 0x91E1C0
0 2 R 0xC241C0
0 2 W 0x304200
0 2 R 0x60A200
0 2 R 0x910200
0 2 R 0xC16200
0 2 W 0x306240
0 2 R 0x60C240
0 2 R 0x912240
0 2 R 0xC18240
0 2 W 0x308280
0 2 R 0x60E280
0 2 R 0x914280
0 2 R 0xC1A280
0 2 W 0x30A2C0
0 2 R 0x6102C0
0 2 R 0x9162C0
0 2 R 0xC1C2C0
0 2 W 0x30C300
0 2 R 0x612300
0 2 R 0x918300
0 2 R 0xC1E300
0 2 W 0x30E340
0 2 R 0x614340
0 2 R 0x91A340
0 2 R 0xC20340
0 2 W 0x310380
0 2 R 0x616380
0 2 R 0x91C380
0 2 R 0xC22380
0 2 W 0x3123C0
0 2 R 0x6183C0
0 2 R 0x91E3C0
0 2 R 0xC243C0
0 2 W 0x304000
0 2 R 0x60A000
0 2 R 0x910000
0 2 R 0xC16000
0 2 W 0x306040
0 2 R 0x60C040
0 2 R 0x912040
0 2 R 0xC18040
0 2 W 0x308080
0 2 R 0x60E080
0 2 R 0x914080
0 2 R 0xC1A080
0 2 W 0x30A0C0
0 2 R 0x6100C0
0 2 R 0x9160C0
0 2 R 0xC1C0C0
0 2 W 0x30C100
0 2 R 0x612100
0 2 R 0x918100
0 2 R 0xC1E100
0 2 W 0x30E140
0 2 R 0x614140
0 2 R 0x91A140
0 2 R 0xC20140
0 2 W 0x310180
0 2 R 0x616180
0 2 R 0x91C180
0 2 R 0xC22180
0 2 W 0x3121C0
0 2 R 0x6181C0
0 2 R 0x91E1C0
0 2 R 0xC241C0
0 2 W 0x304200
0 2 R 0x60A200
0 2 R 0x910200
0 2 R 0xC16200
0 2 W 0x306240
0 2 R 0x60C240
0 2 R 0x912240
0 2 R 0xC18240
0 2 W 0x308280
0 2 R 0x60E280
0 2 R 0x914280
0 2 R 0xC1A280
0 2 W 0x30A2C0
0 2 R 0x6102C0
0 2 R 0x9162C0
0 2 R 0xC1C2C0
0 2 W 0x30C300
0 2 R 0x612300
0 2 R 0x918300
0 2 R 0xC1E300
0 2 W 0x30E340
0 2 R 0x614340
0 2 R 0x91A340
0 2 R 0xC20340
0 2 W 0x310380
0 2 R 0x616380
0 2 R 0x91C380
0 2 R 0xC22380
0 2 W 0x3123C0
0 2 R 0x6183C0
0 2 R 0x91E3C0
0 2 R 0xC243C0
0 2 W 0x304000
0 2 R 0x60A000
0 2 R 0x910000
0 2 R 0xC16000
0 2 W 0x306040
0 2 R 0x60C040
0 2 R 0x912040
0 2 R 0xC18040
0 2 W 0x308080
0 2 R 0x60E080
0 2 R 0x914080
0 2 R 0xC1A080
0 2 W 0x30A0C0
0 2 R 0x6100C0
0 2 R 0x9160C0
0 2 R 0xC1C0C0
0 2 W 0x30C100
0 2 R 0x612100
0 2 R 0x918100
0 2 R 0xC1E100
0 2 W 0x30E140
0 2 R 0x614140
0 2 R 0x91A140
0 2 R 0xC20140
0 2 W 0x310180
0 2 R 0x616180
0 2 R 0x91C180
0 2 R 0xC22180
0 2 W 0x3121C0
0 2 R 0x6181C0
0 2 R 0x91E1C0
0 2 R 0xC241C0
0 2 W 0x304200
0 2 R 0x60A200
0 2 R 0x910200
0 2 R 0xC16200
0 2 W 0x306240
0 2 R 0x60C240
0 2 R 0x912240
0 2 R 0xC18240
0 2 W 0x308280
0 2 R 0x60E280
0 2 R 0x914280
0 2 R 0xC1A280
0 2 W 0x30A2C0
0 2 R 0x6102C0
0 2 R 0x9162C0
0 2 R 0xC1C2C0
0 2 W 0x30C300
0 2 R 0x612300
0 2 R 0x918300
0 2 R 0xC1E300
0 2 W 0x30E340
0 2 R 0x614340
0 2 R 0x91A340
0 2 R 0xC20340
0 2 W 0x310380
0 2 R 0x616380
0 2 R 0x91C380
0 2 R 0xC22380
0 2 W 0x3123C0
0 2 R 0x6183C0
0 2 R 0x91E3C0
0 2 R 0xC243C0
0 2 W 0x304000
0 2 R 0x60A000
0 2 R 0x910000
0 2 R 0xC16000
0 2 W 0x306040
0 2 R 0x60C040
0 2 R 0x912040
0 2 R 0xC18040
0 2 W 0x308080
0 2 R 0x60E080
0 2 R 0x914080
0 2 R 0xC1A080
0 2 W 0x30A0C0
0 2 R 0x6100C0
0 2 R 0x9160C0
0 2 R 0xC1C0C0
0 2 W 0x30C100
0 2 R 0x612100
0 2 R 0x918100
0 2 R 0xC1E100
0 2 W 0x30E140
0 2 R 0x614140
0 2 R 0x91A140
0 2 R 0xC20140
0 2 W 0x310180
0 2 R 0x616180
0 2 R 0x91C180
0 2 R 0xC22180
0 2 W 0x3121C0
0 2 R 0x6181C0
0 2 R 0x91E1C0
0 2 R 0xC241C0
0 2 W 0x304200
0 2 R 0x60A200
0 2 R 0x910200
0 2 R 0xC16200
0 2 W 0x306240
0 2 R 0x60C240
0 2 R 0x912240
0 2 R 0xC18240
0 2 W 0x308280
0 2 R 0x60E280
0 2 R 0x914280
0 2 R 0xC1A280
0 2 W 0x30A2C0
0 2 R 0x6102C0
0 2 R 0x9162C0
0 2 R 0xC1C2C0
0 2 W 0x30C300
0 2 R 0x612300
0 2 R 0x918300
0 2 R 0xC1E300
0 2 W 0x30E340
0 2 R 0x614340
0 2 R 0x91A340
0 2 R 0xC20340
0 2 W 0x310380
0 2 R 0x616380
0 2 R 0x91C380
0 2 R 0xC22380
0 2 W 0x3123C0
0 2 R 0x6183C0
0 2 R 0x91E3C0
0 2 R 0xC243C0
0 2 W 0x304000
0 2 R 0x60A000
0 2 R 0x910000
0 2 R 0xC16000
0 2 W 0x306040
0 2 R 0x60C040
0 2 R 0x912040
0 2 R 0xC18040
0 2 W 0x308080
0 2 R 0x60E080
0 2 R 0x914080
0 2 R 0xC1A080
0 2 W 0x30A0C0
0 2 R 0x6100C0
0 2 R 0x9160C0
0 2 R 0xC1C0C0
0 2 W 0x30C100
0 2 R 0x612100
0 2 R 0x918100
0 2 R 0xC1E100
0 2 W 0x30E140
0 2 R 0x614140
0 2 R 0x91A140
0 2 R 0xC20140
0 2 W 0x310180
0 2 R 0x616180
0 2 R 0x91C180
0 2 R 0xC22180
0 2 W 0x3121C0
0 2 R 0x6181C0
0 2 R 0x91E1C0
0 2 R 0xC241C0
0 2 W 0x304200
0 2 R 0x60A200
0 2 R 0x910200
0 2 R 0xC16200
0 2 W 0x306240
0 2 R 0x60C240
0 2 R 0x912240
0 2 R 0xC18240
0 2 W 0x308280
0 2 R 0x60E280
0 2 R 0x914280
0 2 R 0xC1A280
0 2 W 0x30A2C0
0 2 R 0x6102C0
0 2 R 0x9162C0
0 2 R 0xC1C2C0
0 2 W 0x30C300
0 2 R 0x612300
0 2 R 0x918300
0 2 R 0xC1E300
0 2 W 0x30E340
0 2 R 0x614340
0 2 R 0x91A340
0 2 R 0xC20340
0 2 W 0x310380
0 2 R 0x616380
0 2 R 0x91C380
0 2 R 0xC22380
0 2 W 0x3123C0
0 2 R 0x6183C0
0 2 R 0x91E3C0
0 2 R 0xC243C0
0 2 W 0x304000
0 2 R 0x60A000
0 2 R 0x910000
0 2 R 0xC16000
0 2 W 0x306040
0 2 R 0x60C040
0 2 R 0x912040
0 2 R 0xC18040
0 2 W 0x308080
0 2 R 0x60E080
0 2 R 0x914080
0 2 R 0xC1A080
0 2 W 0x30A0C0
0 2 R 0x6100C0
0 2 R 0x9160C0
0 2 R 0xC1C0C0
0 2 W 0x30C100
0 2 R 0x612100
0 2 R 0x918100
0 2 R 0xC1E100
0 2 W 0x30E140
0 2 R 0x614140
0 2 R 0x91A140
0 2 R 0xC20140
0 2 W 0x310180
0 2 R 0x616180
0 2 R 0x91C180
0 2 R 0xC22180
0 2 W 0x3121C0
0 2 R 0x6181C0
0 2 R 0x91E1C0
0 2 R 0xC241C0
0 2 W 0x304200
0 2 R 0x60A200
0 2 R 0x910200
0 2 R 0xC16200
0 2 W 0x306240
0 2 R 0x60C240
0 2 R 0x912240
0 2 R 0xC18240
0 2 W 0x308280
0 2 R 0x60E280
0 2 R 0x914280
0 2 R 0xC1A280
0 2 W 0x30A2C0
0 2 R 0x6102C0
0 2 R 0x9162C0
0 2 R 0xC1C2C0
0 2 W 0x30C300
0 2 R 0x612300
0 2 R 0x918300
0 2 R 0xC1E300
0 2 W 0x30E340
0 2 R 0x614340
0 2 R 0x91A340
0 2 R 0xC20340
0 2 W 0x310380
0 2 R 0x616380
0 2 R 0x91C380
0 2 R 0xC22380
0 2 W 0x3123C0
0 2 R 0x6183C0
0 2 R 0x91E3C0
0 2 R 0xC243C0
0 2 W 0x304000
0 2 R 0x60A000
0 2 R 0x910000
0 2 R 0xC16000
0 2 W 0x306040
0 2 R 0x60C040
0 2 R 0x912040
0 2 R 0xC18040
0 2 W 0x308080
0 2 R 0x60E080
0 2 R 0x914080
0 2 R 0xC1A080
0 2 W 0x30A0C0
0 2 R 0x6100C0
0 2 R 0x9160C0
0 2 R 0xC1C0C0
0 2 W 0x30C100
0 2 R 0x612100
0 2 R 0x918100
0 2 R 0xC1E100
0 2 W 0x30E140
0 2 R 0x614140
0 2 R 0x91A140
0 2 R 0xC20140
0 2 W 0x310180
0 2 R 0x616180
0 2 R 0x91C180
0 2 R 0xC22180
0 2 W 0x3121C0
0 2 R 0x6181C0
0 2 R 0x91E1C0
0 2 R 0xC241C0
0 2 W 0x304200
0 2 R 0x60A200
0 2 R 0x910200
0 2 R 0xC16200
0 2 W 0x306240
0 2 R 0x60C240
0 2 R 0x912240
0 2 R 0xC18240
0 2 W 0x308280
0 2 R 0x60E280
0 2 R 0x914280
0 2 R 0xC1A280
0 2 W 0x30A2C0
0 2 R 0x6102C0
0 2 R 0x9162C0
0 2 R 0xC1C2C0
0 2 W 0x30C300
0 2 R 0x612300
0 2 R 0x918300
0 2 R 0xC1E300
0 2 W 0x30E340
0 2 R 0x614340
0 2 R 0x91A340
0 2 R 0xC20340
0 2 W 0x310380
0 2 R 0x616380
0 2 R 0x91C380
0 2 R 0xC22380
0 2 W 0x3123C0
0 2 R 0x6183C0
0 2 R 0x91E3C0
0 2 R 0xC243C0
0 3 W 0x406000
0 3 R 0x70C000
0 3 R 0xA12000
0 3 R 0xD18000
0 3 W 0x408040
0 3 R 0x70E040
0 3 R 0xA14040
0 3 R 0xD1A040
0 3 W 0x40A080
0 3 R 0x710080
0 3 R 0xA16080
0 3 R 0xD1C080
0 3 W 0x40C0C0
0 3 R 0x7120C0
0 3 R 0xA180C0
0 3 R 0xD1E0C0
0 3 W 0x40E100
0 3 R 0x714100
0 3 R 0xA1A100
0 3 R 0xD20100
0 3 W 0x410140
0 3 R 0x716140
0 3 R 0xA1C140
0 3 R 0xD22140
0 3 W 0x412180
0 3 R 0x718180
0 3 R 0xA1E180
0 3 R 0xD24180
0 3 W 0x4141C0
0 3 R 0x71A1C0
0 3 R 0xA201C0
0 3 R 0xD261C0
0 3 W 0x406200
0 3 R 0x70C200
0 3 R 0xA12200
0 3 R 0xD18200
0 3 W 0x408240
0 3 R 0x70E240
0 3 R 0xA14240
0 3 R 0xD1A240
0 3 W 0x40A280
0 3 R 0x710280
0 3 R 0xA16280
0 3 R 0xD1C280
0 3 W 0x40C2C0
0 3 R 0x7122C0
0 3 R 0xA182C0
0 3 R 0xD1E2C0
0 3 W 0x40E300
0 3 R 0x714300
0 3 R 0xA1A300
0 3 R 0xD20300
0 3 W 0x410340
0 3 R 0x716340
0 3 R 0xA1C340
0 3 R 0xD22340
0 3 W 0x412380
0 3 R 0x718380
0 3 R 0xA1E380
0 3 R 0xD24380
0 3 W 0x4143C0
0 3 R 0x71A3C0
0 3 R 0xA203C0
0 3 R 0xD263C0
0 3 W 0x406000
0 3 R 0x70C000
0 3 R 0xA12000
0 3 R 0xD18000
0 3 W 0x408040
0 3 R 0x70E040
0 3 R 0xA14040
0 3 R 0xD1A040
0 3 W 0x40A080
0 3 R 0x710080
0 3 R 0xA16080
0 3 R 0xD1C080
0 3 W 0x40C0C0
0 3 R 0x7120C0
0 3 R 0xA180C0
0 3 R 0xD1E0C0
0 3 W 0x40E100
0 3 R 0x714100
0 3 R 0xA1A100
0 3 R 0xD20100
0 3 W 0x410140
0 3 R 0x716140
0 3 R 0xA1C140
0 3 R 0xD22140
0 3 W 0x412180
0 3 R 0x718180
0 3 R 0xA1E180
0 3 R 0xD24180
0 3 W 0x4141C0
0 3 R 0x71A1C0
0 3 R 0xA201C0
0 3 R 0xD261C0
0 3 W 0x406200
0 3 R 0x70C200
0 3 R 0xA12200
0 3 R 0xD18200
0 3 W 0x408240
0 3 R 0x70E240
0 3 R 0xA14240
0 3 R 0xD1A240
0 3 W 0x40A280
0 3 R 0x710280
0 3 R 0xA16280
0 3 R 0xD1C280
0 3 W 0x40C2C0
0 3 R 0x7122C0
0 3 R 0xA182C0
0 3 R 0xD1E2C0
0 3 W 0x40E300
0 3 R 0x714300
0 3 R 0xA1A300
0 3 R 0xD20300
0 3 W 0x410340
0 3 R 0x716340
0 3 R 0xA1C340
0 3 R 0xD22340
0 3 W 0x412380
0 3 R 0x718380
0 3 R 0xA1E380
0 3 R 0xD24380
0 3 W 0x4143C0
0 3 R 0x71A3C0
0 3 R 0xA203C0
0 3 R 0xD263C0
0 3 W 0x406000
0 3 R 0x70C000
0 3 R 0xA12000
0 3 R 0xD18000
0 3 W 0x408040
0 3 R 0x70E040
0 3 R 0xA14040
0 3 R 0xD1A040
0 3 W 0x40A080
0 3 R 0x710080
0 3 R 0xA16080
0 3 R 0xD1C080
0 3 W 0x40C0C0
0 3 R 0x7120C0
0 3 R 0xA180C0
0 3 R 0xD1E0C0
0 3 W 0x40E100
0 3 R 0x714100
0 3 R 0xA1A100
0 3 R 0xD20100
0 3 W 0x410140
0 3 R 0x716140
0 3 R 0xA1C140
0 3 R 0xD22140
0 3 W 0x412180
0 3 R 0x718180
0 3 R 0xA1E180
0 3 R 0xD24180
0 3 W 0x4141C0
0 3 R 0x71A1C0
0 3 R 0xA201C0
0 3 R 0xD261C0
0 3 W 0x406200
0 3 R 0x70C200
0 3 R 0xA12200
0 3 R 0xD18200
0 3 W 0x408240
0 3 R 0x70E240
0 3 R 0xA14240
0 3 R 0xD1A240
0 3 W 0x40A280
0 3 R 0x710280
0 3 R 0xA16280
0 3 R 0xD1C280
0 3 W 0x40C2C0
0 3 R 0x7122C0
0 3 R 0xA182C0
0 3 R 0xD1E2C0
0 3 W 0x40E300
0 3 R 0x714300
0 3 R 0xA1A300
0 3 R 0xD20300
0 3 W 0x410340
0 3 R 0x716340
0 3 R 0xA1C340
0 3 R 0xD22340
0 3 W 0x412380
0 3 R 0x718380
0 3 R 0xA1E380
0 3 R 0xD24380
0 3 W 0x4143C0
0 3 R 0x71A3C0
0 3 R 0xA203C0
0 3 R 0xD263C0
0 3 W 0x406000
0 3 R 0x70C000
0 3 R 0xA12000
0 3 R 0xD18000
0 3 W 0x408040
0 3 R 0x70E040
0 3 R 0xA14040
0 3 R 0xD1A040
0 3 W 0x40A080
0 3 R 0x710080
0 3 R 0xA16080
0 3 R 0xD1C080
0 3 W 0x40C0C0
0 3 R 0x7120C0
0 3 R 0xA180C0
0 3 R 0xD1E0C0
0 3 W 0x40E100
0 3 R 0x714100
0 3 R 0xA1A100
0 3 R 0xD20100
0 3 W 0x410140
0 3 R 0x716140
0 3 R 0xA1C140
0 3 R 0xD22140
0 3 W 0x412180
0 3 R 0x718180
0 3 R 0xA1E180
0 3 R 0xD24180
0 3 W 0x4141C0
0 3 R 0x71A1C0
0 3 R 0xA201C0
0 3 R 0xD261C0
0 3 W 0x406200
0 3 R 0x70C200
0 3 R 0xA12200
0 3 R 0xD18200
0 3 W 0x408240
0 3 R 0x70E240
0 3 R 0xA14240
0 3 R 0xD1A240
0 3 W 0x40A280
0 3 R 0x710280
0 3 R 0xA16280
0 3 R 0xD1C280
0 3 W 0x40C2C0
0 3 R 0x7122C0
0 3 R 0xA182C0
0 3 R 0xD1E2C0
0 3 W 0x40E300
0 3 R 0x714300
0 3 R 0xA1A300
0 3 R 0xD20300
0 3 W 0x410340
0 3 R 0x716340
0 3 R 0xA1C340
0 3 R 0xD22340
0 3 W 0x412380
0 3 R 0x718380
0 3 R 0xA1E380
0 3 R 0xD24380
0 3 W 0x4143C0
0 3 R 0x71A3C0
0 3 R 0xA203C0
0 3 R 0xD263C0
0 3 W 0x406000
0 3 R 0x70C000
0 3 R 0xA12000
0 3 R 0xD18000
0 3 W 0x408040
0 3 R 0x70E040
0 3 R 0xA14040
0 3 R 0xD1A040
0 3 W 0x40A080
0 3 R 0x710080
0 3 R 0xA16080
0 3 R 0xD1C080
0 3 W 0x40C0C0
0 3 R 0x7120C0
0 3 R 0xA180C0
0 3 R 0xD1E0C0
0 3 W 0x40E100
0 3 R 0x714100
0 3 R 0xA1A100
0 3 R 0xD20100
0 3 W 0x410140
0 3 R 0x716140
0 3 R 0xA1C140
0 3 R 0xD22140
0 3 W 0x412180
0 3 R 0x718180
0 3 R 0xA1E180
0 3 R 0xD24180
0 3 W 0x4141C0
0 3 R 0x71A1C0
0 3 R 0xA201C0
0 3 R 0xD261C0
0 3 W 0x406200
0 3 R 0x70C200
0 3 R 0xA12200
0 3 R 0xD18200
0 3 W 0x408240
0 3 R 0x70E240
0 3 R 0xA14240
0 3 R 0xD1A240
0 3 W 0x40A280
0 3 R 0x710280
0 3 R 0xA16280
0 3 R 0xD1C280
0 3 W 0x40C2C0
0 3 R 0x7122C0
0 3 R 0xA182C0
0 3 R 0xD1E2C0
0 3 W 0x40E300
0 3 R 0x714300
0 3 R 0xA1A300
0 3 R 0xD20300
0 3 W 0x410340
0 3 R 0x716340
0 3 R 0xA1C340
0 3 R 0xD22340
0 3 W 0x412380
0 3 R 0x718380
0 3 R 0xA1E380
0 3 R 0xD24380
0 3 W 0x4143C0
0 3 R 0x71A3C0
0 3 R 0xA203C0
0 3 R 0xD263C0
0 3 W 0x406000
0 3 R 0x70C000
0 3 R 0xA12000
0 3 R 0xD18000
0 3 W 0x408040
0 3 R 0x70E040
0 3 R 0xA14040
0 3 R 0xD1A040
0 3 W 0x40A080
0 3 R 0x710080
0 3 R 0xA16080
0 3 R 0xD1C080
0 3 W 0x40C0C0
0 3 R 0x7120C0
0 3 R 0xA180C0
0 3 R 0xD1E0C0
0 3 W 0x40E100
0 3 R 0x714100
0 3 R 0xA1A100
0 3 R 0xD20100
0 3 W 0x410140
0 3 R 0x716140
0 3 R 0xA1C140
0 3 R 0xD22140
0 3 W 0x412180
0 3 R 0x718180
0 3 R 0xA1E180
0 3 R 0xD24180
0 3 W 0x4141C0
0 3 R 0x71A1C0
0 3 R 0xA201C0
0 3 R 0xD261C0
0 3 W 0x406200
0 3 R 0x70C200
0 3 R 0xA12200
0 3 R 0xD18200
0 3 W 0x408240
0 3 R 0x70E240
0 3 R 0xA14240
0 3 R 0xD1A240
0 3 W 0x40A280
0 3 R 0x710280
0 3 R 0xA16280
0 3 R 0xD1C280
0 3 W 0x40C2C0
0 3 R 0x7122C0
0 3 R 0xA182C0
0 3 R 0xD1E2C0
0 3 W 0x40E300
0 3 R 0x714300
0 3 R 0xA1A300
0 3 R 0xD20300
0 3 W 0x410340
0 3 R 0x716340
0 3 R 0xA1C340
0 3 R 0xD22340
0 3 W 0x412380
0 3 R 0x718380
0 3 R 0xA1E380
0 3 R 0xD24380
0 3 W 0x4143C0
0 3 R 0x71A3C0
0 3 R 0xA203C0
0 3 R 0xD263C0
0 3 W 0x406000
0 3 R 0x70C000
0 3 R 0xA12000
0 3 R 0xD18000
0 3 W 0x408040
0 3 R 0x70E040
0 3 R 0xA14040
0 3 R 0xD1A040
0 3 W 0x40A080
0 3 R 0x710080
0 3 R 0xA16080
0 3 R 0xD1C080
0 3 W 0x40C0C0
0 3 R 0x7120C0
0 3 R 0xA180C0
0 3 R 0xD1E0C0
0 3 W 0x40E100
0 3 R 0x714100
0 3 R 0xA1A100
0 3 R 0xD20100
0 3 W 0x410140
0 3 R 0x716140
0 3 R 0xA1C140
0 3 R 0xD22140
0 3 W 0x412180
0 3 R 0x718180
0 3 R 0xA1E180
0 3 R 0xD24180
0 3 W 0x4141C0
0 3 R 0x71A1C0
0 3 R 0xA201C0
0 3 R 0xD261C0
0 3 W 0x406200
0 3 R 0x70C200
0 3 R 0xA12200
0 3 R 0xD18200
0 3 W 0x408240
0 3 R 0x70E240
0 3 R 0xA14240
0 3 R 0xD1A240
0 3 W 0x40A280
0 3 R 0x710280
0 3 R 0xA16280
0 3 R 0xD1C280
0 3 W 0x40C2C0
0 3 R 0x7122C0
0 3 R 0xA182C0
0 3 R 0xD1E2C0
0 3 W 0x40E300
0 3 R 0x714300
0 3 R 0xA1A300
0 3 R 0xD20300
0 3 W 0x410340
0 3 R 0x716340
0 3 R 0xA1C340
0 3 R 0xD22340
0 3 W 0x412380
0 3 R 0x718380
0 3 R 0xA1E380
0 3 R 0xD24380
0 3 W 0x4143C0
0 3 R 0x71A3C0
0 3 R 0xA203C0
0 3 R 0xD263C0
0 3 W 0x406000
0 3 R 0x70C000
0 3 R 0xA12000
0 3 R 0xD18000
0 3 W 0x408040
0 3 R 0x70E040
0 3 R 0xA14040
0 3 R 0xD1A040
0 3 W 0x40A080
0 3 R 0x710080
0 3 R 0xA16080
0 3 R 0xD1C080
0 3 W 0x40C0C0
0 3 R 0x7120C0
0 3 R 0xA180C0
0 3 R 0xD1E0C0
0 3 W 0x40E100
0 3 R 0x714100
0 3 R 0xA1A100
0 3 R 0xD20100
0 3 W 0x410140
0 3 R 0x716140
0 3 R 0xA1C140
0 3 R 0xD22140
0 3 W 0x412180
0 3 R 0x718180
0 3 R 0xA1E180
0 3 R 0xD24180
0 3 W 0x4141C0
0 3 R 0x71A1C0
0 3 R 0xA201C0
0 3 R 0xD261C0
0 3 W 0x406200
0 3 R 0x70C200
0 3 R 0xA12200
0 3 R 0xD18200
0 3 W 0x408240
0 3 R 0x70E240
0 3 R 0xA14240
0 3 R 0xD1A240
0 3 W 0x40A280
0 3 R 0x710280
0 3 R 0xA16280
0 3 R 0xD1C280
0 3 W 0x40C2C0
0 3 R 0x7122C0
0 3 R 0xA182C0
0 3 R 0xD1E2C0
0 3 W 0x40E300
0 3 R 0x714300
0 3 R 0xA1A300
0 3 R 0xD20300
0 3 W 0x410340
0 3 R 0x716340
0 3 R 0xA1C340
0 3 R 0xD22340
0 3 W 0x412380
0 3 R 0x718380
0 3 R 0xA1E380
0 3 R 0xD24380
0 3 W 0x4143C0
0 3 R 0x71A3C0
0 3 R 0xA203C0
0 3 R 0xD263C0
0 4 W 0x508000
0 4 R 0x80E000
0 4 R 0xB14000
0 4 R 0xE1A000
0 4 W 0x50A040
0 4 R 0x810040
0 4 R 0xB16040
0 4 R 0xE1C040
0 4 W 0x50C080
0 4 R 0x812080
0 4 R 0xB18080
0 4 R 0xE1E080
0 4 W 0x50E0C0
0 4 R 0x8140C0
0 4 R 0xB1A0C0
0 4 R 0xE200C0
0 4 W 0x510100
0 4 R 0x816100
0 4 R 0xB1C100
0 4 R 0xE22100
0 4 W 0x512140
0 4 R 0x818140
0 4 R 0xB1E140
0 4 R 0xE24140
0 4 W 0x514180
0 4 R 0x81A180
0 4 R 0xB20180
0 4 R 0xE26180
0 4 W 0x5161C0
0 4 R 0x81C1C0
0 4 R 0xB221C0
0 4 R 0xE281C0
0 4 W 0x508200
0 4 R 0x80E200
0 4 R 0xB14200
0 4 R 0xE1A200
0 4 W 0x50A240
0 4 R 0x810240
0 4 R 0xB16240
0 4 R 0xE1C240
0 4 W 0x50C280
0 4 R 0x812280
0 4 R 0xB18280
0 4 R 0xE1E280
0 4 W 0x50E2C0
0 4 R 0x8142C0
0 4 R 0xB1A2C0
0 4 R 0xE202C0
0 4 W 0x510300
0 4 R 0x816300
0 4 R 0xB1C300
0 4 R 0xE22300
0 4 W 0x512340
0 4 R 0x818340
0 4 R 0xB1E340
0 4 R 0xE24340
0 4 W 0x514380
0 4 R 0x81A380
0 4 R 0xB20380
0 4 R 0xE26380
0 4 W 0x5163C0
0 4 R 0x81C3C0
0 4 R 0xB223C0
0 4 R 0xE283C0
0 4 W 0x508000
0 4 R 0x80E000
0 4 R 0xB14000
0 4 R 0xE1A000
0 4 W 0x50A040
0 4 R 0x810040
0 4 R 0xB16040
0 4 R 0xE1C040
0 4 W 0x50C080
0 4 R 0x812080
0 4 R 0xB18080
0 4 R 0xE1E080
0 4 W 0x50E0C0
0 4 R 0x8140C0
0 4 R 0xB1A0C0
0 4 R 0xE200C0
0 4 W 0x510100
0 4 R 0x816100
0 4 R 0xB1C100
0 4 R 0xE22100
0 4 W 0x512140
0 4 R 0x818140
0 4 R 0xB1E140
0 4 R 0xE24140
0 4 W 0x514180
0 4 R 0x81A180
0 4 R 0xB20180
0 4 R 0xE26180
0 4 W 0x5161C0
0 4 R 0x81C1C0
0 4 R 0xB221C0
0 4 R 0xE281C0
0 4 W 0x508200
0 4 R 0x80E200
0 4 R 0xB14200
0 4 R 0xE1A200
0 4 W 0x50A240
0 4 R 0x810240
0 4 R 0xB16240
0 4 R 0xE1C240
0 4 W 0x50C280
0 4 R 0x812280
0 4 R 0xB18280
0 4 R 0xE1E280
0 4 W 0x50E2C0
0 4 R 0x8142C0
0 4 R 0xB1A2C0
0 4 R 0xE202C0
0 4 W 0x510300
0 4 R 0x816300
0 4 R 0xB1C300
0 4 R 0xE22300
0 4 W 0x512340
0 4 R 0x818340
0 4 R 0xB1E340
0 4 R 0xE24340
0 4 W 0x514380
0 4 R 0x81A380
0 4 R 0xB20380
0 4 R 0xE26380
0 4 W 0x5163C0
0 4 R 0x81C3C0
0 4 R 0xB223C0
0 4 R 0xE283C0
0 4 W 0x508000
0 4 R 0x80E000
0 4 R 0xB14000
0 4 R 0xE1A000
0 4 W 0x50A040
0 4 R 0x810040
0 4 R 0xB16040
0 4 R 0xE1C040
0 4 W 0x50C080
0 4 R 0x812080
0 4 R 0xB18080
0 4 R 0xE1E080
0 4 W 0x50E0C0
0 4 R 0x8140C0
0 4 R 0xB1A0C0
0 4 R 0xE200C0
0 4 W 0x510100
0 4 R 0x816100
0 4 R 0xB1C100
0 4 R 0xE22100
0 4 W 0x512140
0 4 R 0x818140
0 4 R 0xB1E140
0 4 R 0xE24140
0 4 W 0x514180
0 4 R 0x81A180
0 4 R 0xB20180
0 4 R 0xE26180
0 4 W 0x5161C0
0 4 R 0x81C1C0
0 4 R 0xB221C0
0 4 R 0xE281C0
0 4 W 0x508200
0 4 R 0x80E200
0 4 R 0xB14200
0 4 R 0xE1A200
0 4 W 0x50A240
0 4 R 0x810240
0 4 R 0xB16240
0 4 R 0xE1C240
0 4 W 0x50C280
0 4 R 0x812280
0 4 R 0xB18280
0 4 R 0xE1E280
0 4 W 0x50E2C0
0 4 R 0x8142C0
0 4 R 0xB1A2C0
0 4 R 0xE202C0
0 4 W 0x510300
0 4 R 0x816300
0 4 R 0xB1C300
0 4 R 0xE22300
0 4 W 0x512340
0 4 R 0x818340
0 4 R 0xB1E340
0 4 R 0xE24340
0 4 W 0x514380
0 4 R 0x81A380
0 4 R 0xB20380
0 4 R 0xE26380
0 4 W 0x5163C0
0 4 R 0x81C3C0
0 4 R 0xB223C0
0 4 R 0xE283C0
0 4 W 0x508000
0 4 R 0x80E000
0 4 R 0xB14000
0 4 R 0xE1A000
0 4 W 0x50A040
0 4 R 0x810040
0 4 R 0xB16040
0 4 R 0xE1C040
0 4 W 0x50C080
0 4 R 0x812080
0 4 R 0xB18080
0 4 R 0xE1E080
0 4 W 0x50E0C0
0 4 R 0x8140C0
0 4 R 0xB1A0C0
0 4 R 0xE200C0
0 4 W 0x510100
0 4 R 0x816100
0 4 R 0xB1C100
0 4 R 0xE22100
0 4 W 0x512140
0 4 R 0x818140
0 4 R 0xB1E140
0 4 R 0xE24140
0 4 W 0x514180
0 4 R 0x81A180
0 4 R 0xB20180
0 4 R 0xE26180
0 4 W 0x5161C0
0 4 R 0x81C1C0
0 4 R 0xB221C0
0 4 R 0xE281C0
0 4 W 0x508200
0 4 R 0x80E200
0 4 R 0xB14200
0 4 R 0xE1A200
0 4 W 0x50A240
0 4 R 0x810240
0 4 R 0xB16240
0 4 R 0xE1C240
0 4 W 0x50C280
0 4 R 0x812280
0 4 R 0xB18280
0 4 R 0xE1E280
0 4 W 0x50E2C0
0 4 R 0x8142C0
0 4 R 0xB1A2C0
0 4 R 0xE202C0
0 4 W 0x510300
0 4 R 0x816300
0 4 R 0xB1C300
0 4 R 0xE22300
0 4 W 0x512340
0 4 R 0x818340
0 4 R 0xB1E340
0 4 R 0xE24340
0 4 W 0x514380
0 4 R 0x81A380
0 4 R 0xB20380
0 4 R 0xE26380
0 4 W 0x5163C0
0 4 R 0x81C3C0
0 4 R 0xB223C0
0 4 R 0xE283C0
0 4 W 0x508000
0 4 R 0x80E000
0 4 R 0xB14000
0 4 R 0xE1A000
0 4 W 0x50A040
0 4 R 0x810040
0 4 R 0xB16040
0 4 R 0xE1C040
0 4 W 0x50C080
0 4 R 0x812080
0 4 R 0xB18080
0 4 R 0xE1E080
0 4 W 0x50E0C0
0 4 R 0x8140C0
0 4 R 0xB1A0C0
0 4 R 0xE200C0
0 4 W 0x510100
0 4 R 0x816100
0 4 R 0xB1C100
0 4 R 0xE22100
0 4 W 0x512140
0 4 R 0x818140
0 4 R 0xB1E140
0 4 R 0xE24140
0 4 W 0x514180
0 4 R 0x81A180
0 4 R 0xB20180
0 4 R 0xE26180
0 4 W 0x5161C0
0 4 R 0x81C1C0
0 4 R 0xB221C0
0 4 R 0xE281C0
0 4 W 0x508200
0 4 R 0x80E200
0 4 R 0xB14200
0 4 R 0xE1A200
0 4 W 0x50A240
0 4 R 0x810240
0 4 R 0xB16240
0 4 R 0xE1C240
0 4 W 0x50C280
0 4 R 0x812280
0 4 R 0xB18280
0 4 R 0xE1E280
0 4 W 0x50E2C0
0 4 R 0x8142C0
0 4 R 0xB1A2C0
0 4 R 0xE202C0
0 4 W 0x510300
0 4 R 0x816300
0 4 R 0xB1C300
0 4 R 0xE22300
0 4 W 0x512340
0 4 R 0x818340
0 4 R 0xB1E340
0 4 R 0xE24340
0 4 W 0x514380
0 4 R 0x81A380
0 4 R 0xB20380
0 4 R 0xE26380
0 4 W 0x5163C0
0 4 R 0x81C3C0
0 4 R 0xB223C0
0 4 R 0xE283C0
0 4 W 0x508000
0 4 R 0x80E000
0 4 R 0xB14000
0 4 R 0xE1A000
0 4 W 0x50A040
0 4 R 0x810040
0 4 R 0xB16040
0 4 R 0xE1C040
0 4 W 0x50C080
0 4 R 0x812080
0 4 R 0xB18080
0 4 R 0xE1E080
0 4 W 0x50E0C0
0 4 R 0x8140C0
0 4 R 0xB1A0C0
0 4 R 0xE200C0
0 4 W 0x510100
0 4 R 0x816100
0 4 R 0xB1C100
0 4 R 0xE22100
0 4 W 0x512140
0 4 R 0x818140
0 4 R 0xB1E140
0 4 R 0xE24140
0 4 W 0x514180
0 4 R 0x81A180
0 4 R 0xB20180
0 4 R 0xE26180
0 4 W 0x5161C0
0 4 R 0x81C1C0
0 4 R 0xB221C0
0 4 R 0xE281C0
0 4 W 0x508200
0 4 R 0x80E200
0 4 R 0xB14200
0 4 R 0xE1A200
0 4 W 0x50A240
0 4 R 0x810240
0 4 R 0xB16240
0 4 R 0xE1C240
0 4 W 0x50C280
0 4 R 0x812280
0 4 R 0xB18280
0 4 R 0xE1E280
0 4 W 0x50E2C0
0 4 R 0x8142C0
0 4 R 0xB1A2C0
0 4 R 0xE202C0
0 4 W 0x510300
0 4 R 0x816300
0 4 R 0xB1C300
0 4 R 0xE22300
0 4 W 0x512340
0 4 R 0x818340
0 4 R 0xB1E340
0 4 R 0xE24340
0 4 W 0x514380
0 4 R 0x81A380
0 4 R 0xB20380
0 4 R 0xE26380
0 4 W 0x5163C0
0 4 R 0x81C3C0
0 4 R 0xB223C0
0 4 R 0xE283C0
0 4 W 0x508000
0 4 R 0x80E000
0 4 R 0xB14000
0 4 R 0xE1A000
0 4 W 0x50A040
0 4 R 0x810040
0 4 R 0xB16040
0 4 R 0xE1C040
0 4 W 0x50C080
0 4 R 0x812080
0 4 R 0xB18080
0 4 R 0xE1E080
0 4 W 0x50E0C0
0 4 R 0x8140C0
0 4 R 0xB1A0C0
0 4 R 0xE200C0
0 4 W 0x510100
0 4 R 0x816100
0 4 R 0xB1C100
0 4 R 0xE22100
0 4 W 0x512140
0 4 R 0x818140
0 4 R 0xB1E140
0 4 R 0xE24140
0 4 W 0x514180
0 4 R 0x81A180
0 4 R 0xB20180
0 4 R 0xE26180
0 4 W 0x5161C0
0 4 R 0x81C1C0
0 4 R 0xB221C0
0 4 R 0xE281C0
0 4 W 0x508200
0 4 R 0x80E200
0 4 R 0xB14200
0 4 R 0xE1A200
0 4 W 0x50A240
0 4 R 0x810240
0 4 R 0xB16240
0 4 R 0xE1C240
0 4 W 0x50C280
0 4 R 0x812280
0 4 R 0xB18280
0 4 R 0xE1E280
0 4 W 0x50E2C0
0 4 R 0x8142C0
0 4 R 0xB1A2C0
0 4 R 0xE202C0
0 4 W 0x510300
0 4 R 0x816300
0 4 R 0xB1C300
0 4 R 0xE22300
0 4 W 0x512340
0 4 R 0x818340
0 4 R 0xB1E340
0 4 R 0xE24340
0 4 W 0x514380
0 4 R 0x81A380
0 4 R 0xB20380
0 4 R 0xE26380
0 4 W 0x5163C0
0 4 R 0x81C3C0
0 4 R 0xB223C0
0 4 R 0xE283C0
0 4 W 0x508000
0 4 R 0x80E000
0 4 R 0xB14000
0 4 R 0xE1A000
0 4 W 0x50A040
0 4 R 0x810040
0 4 R 0xB16040
0 4 R 0xE1C040
0 4 W 0x50C080
0 4 R 0x812080
0 4 R 0xB18080
0 4 R 0xE1E080
0 4 W 0x50E0C0
0 4 R 0x8140C0
0 4 R 0xB1A0C0
0 4 R 0xE200C0
0 4 W 0x510100
0 4 R 0x816100
0 4 R 0xB1C100
0 4 R 0xE22100
0 4 W 0x512140
0 4 R 0x818140
0 4 R 0xB1E140
0 4 R 0xE24140
0 4 W 0x514180
0 4 R 0x81A180
0 4 R 0xB20180
0 4 R 0xE26180
0 4 W 0x5161C0
0 4 R 0x81C1C0
0 4 R 0xB221C0
0 4 R 0xE281C0
0 4 W 0x508200
0 4 R 0x80E200
0 4 R 0xB14200
0 4 R 0xE1A200
0 4 W 0x50A240
0 4 R 0x810240
0 4 R 0xB16240
0 4 R 0xE1C240
0 4 W 0x50C280
0 4 R 0x812280
0 4 R 0xB18280
0 4 R 0xE1E280
0 4 W 0x50E2C0
0 4 R 0x8142C0
0 4 R 0xB1A2C0
0 4 R 0xE202C0
0 4 W 0x510300
0 4 R 0x816300
0 4 R 0xB1C300
0 4 R 0xE22300
0 4 W 0x512340
0 4 R 0x818340
0 4 R 0xB1E340
0 4 R 0xE24340
0 4 W 0x514380
0 4 R 0x81A380
0 4 R 0xB20380
0 4 R 0xE26380
0 4 W 0x5163C0
0 4 R 0x81C3C0
0 4 R 0xB223C0
0 4 R 0xE283C0
0 5 W 0x60A000
0 5 R 0x910000
0 5 R 0xC16000
0 5 R 0xF1C000
0 5 W 0x60C040
0 5 R 0x912040
0 5 R 0xC18040
0 5 R 0xF1E040
0 5 W 0x60E080
0 5 R 0x914080
0 5 R 0xC1A080
0 5 R 0xF20080
0 5 W 0x6100C0
0 5 R 0x9160C0
0 5 R 0xC1C0C0
0 5 R 0xF220C0
0 5 W 0x612100
0 5 R 0x918100
0 5 R 0xC1E100
0 5 R 0xF24100
0 5 W 0x614140
0 5 R 0x91A140
0 5 R 0xC20140
0 5 R 0xF26140
0 5 W 0x616180
0 5 R 0x91C180
0 5 R 0xC22180
0 5 R 0xF28180
0 5 W 0x6181C0
0 5 R 0x91E1C0
0 5 R 0xC241C0
0 5 R 0xF2A1C0
0 5 W 0x60A200
0 5 R 0x910200
0 5 R 0xC16200
0 5 R 0xF1C200
0 5 W 0x60C240
0 5 R 0x912240
0 5 R 0xC18240
0 5 R 0xF1E240
0 5 W 0x60E280
0 5 R 0x914280
0 5 R 0xC1A280
0 5 R 0xF20280
0 5 W 0x6102C0
0 5 R 0x9162C0
0 5 R 0xC1C2C0
0 5 R 0xF222C0
0 5 W 0x612300
0 5 R 0x918300
0 5 R 0xC1E300
0 5 R 0xF24300
0 5 W 0x614340
0 5 R 0x91A340
0 5 R 0xC20340
0 5 R 0xF26340
0 5 W 0x616380
0 5 R 0x91C380
0 5 R 0xC22380
0 5 R 0xF28380
0 5 W 0x6183C0
0 5 R 0x91E3C0
0 5 R 0xC243C0
0 5 R 0xF2A3C0
0 5 W 0x60A000
0 5 R 0x910000
0 5 R 0xC16000
0 5 R 0xF1C000
0 5 W 0x60C040
0 5 R 0x912040
0 5 R 0xC18040
0 5 R 0xF1E040
0 5 W 0x60E080
0 5 R 0x914080
0 5 R 0xC1A080
0 5 R 0xF20080
0 5 W 0x6100C0
0 5 R 0x9160C0
0 5 R 0xC1C0C0
0 5 R 0xF220C0
0 5 W 0x612100
0 5 R 0x918100
0 5 R 0xC1E100
0 5 R 0xF24100
0 5 W 0x614140
0 5 R 0x91A140
0 5 R 0xC20140
0 5 R 0xF26140
0 5 W 0x616180
0 5 R 0x91C180
0 5 R 0xC22180
0 5 R 0xF28180
0 5 W 0x6181C0
0 5 R 0x91E1C0
0 5 R 0xC241C0
0 5 R 0xF2A1C0
0 5 W 0x60A200
0 5 R 0x910200
0 5 R 0xC16200
0 5 R 0xF1C200
0 5 W 0x60C240
0 5 R 0x912240
0 5 R 0xC18240
0 5 R 0xF1E240
0 5 W 0x60E280
0 5 R 0x914280
0 5 R 0xC1A280
0 5 R 0xF20280
0 5 W 0x6102C0
0 5 R 0x9162C0
0 5 R 0xC1C2C0
0 5 R 0xF222C0
0 5 W 0x612300
0 5 R 0x918300
0 5 R 0xC1E300
0 5 R 0xF24300
0 5 W 0x614340
0 5 R 0x91A340
0 5 R 0xC20340
0 5 R 0xF26340
0 5 W 0x616380
0 5 R 0x91C380
0 5 R 0xC22380
0 5 R 0xF28380
0 5 W 0x6183C0
0 5 R 0x91E3C0
0 5 R 0xC243C0
0 5 R 0xF2A3C0
0 5 W 0x60A000
0 5 R 0x910000
0 5 R 0xC16000
0 5 R 0xF1C000
0 5 W 0x60C040
0 5 R 0x912040
0 5 R 0xC18040
0 5 R 0xF1E040
0 5 W 0x60E080
0 5 R 0x914080
0 5 R 0xC1A080
0 5 R 0xF20080
0 5 W 0x6100C0
0 5 R 0x9160C0
0 5 R 0xC1C0C0
0 5 R 0xF220C0
0 5 W 0x612100
0 5 R 0x918100
0 5 R 0xC1E100
0 5 R 0xF24100
0 5 W 0x614140
0 5 R 0x91A140
0 5 R 0xC20140
0 5 R 0xF26140
0 5 W 0x616180
0 5 R 0x91C180
0 5 R 0xC22180
0 5 R 0xF28180
0 5 W 0x6181C0
0 5 R 0x91E1C0
0 5 R 0xC241C0
0 5 R 0xF2A1C0
0 5 W 0x60A200
0 5 R 0x910200
0 5 R 0xC16200
0 5 R 0xF1C200
0 5 W 0x60C240
0 5 R 0x912240
0 5 R 0xC18240
0 5 R 0xF1E240
0 5 W 0x60E280
0 5 R 0x914280
0 5 R 0xC1A280
0 5 R 0xF20280
0 5 W 0x6102C0
0 5 R 0x9162C0
0 5 R 0xC1C2C0
0 5 R 0xF222C0
0 5 W 0x612300
0 5 R 0x918300
0 5 R 0xC1E300
0 5 R 0xF24300
0 5 W 0x614340
0 5 R 0x91A340
0 5 R 0xC20340
0 5 R 0xF26340
0 5 W 0x616380
0 5 R 0x91C380
0 5 R 0xC22380
0 5 R 0xF28380
0 5 W 0x6183C0
0 5 R 0x91E3C0
0 5 R 0xC243C0
0 5 R 0xF2A3C0
0 5 W 0x60A000
0 5 R 0x910000
0 5 R 0xC16000
0 5 R 0xF1C000
0 5 W 0x60C040
0 5 R 0x912040
0 5 R 0xC18040
0 5 R 0xF1E040
0 5 W 0x60E080
0 5 R 0x914080
0 5 R 0xC1A080
0 5 R 0xF20080
0 5 W 0x6100C0
0 5 R 0x9160C0
0 5 R 0xC1C0C0
0 5 R 0xF220C0
0 5 W 0x612100
0 5 R 0x918100
0 5 R 0xC1E100
0 5 R 0xF24100
0 5 W 0x614140
0 5 R 0x91A140
0 5 R 0xC20140
0 5 R 0xF26140
0 5 W 0x616180
0 5 R 0x91C180
0 5 R 0xC22180
0 5 R 0xF28180
0 5 W 0x6181C0
0 5 R 0x91E1C0
0 5 R 0xC241C0
0 5 R 0xF2A1C0
0 5 W 0x60A200
0 5 R 0x910200
0 5 R 0xC16200
0 5 R 0xF1C200
0 5 W 0x60C240
0 5 R 0x912240
0 5 R 0xC18240
0 5 R 0xF1E240
0 5 W 0x60E280
0 5 R 0x914280
0 5 R 0xC1A280
0 5 R 0xF20280
0 5 W 0x6102C0
0 5 R 0x9162C0
0 5 R 0xC1C2C0
0 5 R 0xF222C0
0 5 W 0x612300
0 5 R 0x918300
0 5 R 0xC1E300
0 5 R 0xF24300
0 5 W 0x614340
0 5 R 0x91A340
0 5 R 0xC20340
0 5 R 0xF26340
0 5 W 0x616380
0 5 R 0x91C380
0 5 R 0xC22380
0 5 R 0xF28380
0 5 W 0x6183C0
0 5 R 0x91E3C0
0 5 R 0xC243C0
0 5 R 0xF2A3C0
0 5 W 0x60A000
0 5 R 0x910000
0 5 R 0xC16000
0 5 R 0xF1C000
0 5 W 0x60C040
0 5 R 0x912040
0 5 R 0xC18040
0 5 R 0xF1E040
0 5 W 0x60E080
0 5 R 0x914080
0 5 R 0xC1A080
0 5 R 0xF20080
0 5 W 0x6100C0
0 5 R 0x9160C0
0 5 R 0xC1C0C0
0 5 R 0xF220C0
0 5 W 0x612100
0 5 R 0x918100
0 5 R 0xC1E100
0 5 R 0xF24100
0 5 W 0x614140
0 5 R 0x91A140
0 5 R 0xC20140
0 5 R 0xF26140
0 5 W 0x616180
0 5 R 0x91C180
0 5 R 0xC22180
0 5 R 0xF28180
0 5 W 0x6181C0
0 5 R 0x91E1C0
0 5 R 0xC241C0
0 5 R 0xF2A1C0
0 5 W 0x60A200
0 5 R 0x910200
0 5 R 0xC16200
0 5 R 0xF1C200
0 5 W 0x60C240
0 5 R 0x912240
0 5 R 0xC18240
0 5 R 0xF1E240
0 5 W 0x60E280
0 5 R 0x914280
0 5 R 0xC1A280
0 5 R 0xF20280
0 5 W 0x6102C0
0 5 R 0x9162C0
0 5 R 0xC1C2C0
0 5 R 0xF222C0
0 5 W 0x612300
0 5 R 0x918300
0 5 R 0xC1E300
0 5 R 0xF24300
0 5 W 0x614340
0 5 R 0x91A340
0 5 R 0xC20340
0 5 R 0xF26340
0 5 W 0x616380
0 5 R 0x91C380
0 5 R 0xC22380
0 5 R 0xF28380
0 5 W 0x6183C0
0 5 R 0x91E3C0
0 5 R 0xC243C0
0 5 R 0xF2A3C0
0 5 W 0x60A000
0 5 R 0x910000
0 5 R 0xC16000
0 5 R 0xF1C000
0 5 W 0x60C040
0 5 R 0x912040
0 5 R 0xC18040
0 5 R 0xF1E040
0 5 W 0x60E080
0 5 R 0x914080
0 5 R 0xC1A080
0 5 R 0xF20080
0 5 W 0x6100C0
0 5 R 0x9160C0
0 5 R 0xC1C0C0
0 5 R 0xF220C0
0 5 W 0x612100
0 5 R 0x918100
0 5 R 0xC1E100
0 5 R 0xF24100
0 5 W 0x614140
0 5 R 0x91A140
0 5 R 0xC20140
0 5 R 0xF26140
0 5 W 0x616180
0 5 R 0x91C180
0 5 R 0xC22180
0 5 R 0xF28180
0 5 W 0x6181C0
0 5 R 0x91E1C0
0 5 R 0xC241C0
0 5 R 0xF2A1C0
0 5 W 0x60A200
0 5 R 0x910200
0 5 R 0xC16200
0 5 R 0xF1C200
0 5 W 0x60C240
0 5 R 0x912240
0 5 R 0xC18240
0 5 R 0xF1E240
0 5 W 0x60E280
0 5 R 0x914280
0 5 R 0xC1A280
0 5 R 0xF20280
0 5 W 0x6102C0
0 5 R 0x9162C0
0 5 R 0xC1C2C0
0 5 R 0xF222C0
0 5 W 0x612300
0 5 R 0x918300
0 5 R 0xC1E300
0 5 R 0xF24300
0 5 W 0x614340
0 5 R 0x91A340
0 5 R 0xC20340
0 5 R 0xF26340
0 5 W 0x616380
0 5 R 0x91C380
0 5 R 0xC22380
0 5 R 0xF28380
0 5 W 0x6183C0
0 5 R 0x91E3C0
0 5 R 0xC243C0
0 5 R 0xF2A3C0
0 5 W 0x60A000
0 5 R 0x910000
0 5 R 0xC16000
0 5 R 0xF1C000
0 5 W 0x60C040
0 5 R 0x912040
0 5 R 0xC18040
0 5 R 0xF1E040
0 5 W 0x60E080
0 5 R 0x914080
0 5 R 0xC1A080
0 5 R 0xF20080
0 5 W 0x6100C0
0 5 R 0x9160C0
0 5 R 0xC1C0C0
0 5 R 0xF220C0
0 5 W 0x612100
0 5 R 0x918100
0 5 R 0xC1E100
0 5 R 0xF24100
0 5 W 0x614140
0 5 R 0x91A140
0 5 R 0xC20140
0 5 R 0xF26140
0 5 W 0x616180
0 5 R 0x91C180
0 5 R 0xC22180
0 5 R 0xF28180
0 5 W 0x6181C0
0 5 R 0x91E1C0
0 5 R 0xC241C0
0 5 R 0xF2A1C0
0 5 W 0x60A200
0 5 R 0x910200
0 5 R 0xC16200
0 5 R 0xF1C200
0 5 W 0x60C240
0 5 R 0x912240
0 5 R 0xC18240
0 5 R 0xF1E240
0 5 W 0x60E280
0 5 R 0x914280
0 5 R 0xC1A280
0 5 R 0xF20280
0 5 W 0x6102C0
0 5 R 0x9162C0
0 5 R 0xC1C2C0
0 5 R 0xF222C0
0 5 W 0x612300
0 5 R 0x918300
0 5 R 0xC1E300
0 5 R 0xF24300
0 5 W 0x614340
0 5 R 0x91A340
0 5 R 0xC20340
0 5 R 0xF26340
0 5 W 0x616380
0 5 R 0x91C380
0 5 R 0xC22380
0 5 R 0xF28380
0 5 W 0x6183C0
0 5 R 0x91E3C0
0 5 R 0xC243C0
0 5 R 0xF2A3C0
0 5 W 0x60A000
0 5 R 0x910000
0 5 R 0xC16000
0 5 R 0xF1C000
0 5 W 0x60C040
0 5 R 0x912040
0 5 R 0xC18040
0 5 R 0xF1E040
0 5 W 0x60E080
0 5 R 0x914080
0 5 R 0xC1A080
0 5 R 0xF20080
0 5 W 0x6100C0
0 5 R 0x9160C0
0 5 R 0xC1C0C0
0 5 R 0xF220C0
0 5 W 0x612100
0 5 R 0x918100
0 5 R 0xC1E100
0 5 R 0xF24100
0 5 W 0x614140
0 5 R 0x91A140
0 5 R 0xC20140
0 5 R 0xF26140
0 5 W 0x616180
0 5 R 0x91C180
0 5 R 0xC22180
0 5 R 0xF28180
0 5 W 0x6181C0
0 5 R 0x91E1C0
0 5 R 0xC241C0
0 5 R 0xF2A1C0
0 5 W 0x60A200
0 5 R 0x910200
0 5 R 0xC16200
0 5 R 0xF1C200
0 5 W 0x60C240
0 5 R 0x912240
0 5 R 0xC18240
0 5 R 0xF1E240
0 5 W 0x60E280
0 5 R 0x914280
0 5 R 0xC1A280
0 5 R 0xF20280
0 5 W 0x6102C0
0 5 R 0x9162C0
0 5 R 0xC1C2C0
0 5 R 0xF222C0
0 5 W 0x612300
0 5 R 0x918300
0 5 R 0xC1E300
0 5 R 0xF24300
0 5 W 0x614340
0 5 R 0x91A340
0 5 R 0xC20340
0 5 R 0xF26340
0 5 W 0x616380
0 5 R 0x91C380
0 5 R 0xC22380
0 5 R 0xF28380
0 5 W 0x6183C0
0 5 R 0x91E3C0
0 5 R 0xC243C0
0 5 R 0xF2A3C0
0 6 W 0x70C000
0 6 R 0xA12000
0 6 R 0xD18000
0 6 R 0x101E000
0 6 W 0x70E040
0 6 R 0xA14040
0 6 R 0xD1A040
0 6 R 0x1020040
0 6 W 0x710080
0 6 R 0xA16080
0 6 R 0xD1C080
0 6 R 0x1022080
0 6 W 0x7120C0
0 6 R 0xA180C0
0 6 R 0xD1E0C0
0 6 R 0x10240C0
0 6 W 0x714100
0 6 R 0xA1A100
0 6 R 0xD20100
0 6 R 0x1026100
0 6 W 0x716140
0 6 R 0xA1C140
0 6 R 0xD22140
0 6 R 0x1028140
0 6 W 0x718180
0 6 R 0xA1E180
0 6 R 0xD24180
0 6 R 0x102A180
0 6 W 0x71A1C0
0 6 R 0xA201C0
0 6 R 0xD261C0
0 6 R 0x102C1C0
0 6 W 0x70C200
0 6 R 0xA12200
0 6 R 0xD18200
0 6 R 0x101E200
0 6 W 0x70E240
0 6 R 0xA14240
0 6 R 0xD1A240
0 6 R 0x1020240
0 6 W 0x710280
0 6 R 0xA16280
0 6 R 0xD1C280
0 6 R 0x1022280
0 6 W 0x7122C0
0 6 R 0xA182C0
0 6 R 0xD1E2C0
0 6 R 0x10242C0
0 6 W 0x714300
0 6 R 0xA1A300
0 6 R 0xD20300
0 6 R 0x1026300
0 6 W 0x716340
0 6 R 0xA1C340
0 6 R 0xD22340
0 6 R 0x1028340
0 6 W 0x718380
0 6 R 0xA1E380
0 6 R 0xD24380
0 6 R 0x102A380
0 6 W 0x71A3C0
0 6 R 0xA203C0
0 6 R 0xD263C0
0 6 R 0x102C3C0
0 6 W 0x70C000
0 6 R 0xA12000
0 6 R 0xD18000
0 6 R 0x101E000
0 6 W 0x70E040
0 6 R 0xA14040
0 6 R 0xD1A040
0 6 R 0x1020040
0 6 W 0x710080
0 6 R 0xA16080
0 6 R 0xD1C080
0 6 R 0x1022080
0 6 W 0x7120C0
0 6 R 0xA180C0
0 6 R 0xD1E0C0
0 6 R 0x10240C0
0 6 W 0x714100
0 6 R 0xA1A100
0 6 R 0xD20100
0 6 R 0x1026100
0 6 W 0x716140
0 6 R 0xA1C140
0 6 R 0xD22140
0 6 R 0x1028140
0 6 W 0x718180
0 6 R 0xA1E180
0 6 R 0xD24180
0 6 R 0x102A180
0 6 W 0x71A1C0
0 6 R 0xA201C0
0 6 R 0xD261C0
0 6 R 0x102C1C0
0 6 W 0x70C200
0 6 R 0xA12200
0 6 R 0xD18200
0 6 R 0x101E200
0 6 W 0x70E240
0 6 R 0xA14240
0 6 R 0xD1A240
0 6 R 0x1020240
0 6 W 0x710280
0 6 R 0xA16280
0 6 R 0xD1C280
0 6 R 0x1022280
0 6 W 0x7122C0
0 6 R 0xA182C0
0 6 R 0xD1E2C0
0 6 R 0x10242C0
0 6 W 0x714300
0 6 R 0xA1A300
0 6 R 0xD20300
0 6 R 0x1026300
0 6 W 0x716340
0 6 R 0xA1C340
0 6 R 0xD22340
0 6 R 0x1028340
0 6 W 0x718380
0 6 R 0xA1E380
0 6 R 0xD24380
0 6 R 0x102A380
0 6 W 0x71A3C0
0 6 R 0xA203C0
0 6 R 0xD263C0
0 6 R 0x102C3C0
0 6 W 0x70C000
0 6 R 0xA12000
0 6 R 0xD18000
0 6 R 0x101E000
0 6 W 0x70E040
0 6 R 0xA14040
0 6 R 0xD1A040
0 6 R 0x1020040
0 6 W 0x710080
0 6 R 0xA16080
0 6 R 0xD1C080
0 6 R 0x1022080
0 6 W 0x7120C0
0 6 R 0xA180C0
0 6 R 0xD1E0C0
0 6 R 0x10240C0
0 6 W 0x714100
0 6 R 0xA1A100
0 6 R 0xD20100
0 6 R 0x1026100
0 6 W 0x716140
0 6 R 0xA1C140
0 6 R 0xD22140
0 6 R 0x1028140
0 6 W 0x718180
0 6 R 0xA1E180
0 6 R 0xD24180
0 6 R 0x102A180
0 6 W 0x71A1C0
0 6 R 0xA201C0
0 6 R 0xD261C0
0 6 R 0x102C1C0
0 6 W 0x70C200
0 6 R 0xA12200
0 6 R 0xD18200
0 6 R 0x101E200
0 6 W 0x70E240
0 6 R 0xA14240
0 6 R 0xD1A240
0 6 R 0x1020240
0 6 W 0x710280
0 6 R 0xA16280
0 6 R 0xD1C280
0 6 R 0x1022280
0 6 W 0x7122C0
0 6 R 0xA182C0
0 6 R 0xD1E2C0
0 6 R 0x10242C0
0 6 W 0x714300
0 6 R 0xA1A300
0 6 R 0xD20300
0 6 R 0x1026300
0 6 W 0x716340
0 6 R 0xA1C340
0 6 R 0xD22340
0 6 R 0x1028340
0 6 W 0x718380
0 6 R 0xA1E380
0 6 R 0xD24380
0 6 R 0x102A380
0 6 W 0x71A3C0
0 6 R 0xA203C0
0 6 R 0xD263C0
0 6 R 0x102C3C0
0 6 W 0x70C000
0 6 R 0xA12000
0 6 R 0xD18000
0 6 R 0x101E000
0 6 W 0x70E040
0 6 R 0xA14040
0 6 R 0xD1A040
0 6 R 0x1020040
0 6 W 0x710080
0 6 R 0xA16080
0 6 R 0xD1C080
0 6 R 0x1022080
0 6 W 0x7120C0
0 6 R 0xA180C0
0 6 R 0xD1E0C0
0 6 R 0x10240C0
0 6 W 0x714100
0 6 R 0xA1A100
0 6 R 0xD20100
0 6 R 0x1026100
0 6 W 0x716140
0 6 R 0xA1C140
0 6 R 0xD22140
0 6 R 0x1028140
0 6 W 0x718180
0 6 R 0xA1E180
0 6 R 0xD24180
0 6 R 0x102A180
0 6 W 0x71A1C0
0 6 R 0xA201C0
0 6 R 0xD261C0
0 6 R 0x102C1C0
0 6 W 0x70C200
0 6 R 0xA12200
0 6 R 0xD18200
0 6 R 0x101E200
0 6 W 0x70E240
0 6 R 0xA14240
0 6 R 0xD1A240
0 6 R 0x1020240
0 6 W 0x710280
0 6 R 0xA16280
0 6 R 0xD1C280
0 6 R 0x1022280
0 6 W 0x7122C0
0 6 R 0xA182C0
0 6 R 0xD1E2C0
0 6 R 0x10242C0
0 6 W 0x714300
0 6 R 0xA1A300
0 6 R 0xD20300
0 6 R 0x1026300
0 6 W 0x716340
0 6 R 0xA1C340
0 6 R 0xD22340
0 6 R 0x1028340
0 6 W 0x718380
0 6 R 0xA1E380
0 6 R 0xD24380
0 6 R 0x102A380
0 6 W 0x71A3C0
0 6 R 0xA203C0
0 6 R 0xD263C0
0 6 R 0x102C3C0
0 6 W 0x70C000
0 6 R 0xA12000
0 6 R 0xD18000
0 6 R 0x101E000
0 6 W 0x70E040
0 6 R 0xA14040
0 6 R 0xD1A040
0 6 R 0x1020040
0 6 W 0x710080
0 6 R 0xA16080
0 6 R 0xD1C080
0 6 R 0x1022080
0 6 W 0x7120C0
0 6 R 0xA180C0
0 6 R 0xD1E0C0
0 6 R 0x10240C0
0 6 W 0x714100
0 6 R 0xA1A100
0 6 R 0xD20100
0 6 R 0x1026100
0 6 W 0x716140
0 6 R 0xA1C140
0 6 R 0xD22140
0 6 R 0x1028140
0 6 W 0x718180
0 6 R 0xA1E180
0 6 R 0xD24180
0 6 R 0x102A180
0 6 W 0x71A1C0
0 6 R 0xA201C0
0 6 R 0xD261C0
0 6 R 0x102C1C0
0 6 W 0x70C200
0 6 R 0xA12200
0 6 R 0xD18200
0 6 R 0x101E200
0 6 W 0x70E240
0 6 R 0xA14240
0 6 R 0xD1A240
0 6 R 0x1020240
0 6 W 0x710280
0 6 R 0xA16280
0 6 R 0xD1C280
0 6 R 0x1022280
0 6 W 0x7122C0
0 6 R 0xA182C0
0 6 R 0xD1E2C0
0 6 R 0x10242C0
0 6 W 0x714300
0 6 R 0xA1A300
0 6 R 0xD20300
0 6 R 0x1026300
0 6 W 0x716340
0 6 R 0xA1C340
0 6 R 0xD22340
0 6 R 0x1028340
0 6 W 0x718380
0 6 R 0xA1E380
0 6 R 0xD24380
0 6 R 0x102A380
0 6 W 0x71A3C0
0 6 R 0xA203C0
0 6 R 0xD263C0
0 6 R 0x102C3C0
0 6 W 0x70C000
0 6 R 0xA12000
0 6 R 0xD18000
0 6 R 0x101E000
0 6 W 0x70E040
0 6 R 0xA14040
0 6 R 0xD1A040
0 6 R 0x1020040
0 6 W 0x710080
0 6 R 0xA16080
0 6 R 0xD1C080
0 6 R 0x1022080
0 6 W 0x7120C0
0 6 R 0xA180C0
0 6 R 0xD1E0C0
0 6 R 0x10240C0
0 6 W 0x714100
0 6 R 0xA1A100
0 6 R 0xD20100
0 6 R 0x1026100
0 6 W 0x716140
0 6 R 0xA1C140
0 6 R 0xD22140
0 6 R 0x1028140
0 6 W 0x718180
0 6 R 0xA1E180
0 6 R 0xD24180
0 6 R 0x102A180
0 6 W 0x71A1C0
0 6 R 0xA201C0
0 6 R 0xD261C0
0 6 R 0x102C1C0
0 6 W 0x70C200
0 6 R 0xA12200
0 6 R 0xD18200
0 6 R 0x101E200
0 6 W 0x70E240
0 6 R 0xA14240
0 6 R 0xD1A240
0 6 R 0x1020240
0 6 W 0x710280
0 6 R 0xA16280
0 6 R 0xD1C280
0 6 R 0x1022280
0 6 W 0x7122C0
0 6 R 0xA182C0
0 6 R 0xD1E2C0
0 6 R 0x10242C0
0 6 W 0x714300
0 6 R 0xA1A300
0 6 R 0xD20300
0 6 R 0x1026300
0 6 W 0x716340
0 6 R 0xA1C340
0 6 R 0xD22340
0 6 R 0x1028340
0 6 W 0x718380
0 6 R 0xA1E380
0 6 R 0xD24380
0 6 R 0x102A380
0 6 W 0x71A3C0
0 6 R 0xA203C0
0 6 R 0xD263C0
0 6 R 0x102C3C0
0 6 W 0x70C000
0 6 R 0xA12000
0 6 R 0xD18000
0 6 R 0x101E000
0 6 W 0x70E040
0 6 R 0xA14040
0 6 R 0xD1A040
0 6 R 0x1020040
0 6 W 0x710080
0 6 R 0xA16080
0 6 R 0xD1C080
0 6 R 0x1022080
0 6 W 0x7120C0
0 6 R 0xA180C0
0 6 R 0xD1E0C0
0 6 R 0x10240C0
0 6 W 0x714100
0 6 R 0xA1A100
0 6 R 0xD20100
0 6 R 0x1026100
0 6 W 0x716140
0 6 R 0xA1C140
0 6 R 0xD22140
0 6 R 0x1028140
0 6 W 0x718180
0 6 R 0xA1E180
0 6 R 0xD24180
0 6 R 0x102A180
0 6 W 0x71A1C0
0 6 R 0xA201C0
0 6 R 0xD261C0
0 6 R 0x102C1C0
0 6 W 0x70C200
0 6 R 0xA12200
0 6 R 0xD18200
0 6 R 0x101E200
0 6 W 0x70E240
0 6 R 0xA14240
0 6 R 0xD1A240
0 6 R 0x1020240
0 6 W 0x710280
0 6 R 0xA16280
0 6 R 0xD1C280
0 6 R 0x1022280
0 6 W 0x7122C0
0 6 R 0xA182C0
0 6 R 0xD1E2C0
0 6 R 0x10242C0
0 6 W 0x714300
0 6 R 0xA1A300
0 6 R 0xD20300
0 6 R 0x1026300
0 6 W 0x716340
0 6 R 0xA1C340
0 6 R 0xD22340
0 6 R 0x1028340
0 6 W 0x718380
0 6 R 0xA1E380
0 6 R 0xD24380
0 6 R 0x102A380
0 6 W 0x71A3C0
0 6 R 0xA203C0
0 6 R 0xD263C0
0 6 R 0x102C3C0
0 6 W 0x70C000
0 6 R 0xA12000
0 6 R 0xD18000
0 6 R 0x101E000
0 6 W 0x70E040
0 6 R 0xA14040
0 6 R 0xD1A040
0 6 R 0x1020040
0 6 W 0x710080
0 6 R 0xA16080
0 6 R 0xD1C080
0 6 R 0x1022080
0 6 W 0x7120C0
0 6 R 0xA180C0
0 6 R 0xD1E0C0
0 6 R 0x10240C0
0 6 W 0x714100
0 6 R 0xA1A100
0 6 R 0xD20100
0 6 R 0x1026100
0 6 W 0x716140
0 6 R 0xA1C140
0 6 R 0xD22140
0 6 R 0x1028140
0 6 W 0x718180
0 6 R 0xA1E180
0 6 R 0xD24180
0 6 R 0x102A180
0 6 W 0x71A1C0
0 6 R 0xA201C0
0 6 R 0xD261C0
0 6 R 0x102C1C0
0 6 W 0x70C200
0 6 R 0xA12200
0 6 R 0xD18200
0 6 R 0x101E200
0 6 W 0x70E240
0 6 R 0xA14240
0 6 R 0xD1A240
0 6 R 0x1020240
0 6 W 0x710280
0 6 R 0xA16280
0 6 R 0xD1C280
0 6 R 0x1022280
0 6 W 0x7122C0
0 6 R 0xA182C0
0 6 R 0xD1E2C0
0 6 R 0x10242C0
0 6 W 0x714300
0 6 R 0xA1A300
0 6 R 0xD20300
0 6 R 0x1026300
0 6 W 0x716340
0 6 R 0xA1C340
0 6 R 0xD22340
0 6 R 0x1028340
0 6 W 0x718380
0 6 R 0xA1E380
0 6 R 0xD24380
0 6 R 0x102A380
0 6 W 0x71A3C0
0 6 R 0xA203C0
0 6 R 0xD263C0
0 6 R 0x102C3C0
0 7 W 0x80E000
0 7 R 0xB14000
0 7 R 0xE1A000
0 7 R 0x100000
0 7 W 0x810040
0 7 R 0xB16040
0 7 R 0xE1C040
0 7 R 0x102040
0 7 W 0x812080
0 7 R 0xB18080
0 7 R 0xE1E080
0 7 R 0x104080
0 7 W 0x8140C0
0 7 R 0xB1A0C0
0 7 R 0xE200C0
0 7 R 0x1060C0
0 7 W 0x816100
0 7 R 0xB1C100
0 7 R 0xE22100
0 7 R 0x108100
0 7 W 0x818140
0 7 R 0xB1E140
0 7 R 0xE24140
0 7 R 0x10A140
0 7 W 0x81A180
0 7 R 0xB20180
0 7 R 0xE26180
0 7 R 0x10C180
0 7 W 0x81C1C0
0 7 R 0xB221C0
0 7 R 0xE281C0
0 7 R 0x10E1C0
0 7 W 0x80E200
0 7 R 0xB14200
0 7 R 0xE1A200
0 7 R 0x100200
0 7 W 0x810240
0 7 R 0xB16240
0 7 R 0xE1C240
0 7 R 0x102240
0 7 W 0x812280
0 7 R 0xB18280
0 7 R 0xE1E280
0 7 R 0x104280
0 7 W 0x8142C0
0 7 R 0xB1A2C0
0 7 R 0xE202C0
0 7 R 0x1062C0
0 7 W 0x816300
0 7 R 0xB1C300
0 7 R 0xE22300
0 7 R 0x108300
0 7 W 0x818340
0 7 R 0xB1E340
0 7 R 0xE24340
0 7 R 0x10A340
0 7 W 0x81A380
0 7 R 0xB20380
0 7 R 0xE26380
0 7 R 0x10C380
0 7 W 0x81C3C0
0 7 R 0xB223C0
0 7 R 0xE283C0
0 7 R 0x10E3C0
0 7 W 0x80E000
0 7 R 0xB14000
0 7 R 0xE1A000
0 7 R 0x100000
0 7 W 0x810040
0 7 R 0xB16040
0 7 R 0xE1C040
0 7 R 0x102040
0 7 W 0x812080
0 7 R 0xB18080
0 7 R 0xE1E080
0 7 R 0x104080
0 7 W 0x8140C0
0 7 R 0xB1A0C0
0 7 R 0xE200C0
0 7 R 0x1060C0
0 7 W 0x816100
0 7 R 0xB1C100
0 7 R 0xE22100
0 7 R 0x108100
0 7 W 0x818140
0 7 R 0xB1E140
0 7 R 0xE24140
0 7 R 0x10A140
0 7 W 0x81A180
0 7 R 0xB20180
0 7 R 0xE26180
0 7 R 0x10C180
0 7 W 0x81C1C0
0 7 R 0xB221C0
0 7 R 0xE281C0
0 7 R 0x10E1C0
0 7 W 0x80E200
0 7 R 0xB14200
0 7 R 0xE1A200
0 7 R 0x100200
0 7 W 0x810240
0 7 R 0xB16240
0 7 R 0xE1C240
0 7 R 0x102240
0 7 W 0x812280
0 7 R 0xB18280
0 7 R 0xE1E280
0 7 R 0x104280
0 7 W 0x8142C0
0 7 R 0xB1A2C0
0 7 R 0xE202C0
0 7 R 0x1062C0
0 7 W 0x816300
0 7 R 0xB1C300
0 7 R 0xE22300
0 7 R 0x108300
0 7 W 0x818340
0 7 R 0xB1E340
0 7 R 0xE24340
0 7 R 0x10A340
0 7 W 0x81A380
0 7 R 0xB20380
0 7 R 0xE26380
0 7 R 0x10C380
0 7 W 0x81C3C0
0 7 R 0xB223C0
0 7 R 0xE283C0
0 7 R 0x10E3C0
0 7 W 0x80E000
0 7 R 0xB14000
0 7 R 0xE1A000
0 7 R 0x100000
0 7 W 0x810040
0 7 R 0xB16040
0 7 R 0xE1C040
0 7 R 0x102040
0 7 W 0x812080
0 7 R 0xB18080
0 7 R 0xE1E080
0 7 R 0x104080
0 7 W 0x8140C0
0 7 R 0xB1A0C0
0 7 R 0xE200C0
0 7 R 0x1060C0
0 7 W 0x816100
0 7 R 0xB1C100
0 7 R 0xE22100
0 7 R 0x108100
0 7 W 0x818140
0 7 R 0xB1E140
0 7 R 0xE24140
0 7 R 0x10A140
0 7 W 0x81A180
0 7 R 0xB20180
0 7 R 0xE26180
0 7 R 0x10C180
0 7 W 0x81C1C0
0 7 R 0xB221C0
0 7 R 0xE281C0
0 7 R 0x10E1C0
0 7 W 0x80E200
0 7 R 0xB14200
0 7 R 0xE1A200
0 7 R 0x100200
0 7 W 0x810240
0 7 R 0xB16240
0 7 R 0xE1C240
0 7 R 0x102240
0 7 W 0x812280
0 7 R 0xB18280
0 7 R 0xE1E280
0 7 R 0x104280
0 7 W 0x8142C0
0 7 R 0xB1A2C0
0 7 R 0xE202C0
0 7 R 0x1062C0
0 7 W 0x816300
0 7 R 0xB1C300
0 7 R 0xE22300
0 7 R 0x108300
0 7 W 0x818340
0 7 R 0xB1E340
0 7 R 0xE24340
0 7 R 0x10A340
0 7 W 0x81A380
0 7 R 0xB20380
0 7 R 0xE26380
0 7 R 0x10C380
0 7 W 0x81C3C0
0 7 R 0xB223C0
0 7 R 0xE283C0
0 7 R 0x10E3C0
0 7 W 0x80E000
0 7 R 0xB14000
0 7 R 0xE1A000
0 7 R 0x100000
0 7 W 0x810040
0 7 R 0xB16040
0 7 R 0xE1C040
0 7 R 0x102040
0 7 W 0x812080
0 7 R 0xB18080
0 7 R 0xE1E080
0 7 R 0x104080
0 7 W 0x8140C0
0 7 R 0xB1A0C0
0 7 R 0xE200C0
0 7 R 0x1060C0
0 7 W 0x816100
0 7 R 0xB1C100
0 7 R 0xE22100
0 7 R 0x108100
0 7 W 0x818140
0 7 R 0xB1E140
0 7 R 0xE24140
0 7 R 0x10A140
0 7 W 0x81A180
0 7 R 0xB20180
0 7 R 0xE26180
0 7 R 0x10C180
0 7 W 0x81C1C0
0 7 R 0xB221C0
0 7 R 0xE281C0
0 7 R 0x10E1C0
0 7 W 0x80E200
0 7 R 0xB14200
0 7 R 0xE1A200
0 7 R 0x100200
0 7 W 0x810240
0 7 R 0xB16240
0 7 R 0xE1C240
0 7 R 0x102240
0 7 W 0x812280
0 7 R 0xB18280
0 7 R 0xE1E280
0 7 R 0x104280
0 7 W 0x8142C0
0 7 R 0xB1A2C0
0 7 R 0xE202C0
0 7 R 0x1062C0
0 7 W 0x816300
0 7 R 0xB1C300
0 7 R 0xE22300
0 7 R 0x108300
0 7 W 0x818340
0 7 R 0xB1E340
0 7 R 0xE24340
0 7 R 0x10A340
0 7 W 0x81A380
0 7 R 0xB20380
0 7 R 0xE26380
0 7 R 0x10C380
0 7 W 0x81C3C0
0 7 R 0xB223C0
0 7 R 0xE283C0
0 7 R 0x10E3C0
0 7 W 0x80E000
0 7 R 0xB14000
0 7 R 0xE1A000
0 7 R 0x100000
0 7 W 0x810040
0 7 R 0xB16040
0 7 R 0xE1C040
0 7 R 0x102040
0 7 W 0x812080
0 7 R 0xB18080
0 7 R 0xE1E080
0 7 R 0x104080
0 7 W 0x8140C0
0 7 R 0xB1A0C0
0 7 R 0xE200C0
0 7 R 0x1060C0
0 7 W 0x816100
0 7 R 0xB1C100
0 7 R 0xE22100
0 7 R 0x108100
0 7 W 0x818140
0 7 R 0xB1E140
0 7 R 0xE24140
0 7 R 0x10A140
0 7 W 0x81A180
0 7 R 0xB20180
0 7 R 0xE26180
0 7 R 0x10C180
0 7 W 0x81C1C0
0 7 R 0xB221C0
0 7 R 0xE281C0
0 7 R 0x10E1C0
0 7 W 0x80E200
0 7 R 0xB14200
0 7 R 0xE1A200
0 7 R 0x100200
0 7 W 0x810240
0 7 R 0xB16240
0 7 R 0xE1C240
0 7 R 0x102240
0 7 W 0x812280
0 7 R 0xB18280
0 7 R 0xE1E280
0 7 R 0x104280
0 7 W 0x8142C0
0 7 R 0xB1A2C0
0 7 R 0xE202C0
0 7 R 0x1062C0
0 7 W 0x816300
0 7 R 0xB1C300
0 7 R 0xE22300
0 7 R 0x108300
0 7 W 0x818340
0 7 R 0xB1E340
0 7 R 0xE24340
0 7 R 0x10A340
0 7 W 0x81A380
0 7 R 0xB20380
0 7 R 0xE26380
0 7 R 0x10C380
0 7 W 0x81C3C0
0 7 R 0xB223C0
0 7 R 0xE283C0
0 7 R 0x10E3C0
0 7 W 0x80E000
0 7 R 0xB14000
0 7 R 0xE1A000
0 7 R 0x100000
0 7 W 0x810040
0 7 R 0xB16040
0 7 R 0xE1C040
0 7 R 0x102040
0 7 W 0x812080
0 7 R 0xB18080
0 7 R 0xE1E080
0 7 R 0x104080
0 7 W 0x8140C0
0 7 R 0xB1A0C0
0 7 R 0xE200C0
0 7 R 0x1060C0
0 7 W 0x816100
0 7 R 0xB1C100
0 7 R 0xE22100
0 7 R 0x108100
0 7 W 0x818140
0 7 R 0xB1E140
0 7 R 0xE24140
0 7 R 0x10A140
0 7 W 0x81A180
0 7 R 0xB20180
0 7 R 0xE26180
0 7 R 0x10C180
0 7 W 0x81C1C0
0 7 R 0xB221C0
0 7 R 0xE281C0
0 7 R 0x10E1C0
0 7 W 0x80E200
0 7 R 0xB14200
0 7 R 0xE1A200
0 7 R 0x100200
0 7 W 0x810240
0 7 R 0xB16240
0 7 R 0xE1C240
0 7 R 0x102240
0 7 W 0x812280
0 7 R 0xB18280
0 7 R 0xE1E280
0 7 R 0x104280
0 7 W 0x8142C0
0 7 R 0xB1A2C0
0 7 R 0xE202C0
0 7 R 0x1062C0
0 7 W 0x816300
0 7 R 0xB1C300
0 7 R 0xE22300
0 7 R 0x108300
0 7 W 0x818340
0 7 R 0xB1E340
0 7 R 0xE24340
0 7 R 0x10A340
0 7 W 0x81A380
0 7 R 0xB20380
0 7 R 0xE26380
0 7 R 0x10C380
0 7 W 0x81C3C0
0 7 R 0xB223C0
0 7 R 0xE283C0
0 7 R 0x10E3C0
0 7 W 0x80E000
0 7 R 0xB14000
0 7 R 0xE1A000
0 7 R 0x100000
0 7 W 0x810040
0 7 R 0xB16040
0 7 R 0xE1C040
0 7 R 0x102040
0 7 W 0x812080
0 7 R 0xB18080
0 7 R 0xE1E080
0 7 R 0x104080
0 7 W 0x8140C0
0 7 R 0xB1A0C0
0 7 R 0xE200C0
0 7 R 0x1060C0
0 7 W 0x816100
0 7 R 0xB1C100
0 7 R 0xE22100
0 7 R 0x108100
0 7 W 0x818140
0 7 R 0xB1E140
0 7 R 0xE24140
0 7 R 0x10A140
0 7 W 0x81A180
0 7 R 0xB20180
0 7 R 0xE26180
0 7 R 0x10C180
0 7 W 0x81C1C0
0 7 R 0xB221C0
0 7 R 0xE281C0
0 7 R 0x10E1C0
0 7 W 0x80E200
0 7 R 0xB14200
0 7 R 0xE1A200
0 7 R 0x100200
0 7 W 0x810240
0 7 R 0xB16240
0 7 R 0xE1C240
0 7 R 0x102240
0 7 W 0x812280
0 7 R 0xB18280
0 7 R 0xE1E280
0 7 R 0x104280
0 7 W 0x8142C0
0 7 R 0xB1A2C0
0 7 R 0xE202C0
0 7 R 0x1062C0
0 7 W 0x816300
0 7 R 0xB1C300
0 7 R 0xE22300
0 7 R 0x108300
0 7 W 0x818340
0 7 R 0xB1E340
0 7 R 0xE24340
0 7 R 0x10A340
0 7 W 0x81A380
0 7 R 0xB20380
0 7 R 0xE26380
0 7 R 0x10C380
0 7 W 0x81C3C0
0 7 R 0xB223C0
0 7 R 0xE283C0
0 7 R 0x10E3C0
0 7 W 0x80E000
0 7 R 0xB14000
0 7 R 0xE1A000
0 7 R 0x100000
0 7 W 0x810040
0 7 R 0xB16040
0 7 R 0xE1C040
0 7 R 0x102040
0 7 W 0x812080
0 7 R 0xB18080
0 7 R 0xE1E080
0 7 R 0x104080
0 7 W 0x8140C0
0 7 R 0xB1A0C0
0 7 R 0xE200C0
0 7 R 0x1060C0
0 7 W 0x816100
0 7 R 0xB1C100
0 7 R 0xE22100
0 7 R 0x108100
0 7 W 0x818140
0 7 R 0xB1E140
0 7 R 0xE24140
0 7 R 0x10A140
0 7 W 0x81A180
0 7 R 0xB20180
0 7 R 0xE26180
0 7 R 0x10C180
0 7 W 0x81C1C0
0 7 R 0xB221C0
0 7 R 0xE281C0
0 7 R 0x10E1C0
0 7 W 0x80E200
0 7 R 0xB14200
0 7 R 0xE1A200
0 7 R 0x100200
0 7 W 0x810240
0 7 R 0xB16240
0 7 R 0xE1C240
0 7 R 0x102240
0 7 W 0x812280
0 7 R 0xB18280
0 7 R 0xE1E280
0 7 R 0x104280
0 7 W 0x8142C0
0 7 R 0xB1A2C0
0 7 R 0xE202C0
0 7 R 0x1062C0
0 7 W 0x816300
0 7 R 0xB1C300
0 7 R 0xE22300
0 7 R 0x108300
0 7 W 0x818340
0 7 R 0xB1E340
0 7 R 0xE24340
0 7 R 0x10A340
0 7 W 0x81A380
0 7 R 0xB20380
0 7 R 0xE26380
0 7 R 0x10C380
0 7 W 0x81C3C0
0 7 R 0xB223C0
0 7 R 0xE283C0
0 7 R 0x10E3C0
0 8 W 0x910000
0 8 R 0xC16000
0 8 R 0xF1C000
0 8 R 0x202000
0 8 W 0x912040
0 8 R 0xC18040
0 8 R 0xF1E040
0 8 R 0x204040
0 8 W 0x914080
0 8 R 0xC1A080
0 8 R 0xF20080
0 8 R 0x206080
0 8 W 0x9160C0
0 8 R 0xC1C0C0
0 8 R 0xF220C0
0 8 R 0x2080C0
0 8 W 0x918100
0 8 R 0xC1E100
0 8 R 0xF24100
0 8 R 0x20A100
0 8 W 0x91A140
0 8 R 0xC20140
0 8 R 0xF26140
0 8 R 0x20C140
0 8 W 0x91C180
0 8 R 0xC22180
0 8 R 0xF28180
0 8 R 0x20E180
0 8 W 0x91E1C0
0 8 R 0xC241C0
0 8 R 0xF2A1C0
0 8 R 0x2101C0
0 8 W 0x910200
0 8 R 0xC16200
0 8 R 0xF1C200
0 8 R 0x202200
0 8 W 0x912240
0 8 R 0xC18240
0 8 R 0xF1E240
0 8 R 0x204240
0 8 W 0x914280
0 8 R 0xC1A280
0 8 R 0xF20280
0 8 R 0x206280
0 8 W 0x9162C0
0 8 R 0xC1C2C0
0 8 R 0xF222C0
0 8 R 0x2082C0
0 8 W 0x918300
0 8 R 0xC1E300
0 8 R 0xF24300
0 8 R 0x20A300
0 8 W 0x91A340
0 8 R 0xC20340
0 8 R 0xF26340
0 8 R 0x20C340
0 8 W 0x91C380
0 8 R 0xC22380
0 8 R 0xF28380
0 8 R 0x20E380
0 8 W 0x91E3C0
0 8 R 0xC243C0
0 8 R 0xF2A3C0
0 8 R 0x2103C0
0 8 W 0x910000
0 8 R 0xC16000
0 8 R 0xF1C000
0 8 R 0x202000
0 8 W 0x912040
0 8 R 0xC18040
0 8 R 0xF1E040
0 8 R 0x204040
0 8 W 0x914080
0 8 R 0xC1A080
0 8 R 0xF20080
0 8 R 0x206080
0 8 W 0x9160C0
0 8 R 0xC1C0C0
0 8 R 0xF220C0
0 8 R 0x2080C0
0 8 W 0x918100
0 8 R 0xC1E100
0 8 R 0xF24100
0 8 R 0x20A100
0 8 W 0x91A140
0 8 R 0xC20140
0 8 R 0xF26140
0 8 R 0x20C140
0 8 W 0x91C180
0 8 R 0xC22180
0 8 R 0xF28180
0 8 R 0x20E180
0 8 W 0x91E1C0
0 8 R 0xC241C0
0 8 R 0xF2A1C0
0 8 R 0x2101C0
0 8 W 0x910200
0 8 R 0xC16200
0 8 R 0xF1C200
0 8 R 0x202200
0 8 W 0x912240
0 8 R 0xC18240
0 8 R 0xF1E240
0 8 R 0x204240
0 8 W 0x914280
0 8 R 0xC1A280
0 8 R 0xF20280
0 8 R 0x206280
0 8 W 0x9162C0
0 8 R 0xC1C2C0
0 8 R 0xF222C0
0 8 R 0x2082C0
0 8 W 0x918300
0 8 R 0xC1E300
0 8 R 0xF24300
0 8 R 0x20A300
0 8 W 0x91A340
0 8 R 0xC20340
0 8 R 0xF26340
0 8 R 0x20C340
0 8 W 0x91C380
0 8 R 0xC22380
0 8 R 0xF28380
0 8 R 0x20E380
0 8 W 0x91E3C0
0 8 R 0xC243C0
0 8 R 0xF2A3C0
0 8 R 0x2103C0
0 8 W 0x910000
0 8 R 0xC16000
0 8 R 0xF1C000
0 8 R 0x202000
0 8 W 0x912040
0 8 R 0xC18040
0 8 R 0xF1E040
0 8 R 0x204040
0 8 W 0x914080
0 8 R 0xC1A080
0 8 R 0xF20080
0 8 R 0x206080
0 8 W 0x9160C0
0 8 R 0xC1C0C0
0 8 R 0xF220C0
0 8 R 0x2080C0
0 8 W 0x918100
0 8 R 0xC1E100
0 8 R 0xF24100
0 8 R 0x20A100
0 8 W 0x91A140
0 8 R 0xC20140
0 8 R 0xF26140
0 8 R 0x20C140
0 8 W 0x91C180
0 8 R 0xC22180
0 8 R 0xF28180
0 8 R 0x20E180
0 8 W 0x91E1C0
0 8 R 0xC241C0
0 8 R 0xF2A1C0
0 8 R 0x2101C0
0 8 W 0x910200
0 8 R 0xC16200
0 8 R 0xF1C200
0 8 R 0x202200
0 8 W 0x912240
0 8 R 0xC18240
0 8 R 0xF1E240
0 8 R 0x204240
0 8 W 0x914280
0 8 R 0xC1A280
0 8 R 0xF20280
0 8 R 0x206280
0 8 W 0x9162C0
0 8 R 0xC1C2C0
0 8 R 0xF222C0
0 8 R 0x2082C0
0 8 W 0x918300
0 8 R 0xC1E300
0 8 R 0xF24300
0 8 R 0x20A300
0 8 W 0x91A340
0 8 R 0xC20340
0 8 R 0xF26340
0 8 R 0x20C340
0 8 W 0x91C380
0 8 R 0xC22380
0 8 R 0xF28380
0 8 R 0x20E380
0 8 W 0x91E3C0
0 8 R 0xC243C0
0 8 R 0xF2A3C0
0 8 R 0x2103C0
0 8 W 0x910000
0 8 R 0xC16000
0 8 R 0xF1C000
0 8 R 0x202000
0 8 W 0x912040
0 8 R 0xC18040
0 8 R 0xF1E040
0 8 R 0x204040
0 8 W 0x914080
0 8 R 0xC1A080
0 8 R 0xF20080
0 8 R 0x206080
0 8 W 0x9160C0
0 8 R 0xC1C0C0
0 8 R 0xF220C0
0 8 R 0x2080C0
0 8 W 0x918100
0 8 R 0xC1E100
0 8 R 0xF24100
0 8 R 0x20A100
0 8 W 0x91A140
0 8 R 0xC20140
0 8 R 0xF26140
0 8 R 0x20C140
0 8 W 0x91C180
0 8 R 0xC22180
0 8 R 0xF28180
0 8 R 0x20E180
0 8 W 0x91E1C0
0 8 R 0xC241C0
0 8 R 0xF2A1C0
0 8 R 0x2101C0
0 8 W 0x910200
0 8 R 0xC16200
0 8 R 0xF1C200
0 8 R 0x202200
0 8 W 0x912240
0 8 R 0xC18240
0 8 R 0xF1E240
0 8 R 0x204240
0 8 W 0x914280
0 8 R 0xC1A280
0 8 R 0xF20280
0 8 R 0x206280
0 8 W 0x9162C0
0 8 R 0xC1C2C0
0 8 R 0xF222C0
0 8 R 0x2082C0
0 8 W 0x918300
0 8 R 0xC1E300
0 8 R 0xF24300
0 8 R 0x20A300
0 8 W 0x91A340
0 8 R 0xC20340
0 8 R 0xF26340
0 8 R 0x20C340
0 8 W 0x91C380
0 8 R 0xC22380
0 8 R 0xF28380
0 8 R 0x20E380
0 8 W 0x91E3C0
0 8 R 0xC243C0
0 8 R 0xF2A3C0
0 8 R 0x2103C0
0 8 W 0x910000
0 8 R 0xC16000
0 8 R 0xF1C000
0 8 R 0x202000
0 8 W 0x912040
0 8 R 0xC18040
0 8 R 0xF1E040
0 8 R 0x204040
0 8 W 0x914080
0 8 R 0xC1A080
0 8 R 0xF20080
0 8 R 0x206080
0 8 W 0x9160C0
0 8 R 0xC1C0C0
0 8 R 0xF220C0
0 8 R 0x2080C0
0 8 W 0x918100
0 8 R 0xC1E100
0 8 R 0xF24100
0 8 R 0x20A100
0 8 W 0x91A140
0 8 R 0xC20140
0 8 R 0xF26140
0 8 R 0x20C140
0 8 W 0x91C180
0 8 R 0xC22180
0 8 R 0xF28180
0 8 R 0x20E180
0 8 W 0x91E1C0
0 8 R 0xC241C0
0 8 R 0xF2A1C0
0 8 R 0x2101C0
0 8 W 0x910200
0 8 R 0xC16200
0 8 R 0xF1C200
0 8 R 0x202200
0 8 W 0x912240
0 8 R 0xC18240
0 8 R 0xF1E240
0 8 R 0x204240
0 8 W 0x914280
0 8 R 0xC1A280
0 8 R 0xF20280
0 8 R 0x206280
0 8 W 0x9162C0
0 8 R 0xC1C2C0
0 8 R 0xF222C0
0 8 R 0x2082C0
0 8 W 0x918300
0 8 R 0xC1E300
0 8 R 0xF24300
0 8 R 0x20A300
0 8 W 0x91A340
0 8 R 0xC20340
0 8 R 0xF26340
0 8 R 0x20C340
0 8 W 0x91C380
0 8 R 0xC22380
0 8 R 0xF28380
0 8 R 0x20E380
0 8 W 0x91E3C0
0 8 R 0xC243C0
0 8 R 0xF2A3C0
0 8 R 0x2103C0
0 8 W 0x910000
0 8 R 0xC16000
0 8 R 0xF1C000
0 8 R 0x202000
0 8 W 0x912040
0 8 R 0xC18040
0 8 R 0xF1E040
0 8 R 0x204040
0 8 W 0x914080
0 8 R 0xC1A080
0 8 R 0xF20080
0 8 R 0x206080
0 8 W 0x9160C0
0 8 R 0xC1C0C0
0 8 R 0xF220C0
0 8 R 0x2080C0
0 8 W 0x918100
0 8 R 0xC1E100
0 8 R 0xF24100
0 8 R 0x20A100
0 8 W 0x91A140
0 8 R 0xC20140
0 8 R 0xF26140
0 8 R 0x20C140
0 8 W 0x91C180
0 8 R 0xC22180
0 8 R 0xF28180
0 8 R 0x20E180
0 8 W 0x91E1C0
0 8 R 0xC241C0
0 8 R 0xF2A1C0
0 8 R 0x2101C0
0 8 W 0x910200
0 8 R 0xC16200
0 8 R 0xF1C200
0 8 R 0x202200
0 8 W 0x912240
0 8 R 0xC18240
0 8 R 0xF1E240
0 8 R 0x204240
0 8 W 0x914280
0 8 R 0xC1A280
0 8 R 0xF20280
0 8 R 0x206280
0 8 W 0x9162C0
0 8 R 0xC1C2C0
0 8 R 0xF222C0
0 8 R 0x2082C0
0 8 W 0x918300
0 8 R 0xC1E300
0 8 R 0xF24300
0 8 R 0x20A300
0 8 W 0x91A340
0 8 R 0xC20340
0 8 R 0xF26340
0 8 R 0x20C340
0 8 W 0x91C380
0 8 R 0xC22380
0 8 R 0xF28380
0 8 R 0x20E380
0 8 W 0x91E3C0
0 8 R 0xC243C0
0 8 R 0xF2A3C0
0 8 R 0x2103C0
0 8 W 0x910000
0 8 R 0xC16000
0 8 R 0xF1C000
0 8 R 0x202000
0 8 W 0x912040
0 8 R 0xC18040
0 8 R 0xF1E040
0 8 R 0x204040
0 8 W 0x914080
0 8 R 0xC1A080
0 8 R 0xF20080
0 8 R 0x206080
0 8 W 0x9160C0
0 8 R 0xC1C0C0
0 8 R 0xF220C0
0 8 R 0x2080C0
0 8 W 0x918100
0 8 R 0xC1E100
0 8 R 0xF24100
0 8 R 0x20A100
0 8 W 0x91A140
0 8 R 0xC20140
0 8 R 0xF26140
0 8 R 0x20C140
0 8 W 0x91C180
0 8 R 0xC22180
0 8 R 0xF28180
0 8 R 0x20E180
0 8 W 0x91E1C0
0 8 R 0xC241C0
0 8 R 0xF2A1C0
0 8 R 0x2101C0
0 8 W 0x910200
0 8 R 0xC16200
0 8 R 0xF1C200
0 8 R 0x202200
0 8 W 0x912240
0 8 R 0xC18240
0 8 R 0xF1E240
0 8 R 0x204240
0 8 W 0x914280
0 8 R 0xC1A280
0 8 R 0xF20280
0 8 R 0x206280
0 8 W 0x9162C0
0 8 R 0xC1C2C0
0 8 R 0xF222C0
0 8 R 0x2082C0
0 8 W 0x918300
0 8 R 0xC1E300
0 8 R 0xF24300
0 8 R 0x20A300
0 8 W 0x91A340
0 8 R 0xC20340
0 8 R 0xF26340
0 8 R 0x20C340
0 8 W 0x91C380
0 8 R 0xC22380
0 8 R 0xF28380
0 8 R 0x20E380
0 8 W 0x91E3C0
0 8 R 0xC243C0
0 8 R 0xF2A3C0
0 8 R 0x2103C0
0 8 W 0x910000
0 8 R 0xC16000
0 8 R 0xF1C000
0 8 R 0x202000
0 8 W 0x912040
0 8 R 0xC18040
0 8 R 0xF1E040
0 8 R 0x204040
0 8 W 0x914080
0 8 R 0xC1A080
0 8 R 0xF20080
0 8 R 0x206080
0 8 W 0x9160C0
0 8 R 0xC1C0C0
0 8 R 0xF220C0
0 8 R 0x2080C0
0 8 W 0x918100
0 8 R 0xC1E100
0 8 R 0xF24100
0 8 R 0x20A100
0 8 W 0x91A140
0 8 R 0xC20140
0 8 R 0xF26140
0 8 R 0x20C140
0 8 W 0x91C180
0 8 R 0xC22180
0 8 R 0xF28180
0 8 R 0x20E180
0 8 W 0x91E1C0
0 8 R 0xC241C0
0 8 R 0xF2A1C0
0 8 R 0x2101C0
0 8 W 0x910200
0 8 R 0xC16200
0 8 R 0xF1C200
0 8 R 0x202200
0 8 W 0x912240
0 8 R 0xC18240
0 8 R 0xF1E240
0 8 R 0x204240
0 8 W 0x914280
0 8 R 0xC1A280
0 8 R 0xF20280
0 8 R 0x206280
0 8 W 0x9162C0
0 8 R 0xC1C2C0
0 8 R 0xF222C0
0 8 R 0x2082C0
0 8 W 0x918300
0 8 R 0xC1E300
0 8 R 0xF24300
0 8 R 0x20A300
0 8 W 0x91A340
0 8 R 0xC20340
0 8 R 0xF26340
0 8 R 0x20C340
0 8 W 0x91C380
0 8 R 0xC22380
0 8 R 0xF28380
0 8 R 0x20E380
0 8 W 0x91E3C0
0 8 R 0xC243C0
0 8 R 0xF2A3C0
0 8 R 0x2103C0
0 9 W 0xA12000
0 9 R 0xD18000
0 9 R 0x101E000
0 9 R 0x304000
0 9 W 0xA14040
0 9 R 0xD1A040
0 9 R 0x1020040
0 9 R 0x306040
0 9 W 0xA16080
0 9 R 0xD1C080
0 9 R 0x1022080
0 9 R 0x308080
0 9 W 0xA180C0
0 9 R 0xD1E0C0
0 9 R 0x10240C0
0 9 R 0x30A0C0
0 9 W 0xA1A100
0 9 R 0xD20100
0 9 R 0x1026100
0 9 R 0x30C100
0 9 W 0xA1C140
0 9 R 0xD22140
0 9 R 0x1028140
0 9 R 0x30E140
0 9 W 0xA1E180
0 9 R 0xD24180
0 9 R 0x102A180
0 9 R 0x310180
0 9 W 0xA201C0
0 9 R 0xD261C0
0 9 R 0x102C1C0
0 9 R 0x3121C0
0 9 W 0xA12200
0 9 R 0xD18200
0 9 R 0x101E200
0 9 R 0x304200
0 9 W 0xA14240
0 9 R 0xD1A240
0 9 R 0x1020240
0 9 R 0x306240
0 9 W 0xA16280
0 9 R 0xD1C280
0 9 R 0x1022280
0 9 R 0x308280
0 9 W 0xA182C0
0 9 R 0xD1E2C0
0 9 R 0x10242C0
0 9 R 0x30A2C0
0 9 W 0xA1A300
0 9 R 0xD20300
0 9 R 0x1026300
0 9 R 0x30C300
0 9 W 0xA1C340
0 9 R 0xD22340
0 9 R 0x1028340
0 9 R 0x30E340
0 9 W 0xA1E380
0 9 R 0xD24380
0 9 R 0x102A380
0 9 R 0x310380
0 9 W 0xA203C0
0 9 R 0xD263C0
0 9 R 0x102C3C0
0 9 R 0x3123C0
0 9 W 0xA12000
0 9 R 0xD18000
0 9 R 0x101E000
0 9 R 0x304000
0 9 W 0xA14040
0 9 R 0xD1A040
0 9 R 0x1020040
0 9 R 0x306040
0 9 W 0xA16080
0 9 R 0xD1C080
0 9 R 0x1022080
0 9 R 0x308080
0 9 W 0xA180C0
0 9 R 0xD1E0C0
0 9 R 0x10240C0
0 9 R 0x30A0C0
0 9 W 0xA1A100
0 9 R 0xD20100
0 9 R 0x1026100
0 9 R 0x30C100
0 9 W 0xA1C140
0 9 R 0xD22140
0 9 R 0x1028140
0 9 R 0x30E140
0 9 W 0xA1E180
0 9 R 0xD24180
0 9 R 0x102A180
0 9 R 0x310180
0 9 W 0xA201C0
0 9 R 0xD261C0
0 9 R 0x102C1C0
0 9 R 0x3121C0
0 9 W 0xA12200
0 9 R 0xD18200
0 9 R 0x101E200
0 9 R 0x304200
0 9 W 0xA14240
0 9 R 0xD1A240
0 9 R 0x1020240
0 9 R 0x306240
0 9 W 0xA16280
0 9 R 0xD1C280
0 9 R 0x1022280
0 9 R 0x308280
0 9 W 0xA182C0
0 9 R 0xD1E2C0
0 9 R 0x10242C0
0 9 R 0x30A2C0
0 9 W 0xA1A300
0 9 R 0xD20300
0 9 R 0x1026300
0 9 R 0x30C300
0 9 W 0xA1C340
0 9 R 0xD22340
0 9 R 0x1028340
0 9 R 0x30E340
0 9 W 0xA1E380
0 9 R 0xD24380
0 9 R 0x102A380
0 9 R 0x310380
0 9 W 0xA203C0
0 9 R 0xD263C0
0 9 R 0x102C3C0
0 9 R 0x3123C0
0 9 W 0xA12000
0 9 R 0xD18000
0 9 R 0x101E000
0 9 R 0x304000
0 9 W 0xA14040
0 9 R 0xD1A040
0 9 R 0x1020040
0 9 R 0x306040
0 9 W 0xA16080
0 9 R 0xD1C080
0 9 R 0x1022080
0 9 R 0x308080
0 9 W 0xA180C0
0 9 R 0xD1E0C0
0 9 R 0x10240C0
0 9 R 0x30A0C0
0 9 W 0xA1A100
0 9 R 0xD20100
0 9 R 0x1026100
0 9 R 0x30C100
0 9 W 0xA1C140
0 9 R 0xD22140
0 9 R 0x1028140
0 9 R 0x30E140
0 9 W 0xA1E180
0 9 R 0xD24180
0 9 R 0x102A180
0 9 R 0x310180
0 9 W 0xA201C0
0 9 R 0xD261C0
0 9 R 0x102C1C0
0 9 R 0x3121C0
0 9 W 0xA12200
0 9 R 0xD18200
0 9 R 0x101E200
0 9 R 0x304200
0 9 W 0xA14240
0 9 R 0xD1A240
0 9 R 0x1020240
0 9 R 0x306240
0 9 W 0xA16280
0 9 R 0xD1C280
0 9 R 0x1022280
0 9 R 0x308280
0 9 W 0xA182C0
0 9 R 0xD1E2C0
0 9 R 0x10242C0
0 9 R 0x30A2C0
0 9 W 0xA1A300
0 9 R 0xD20300
0 9 R 0x1026300
0 9 R 0x30C300
0 9 W 0xA1C340
0 9 R 0xD22340
0 9 R 0x1028340
0 9 R 0x30E340
0 9 W 0xA1E380
0 9 R 0xD24380
0 9 R 0x102A380
0 9 R 0x310380
0 9 W 0xA203C0
0 9 R 0xD263C0
0 9 R 0x102C3C0
0 9 R 0x3123C0
0 9 W 0xA12000
0 9 R 0xD18000
0 9 R 0x101E000
0 9 R 0x304000
0 9 W 0xA14040
0 9 R 0xD1A040
0 9 R 0x1020040
0 9 R 0x306040
0 9 W 0xA16080
0 9 R 0xD1C080
0 9 R 0x1022080
0 9 R 0x308080
0 9 W 0xA180C0
0 9 R 0xD1E0C0
0 9 R 0x10240C0
0 9 R 0x30A0C0
0 9 W 0xA1A100
0 9 R 0xD20100
0 9 R 0x1026100
0 9 R 0x30C100
0 9 W 0xA1C140
0 9 R 0xD22140
0 9 R 0x1028140
0 9 R 0x30E140
0 9 W 0xA1E180
0 9 R 0xD24180
0 9 R 0x102A180
0 9 R 0x310180
0 9 W 0xA201C0
0 9 R 0xD261C0
0 9 R 0x102C1C0
0 9 R 0x3121C0
0 9 W 0xA12200
0 9 R 0xD18200
0 9 R 0x101E200
0 9 R 0x304200
0 9 W 0xA14240
0 9 R 0xD1A240
0 9 R 0x1020240
0 9 R 0x306240
0 9 W 0xA16280
0 9 R 0xD1C280
0 9 R 0x1022280
0 9 R 0x308280
0 9 W 0xA182C0
0 9 R 0xD1E2C0
0 9 R 0x10242C0
0 9 R 0x30A2C0
0 9 W 0xA1A300
0 9 R 0xD20300
0 9 R 0x1026300
0 9 R 0x30C300
0 9 W 0xA1C340
0 9 R 0xD22340
0 9 R 0x1028340
0 9 R 0x30E340
0 9 W 0xA1E380
0 9 R 0xD24380
0 9 R 0x102A380
0 9 R 0x310380
0 9 W 0xA203C0
0 9 R 0xD263C0
0 9 R 0x102C3C0
0 9 R 0x3123C0
0 9 W 0xA12000
0 9 R 0xD18000
0 9 R 0x101E000
0 9 R 0x304000
0 9 W 0xA14040
0 9 R 0xD1A040
0 9 R 0x1020040
0 9 R 0x306040
0 9 W 0xA16080
0 9 R 0xD1C080
0 9 R 0x1022080
0 9 R 0x308080
0 9 W 0xA180C0
0 9 R 0xD1E0C0
0 9 R 0x10240C0
0 9 R 0x30A0C0
0 9 W 0xA1A100
0 9 R 0xD20100
0 9 R 0x1026100
0 9 R 0x30C100
0 9 W 0xA1C140
0 9 R 0xD22140
0 9 R 0x1028140
0 9 R 0x30E140
0 9 W 0xA1E180
0 9 R 0xD24180
0 9 R 0x102A180
0 9 R 0x310180
0 9 W 0xA201C0
0 9 R 0xD261C0
0 9 R 0x102C1C0
0 9 R 0x3121C0
0 9 W 0xA12200
0 9 R 0xD18200
0 9 R 0x101E200
0 9 R 0x304200
0 9 W 0xA14240
0 9 R 0xD1A240
0 9 R 0x1020240
0 9 R 0x306240
0 9 W 0xA16280
0 9 R 0xD1C280
0 9 R 0x1022280
0 9 R 0x308280
0 9 W 0xA182C0
0 9 R 0xD1E2C0
0 9 R 0x10242C0
0 9 R 0x30A2C0
0 9 W 0xA1A300
0 9 R 0xD20300
0 9 R 0x1026300
0 9 R 0x30C300
0 9 W 0xA1C340
0 9 R 0xD22340
0 9 R 0x1028340
0 9 R 0x30E340
0 9 W 0xA1E380
0 9 R 0xD24380
0 9 R 0x102A380
0 9 R 0x310380
0 9 W 0xA203C0
0 9 R 0xD263C0
0 9 R 0x102C3C0
0 9 R 0x3123C0
0 9 W 0xA12000
0 9 R 0xD18000
0 9 R 0x101E000
0 9 R 0x304000
0 9 W 0xA14040
0 9 R 0xD1A040
0 9 R 0x1020040
0 9 R 0x306040
0 9 W 0xA16080
0 9 R 0xD1C080
0 9 R 0x1022080
0 9 R 0x308080
0 9 W 0xA180C0
0 9 R 0xD1E0C0
0 9 R 0x10240C0
0 9 R 0x30A0C0
0 9 W 0xA1A100
0 9 R 0xD20100
0 9 R 0x1026100
0 9 R 0x30C100
0 9 W 0xA1C140
0 9 R 0xD22140
0 9 R 0x1028140
0 9 R 0x30E140
0 9 W 0xA1E180
0 9 R 0xD24180
0 9 R 0x102A180
0 9 R 0x310180
0 9 W 0xA201C0
0 9 R 0xD261C0
0 9 R 0x102C1C0
0 9 R 0x3121C0
0 9 W 0xA12200
0 9 R 0xD18200
0 9 R 0x101E200
0 9 R 0x304200
0 9 W 0xA14240
0 9 R 0xD1A240
0 9 R 0x1020240
0 9 R 0x306240
0 9 W 0xA16280
0 9 R 0xD1C280
0 9 R 0x1022280
0 9 R 0x308280
0 9 W 0xA182C0
0 9 R 0xD1E2C0
0 9 R 0x10242C0
0 9 R 0x30A2C0
0 9 W 0xA1A300
0 9 R 0xD20300
0 9 R 0x1026300
0 9 R 0x30C300
0 9 W 0xA1C340
0 9 R 0xD22340
0 9 R 0x1028340
0 9 R 0x30E340
0 9 W 0xA1E380
0 9 R 0xD24380
0 9 R 0x102A380
0 9 R 0x310380
0 9 W 0xA203C0
0 9 R 0xD263C0
0 9 R 0x102C3C0
0 9 R 0x3123C0
0 9 W 0xA12000
0 9 R 0xD18000
0 9 R 0x101E000
0 9 R 0x304000
0 9 W 0xA14040
0 9 R 0xD1A040
0 9 R 0x1020040
0 9 R 0x306040
0 9 W 0xA16080
0 9 R 0xD1C080
0 9 R 0x1022080
0 9 R 0x308080
0 9 W 0xA180C0
0 9 R 0xD1E0C0
0 9 R 0x10240C0
0 9 R 0x30A0C0
0 9 W 0xA1A100
0 9 R 0xD20100
0 9 R 0x1026100
0 9 R 0x30C100
0 9 W 0xA1C140
0 9 R 0xD22140
0 9 R 0x1028140
0 9 R 0x30E140
0 9 W 0xA1E180
0 9 R 0xD24180
0 9 R 0x102A180
0 9 R 0x310180
0 9 W 0xA201C0
0 9 R 0xD261C0
0 9 R 0x102C1C0
0 9 R 0x3121C0
0 9 W 0xA12200
0 9 R 0xD18200
0 9 R 0x101E200
0 9 R 0x304200
0 9 W 0xA14240
0 9 R 0xD1A240
0 9 R 0x1020240
0 9 R 0x306240
0 9 W 0xA16280
0 9 R 0xD1C280
0 9 R 0x1022280
0 9 R 0x308280
0 9 W 0xA182C0
0 9 R 0xD1E2C0
0 9 R 0x10242C0
0 9 R 0x30A2C0
0 9 W 0xA1A300
0 9 R 0xD20300
0 9 R 0x1026300
0 9 R 0x30C300
0 9 W 0xA1C340
0 9 R 0xD22340
0 9 R 0x1028340
0 9 R 0x30E340
0 9 W 0xA1E380
0 9 R 0xD24380
0 9 R 0x102A380
0 9 R 0x310380
0 9 W 0xA203C0
0 9 R 0xD263C0
0 9 R 0x102C3C0
0 9 R 0x3123C0
0 9 W 0xA12000
0 9 R 0xD18000
0 9 R 0x101E000
0 9 R 0x304000
0 9 W 0xA14040
0 9 R 0xD1A040
0 9 R 0x1020040
0 9 R 0x306040
0 9 W 0xA16080
0 9 R 0xD1C080
0 9 R 0x1022080
0 9 R 0x308080
0 9 W 0xA180C0
0 9 R 0xD1E0C0
0 9 R 0x10240C0
0 9 R 0x30A0C0
0 9 W 0xA1A100
0 9 R 0xD20100
0 9 R 0x1026100
0 9 R 0x30C100
0 9 W 0xA1C140
0 9 R 0xD22140
0 9 R 0x1028140
0 9 R 0x30E140
0 9 W 0xA1E180
0 9 R 0xD24180
0 9 R 0x102A180
0 9 R 0x310180
0 9 W 0xA201C0
0 9 R 0xD261C0
0 9 R 0x102C1C0
0 9 R 0x3121C0
0 9 W 0xA12200
0 9 R 0xD18200
0 9 R 0x101E200
0 9 R 0x304200
0 9 W 0xA14240
0 9 R 0xD1A240
0 9 R 0x1020240
0 9 R 0x306240
0 9 W 0xA16280
0 9 R 0xD1C280
0 9 R 0x1022280
0 9 R 0x308280
0 9 W 0xA182C0
0 9 R 0xD1E2C0
0 9 R 0x10242C0
0 9 R 0x30A2C0
0 9 W 0xA1A300
0 9 R 0xD20300
0 9 R 0x1026300
0 9 R 0x30C300
0 9 W 0xA1C340
0 9 R 0xD22340
0 9 R 0x1028340
0 9 R 0x30E340
0 9 W 0xA1E380
0 9 R 0xD24380
0 9 R 0x102A380
0 9 R 0x310380
0 9 W 0xA203C0
0 9 R 0xD263C0
0 9 R 0x102C3C0
0 9 R 0x3123C0
0 10 W 0xB14000
0 10 R 0xE1A000
0 10 R 0x100000
0 10 R 0x406000
0 10 W 0xB16040
0 10 R 0xE1C040
0 10 R 0x102040
0 10 R 0x408040
0 10 W 0xB18080
0 10 R 0xE1E080
0 10 R 0x104080
0 10 R 0x40A080
0 10 W 0xB1A0C0
0 10 R 0xE200C0
0 10 R 0x1060C0
0 10 R 0x40C0C0
0 10 W 0xB1C100
0 10 R 0xE22100
0 10 R 0x108100
0 10 R 0x40E100
0 10 W 0xB1E140
0 10 R 0xE24140
0 10 R 0x10A140
0 10 R 0x410140
0 10 W 0xB20180
0 10 R 0xE26180
0 10 R 0x10C180
0 10 R 0x412180
0 10 W 0xB221C0
0 10 R 0xE281C0
0 10 R 0x10E1C0
0 10 R 0x4141C0
0 10 W 0xB14200
0 10 R 0xE1A200
0 10 R 0x100200
0 10 R 0x406200
0 10 W 0xB16240
0 10 R 0xE1C240
0 10 R 0x102240
0 10 R 0x408240
0 10 W 0xB18280
0 10 R 0xE1E280
0 10 R 0x104280
0 10 R 0x40A280
0 10 W 0xB1A2C0
0 10 R 0xE202C0
0 10 R 0x1062C0
0 10 R 0x40C2C0
0 10 W 0xB1C300
0 10 R 0xE22300
0 10 R 0x108300
0 10 R 0x40E300
0 10 W 0xB1E340
0 10 R 0xE24340
0 10 R 0x10A340
0 10 R 0x410340
0 10 W 0xB20380
0 10 R 0xE26380
0 10 R 0x10C380
0 10 R 0x412380
0 10 W 0xB223C0
0 10 R 0xE283C0
0 10 R 0x10E3C0
0 10 R 0x4143C0
0 10 W 0xB14000
0 10 R 0xE1A000
0 10 R 0x100000
0 10 R 0x406000
0 10 W 0xB16040
0 10 R 0xE1C040
0 10 R 0x102040
0 10 R 0x408040
0 10 W 0xB18080
0 10 R 0xE1E080
0 10 R 0x104080
0 10 R 0x40A080
0 10 W 0xB1A0C0
0 10 R 0xE200C0
0 10 R 0x1060C0
0 10 R 0x40C0C0
0 10 W 0xB1C100
0 10 R 0xE22100
0 10 R 0x108100
0 10 R 0x40E100
0 10 W 0xB1E140
0 10 R 0xE24140
0 10 R 0x10A140
0 10 R 0x410140
0 10 W 0xB20180
0 10 R 0xE26180
0 10 R 0x10C180
0 10 R 0x412180
0 10 W 0xB221C0
0 10 R 0xE281C0
0 10 R 0x10E1C0
0 10 R 0x4141C0
0 10 W 0xB14200
0 10 R 0xE1A200
0 10 R 0x100200
0 10 R 0x406200
0 10 W 0xB16240
0 10 R 0xE1C240
0 10 R 0x102240
0 10 R 0x408240
0 10 W 0xB18280
0 10 R 0xE1E280
0 10 R 0x104280
0 10 R 0x40A280
0 10 W 0xB1A2C0
0 10 R 0xE202C0
0 10 R 0x1062C0
0 10 R 0x40C2C0
0 10 W 0xB1C300
0 10 R 0xE22300
0 10 R 0x108300
0 10 R 0x40E300
0 10 W 0xB1E340
0 10 R 0xE24340
0 10 R 0x10A340
0 10 R 0x410340
0 10 W 0xB20380
0 10 R 0xE26380
0 10 R 0x10C380
0 10 R 0x412380
0 10 W 0xB223C0
0 10 R 0xE283C0
0 10 R 0x10E3C0
0 10 R 0x4143C0
0 10 W 0xB14000
0 10 R 0xE1A000
0 10 R 0x100000
0 10 R 0x406000
0 10 W 0xB16040
0 10 R 0xE1C040
0 10 R 0x102040
0 10 R 0x408040
0 10 W 0xB18080
0 10 R 0xE1E080
0 10 R 0x104080
0 10 R 0x40A080
0 10 W 0xB1A0C0
0 10 R 0xE200C0
0 10 R 0x1060C0
0 10 R 0x40C0C0
0 10 W 0xB1C100
0 10 R 0xE22100
0 10 R 0x108100
0 10 R 0x40E100
0 10 W 0xB1E140
0 10 R 0xE24140
0 10 R 0x10A140
0 10 R 0x410140
0 10 W 0xB20180
0 10 R 0xE26180
0 10 R 0x10C180
0 10 R 0x412180
0 10 W 0xB221C0
0 10 R 0xE281C0
0 10 R 0x10E1C0
0 10 R 0x4141C0
0 10 W 0xB14200
0 10 R 0xE1A200
0 10 R 0x100200
0 10 R 0x406200
0 10 W 0xB16240
0 10 R 0xE1C240
0 10 R 0x102240
0 10 R 0x408240
0 10 W 0xB18280
0 10 R 0xE1E280
0 10 R 0x104280
0 10 R 0x40A280
0 10 W 0xB1A2C0
0 10 R 0xE202C0
0 10 R 0x1062C0
0 10 R 0x40C2C0
0 10 W 0xB1C300
0 10 R 0xE22300
0 10 R 0x108300
0 10 R 0x40E300
0 10 W 0xB1E340
0 10 R 0xE24340
0 10 R 0x10A340
0 10 R 0x410340
0 10 W 0xB20380
0 10 R 0xE26380
0 10 R 0x10C380
0 10 R 0x412380
0 10 W 0xB223C0
0 10 R 0xE283C0
0 10 R 0x10E3C0
0 10 R 0x4143C0
0 10 W 0xB14000
0 10 R 0xE1A000
0 10 R 0x100000
0 10 R 0x406000
0 10 W 0xB16040
0 10 R 0xE1C040
0 10 R 0x102040
0 10 R 0x408040
0 10 W 0xB18080
0 10 R 0xE1E080
0 10 R 0x104080
0 10 R 0x40A080
0 10 W 0xB1A0C0
0 10 R 0xE200C0
0 10 R 0x1060C0
0 10 R 0x40C0C0
0 10 W 0xB1C100
0 10 R 0xE22100
0 10 R 0x108100
0 10 R 0x40E100
0 10 W 0xB1E140
0 10 R 0xE24140
0 10 R 0x10A140
0 10 R 0x410140
0 10 W 0xB20180
0 10 R 0xE26180
0 10 R 0x10C180
0 10 R 0x412180
0 10 W 0xB221C0
0 10 R 0xE281C0
0 10 R 0x10E1C0
0 10 R 0x4141C0
0 10 W 0xB14200
0 10 R 0xE1A200
0 10 R 0x100200
0 10 R 0x406200
0 10 W 0xB16240
0 10 R 0xE1C240
0 10 R 0x102240
0 10 R 0x408240
0 10 W 0xB18280
0 10 R 0xE1E280
0 10 R 0x104280
0 10 R 0x40A280
0 10 W 0xB1A2C0
0 10 R 0xE202C0
0 10 R 0x1062C0
0 10 R 0x40C2C0
0 10 W 0xB1C300
0 10 R 0xE22300
0 10 R 0x108300
0 10 R 0x40E300
0 10 W 0xB1E340
0 10 R 0xE24340
0 10 R 0x10A340
0 10 R 0x410340
0 10 W 0xB20380
0 10 R 0xE26380
0 10 R 0x10C380
0 10 R 0x412380
0 10 W 0xB223C0
0 10 R 0xE283C0
0 10 R 0x10E3C0
0 10 R 0x4143C0
0 10 W 0xB14000
0 10 R 0xE1A000
0 10 R 0x100000
0 10 R 0x406000
0 10 W 0xB16040
0 10 R 0xE1C040
0 10 R 0x102040
0 10 R 0x408040
0 10 W 0xB18080
0 10 R 0xE1E080
0 10 R 0x104080
0 10 R 0x40A080
0 10 W 0xB1A0C0
0 10 R 0xE200C0
0 10 R 0x1060C0
0 10 R 0x40C0C0
0 10 W 0xB1C100
0 10 R 0xE22100
0 10 R 0x108100
0 10 R 0x40E100
0 10 W 0xB1E140
0 10 R 0xE24140
0 10 R 0x10A140
0 10 R 0x410140
0 10 W 0xB20180
0 10 R 0xE26180
0 10 R 0x10C180
0 10 R 0x412180
0 10 W 0xB221C0
0 10 R 0xE281C0
0 10 R 0x10E1C0
0 10 R 0x4141C0
0 10 W 0xB14200
0 10 R 0xE1A200
0 10 R 0x100200
0 10 R 0x406200
0 10 W 0xB16240
0 10 R 0xE1C240
0 10 R 0x102240
0 10 R 0x408240
0 10 W 0xB18280
0 10 R 0xE1E280
0 10 R 0x104280
0 10 R 0x40A280
0 10 W 0xB1A2C0
0 10 R 0xE202C0
0 10 R 0x1062C0
0 10 R 0x40C2C0
0 10 W 0xB1C300
0 10 R 0xE22300
0 10 R 0x108300
0 10 R 0x40E300
0 10 W 0xB1E340
0 10 R 0xE24340
0 10 R 0x10A340
0 10 R 0x410340
0 10 W 0xB20380
0 10 R 0xE26380
0 10 R 0x10C380
0 10 R 0x412380
0 10 W 0xB223C0
0 10 R 0xE283C0
0 10 R 0x10E3C0
0 10 R 0x4143C0
0 10 W 0xB14000
0 10 R 0xE1A000
0 10 R 0x100000
0 10 R 0x406000
0 10 W 0xB16040
0 10 R 0xE1C040
0 10 R 0x102040
0 10 R 0x408040
0 10 W 0xB18080
0 10 R 0xE1E080
0 10 R 0x104080
0 10 R 0x40A080
0 10 W 0xB1A0C0
0 10 R 0xE200C0
0 10 R 0x1060C0
0 10 R 0x40C0C0
0 10 W 0xB1C100
0 10 R 0xE22100
0 10 R 0x108100
0 10 R 0x40E100
0 10 W 0xB1E140
0 10 R 0xE24140
0 10 R 0x10A140
0 10 R 0x410140
0 10 W 0xB20180
0 10 R 0xE26180
0 10 R 0x10C180
0 10 R 0x412180
0 10 W 0xB221C0
0 10 R 0xE281C0
0 10 R 0x10E1C0
0 10 R 0x4141C0
0 10 W 0xB14200
0 10 R 0xE1A200
0 10 R 0x100200
0 10 R 0x406200
0 10 W 0xB16240
0 10 R 0xE1C240
0 10 R 0x102240
0 10 R 0x408240
0 10 W 0xB18280
0 10 R 0xE1E280
0 10 R 0x104280
0 10 R 0x40A280
0 10 W 0xB1A2C0
0 10 R 0xE202C0
0 10 R 0x1062C0
0 10 R 0x40C2C0
0 10 W 0xB1C300
0 10 R 0xE22300
0 10 R 0x108300
0 10 R 0x40E300
0 10 W 0xB1E340
0 10 R 0xE24340
0 10 R 0x10A340
0 10 R 0x410340
0 10 W 0xB20380
0 10 R 0xE26380
0 10 R 0x10C380
0 10 R 0x412380
0 10 W 0xB223C0
0 10 R 0xE283C0
0 10 R 0x10E3C0
0 10 R 0x4143C0
0 10 W 0xB14000
0 10 R 0xE1A000
0 10 R 0x100000
0 10 R 0x406000
0 10 W 0xB16040
0 10 R 0xE1C040
0 10 R 0x102040
0 10 R 0x408040
0 10 W 0xB18080
0 10 R 0xE1E080
0 10 R 0x104080
0 10 R 0x40A080
0 10 W 0xB1A0C0
0 10 R 0xE200C0
0 10 R 0x1060C0
0 10 R 0x40C0C0
0 10 W 0xB1C100
0 10 R 0xE22100
0 10 R 0x108100
0 10 R 0x40E100
0 10 W 0xB1E140
0 10 R 0xE24140
0 10 R 0x10A140
0 10 R 0x410140
0 10 W 0xB20180
0 10 R 0xE26180
0 10 R 0x10C180
0 10 R 0x412180
0 10 W 0xB221C0
0 10 R 0xE281C0
0 10 R 0x10E1C0
0 10 R 0x4141C0
0 10 W 0xB14200
0 10 R 0xE1A200
0 10 R 0x100200
0 10 R 0x406200
0 10 W 0xB16240
0 10 R 0xE1C240
0 10 R 0x102240
0 10 R 0x408240
0 10 W 0xB18280
0 10 R 0xE1E280
0 10 R 0x104280
0 10 R 0x40A280
0 10 W 0xB1A2C0
0 10 R 0xE202C0
0 10 R 0x1062C0
0 10 R 0x40C2C0
0 10 W 0xB1C300
0 10 R 0xE22300
0 10 R 0x108300
0 10 R 0x40E300
0 10 W 0xB1E340
0 10 R 0xE24340
0 10 R 0x10A340
0 10 R 0x410340
0 10 W 0xB20380
0 10 R 0xE26380
0 10 R 0x10C380
0 10 R 0x412380
0 10 W 0xB223C0
0 10 R 0xE283C0
0 10 R 0x10E3C0
0 10 R 0x4143C0
0 10 W 0xB14000
0 10 R 0xE1A000
0 10 R 0x100000
0 10 R 0x406000
0 10 W 0xB16040
0 10 R 0xE1C040
0 10 R 0x102040
0 10 R 0x408040
0 10 W 0xB18080
0 10 R 0xE1E080
0 10 R 0x104080
0 10 R 0x40A080
0 10 W 0xB1A0C0
0 10 R 0xE200C0
0 10 R 0x1060C0
0 10 R 0x40C0C0
0 10 W 0xB1C100
0 10 R 0xE22100
0 10 R 0x108100
0 10 R 0x40E100
0 10 W 0xB1E140
0 10 R 0xE24140
0 10 R 0x10A140
0 10 R 0x410140
0 10 W 0xB20180
0 10 R 0xE26180
0 10 R 0x10C180
0 10 R 0x412180
0 10 W 0xB221C0
0 10 R 0xE281C0
0 10 R 0x10E1C0
0 10 R 0x4141C0
0 10 W 0xB14200
0 10 R 0xE1A200
0 10 R 0x100200
0 10 R 0x406200
0 10 W 0xB16240
0 10 R 0xE1C240
0 10 R 0x102240
0 10 R 0x408240
0 10 W 0xB18280
0 10 R 0xE1E280
0 10 R 0x104280
0 10 R 0x40A280
0 10 W 0xB1A2C0
0 10 R 0xE202C0
0 10 R 0x1062C0
0 10 R 0x40C2C0
0 10 W 0xB1C300
0 10 R 0xE22300
0 10 R 0x108300
0 10 R 0x40E300
0 10 W 0xB1E340
0 10 R 0xE24340
0 10 R 0x10A340
0 10 R 0x410340
0 10 W 0xB20380
0 10 R 0xE26380
0 10 R 0x10C380
0 10 R 0x412380
0 10 W 0xB223C0
0 10 R 0xE283C0
0 10 R 0x10E3C0
0 10 R 0x4143C0
0 11 W 0xC16000
0 11 R 0xF1C000
0 11 R 0x202000
0 11 R 0x508000
0 11 W 0xC18040
0 11 R 0xF1E040
0 11 R 0x204040
0 11 R 0x50A040
0 11 W 0xC1A080
0 11 R 0xF20080
0 11 R 0x206080
0 11 R 0x50C080
0 11 W 0xC1C0C0
0 11 R 0xF220C0
0 11 R 0x2080C0
0 11 R 0x50E0C0
0 11 W 0xC1E100
0 11 R 0xF24100
0 11 R 0x20A100
0 11 R 0x510100
0 11 W 0xC20140
0 11 R 0xF26140
0 11 R 0x20C140
0 11 R 0x512140
0 11 W 0xC22180
0 11 R 0xF28180
0 11 R 0x20E180
0 11 R 0x514180
0 11 W 0xC241C0
0 11 R 0xF2A1C0
0 11 R 0x2101C0
0 11 R 0x5161C0
0 11 W 0xC16200
0 11 R 0xF1C200
0 11 R 0x202200
0 11 R 0x508200
0 11 W 0xC18240
0 11 R 0xF1E240
0 11 R 0x204240
0 11 R 0x50A240
0 11 W 0xC1A280
0 11 R 0xF20280
0 11 R 0x206280
0 11 R 0x50C280
0 11 W 0xC1C2C0
0 11 R 0xF222C0
0 11 R 0x2082C0
0 11 R 0x50E2C0
0 11 W 0xC1E300
0 11 R 0xF24300
0 11 R 0x20A300
0 11 R 0x510300
0 11 W 0xC20340
0 11 R 0xF26340
0 11 R 0x20C340
0 11 R 0x512340
0 11 W 0xC22380
0 11 R 0xF28380
0 11 R 0x20E380
0 11 R 0x514380
0 11 W 0xC243C0
0 11 R 0xF2A3C0
0 11 R 0x2103C0
0 11 R 0x5163C0
0 11 W 0xC16000
0 11 R 0xF1C000
0 11 R 0x202000
0 11 R 0x508000
0 11 W 0xC18040
0 11 R 0xF1E040
0 11 R 0x204040
0 11 R 0x50A040
0 11 W 0xC1A080
0 11 R 0xF20080
0 11 R 0x206080
0 11 R 0x50C080
0 11 W 0xC1C0C0
0 11 R 0xF220C0
0 11 R 0x2080C0
0 11 R 0x50E0C0
0 11 W 0xC1E100
0 11 R 0xF24100
0 11 R 0x20A100
0 11 R 0x510100
0 11 W 0xC20140
0 11 R 0xF26140
0 11 R 0x20C140
0 11 R 0x512140
0 11 W 0xC22180
0 11 R 0xF28180
0 11 R 0x20E180
0 11 R 0x514180
0 11 W 0xC241C0
0 11 R 0xF2A1C0
0 11 R 0x2101C0
0 11 R 0x5161C0
0 11 W 0xC16200
0 11 R 0xF1C200
0 11 R 0x202200
0 11 R 0x508200
0 11 W 0xC18240
0 11 R 0xF1E240
0 11 R 0x204240
0 11 R 0x50A240
0 11 W 0xC1A280
0 11 R 0xF20280
0 11 R 0x206280
0 11 R 0x50C280
0 11 W 0xC1C2C0
0 11 R 0xF222C0
0 11 R 0x2082C0
0 11 R 0x50E2C0
0 11 W 0xC1E300
0 11 R 0xF24300
0 11 R 0x20A300
0 11 R 0x510300
0 11 W 0xC20340
0 11 R 0xF26340
0 11 R 0x20C340
0 11 R 0x512340
0 11 W 0xC22380
0 11 R 0xF28380
0 11 R 0x20E380
0 11 R 0x514380
0 11 W 0xC243C0
0 11 R 0xF2A3C0
0 11 R 0x2103C0
0 11 R 0x5163C0
0 11 W 0xC16000
0 11 R 0xF1C000
0 11 R 0x202000
0 11 R 0x508000
0 11 W 0xC18040
0 11 R 0xF1E040
0 11 R 0x204040
0 11 R 0x50A040
0 11 W 0xC1A080
0 11 R 0xF20080
0 11 R 0x206080
0 11 R 0x50C080
0 11 W 0xC1C0C0
0 11 R 0xF220C0
0 11 R 0x2080C0
0 11 R 0x50E0C0
0 11 W 0xC1E100
0 11 R 0xF24100
0 11 R 0x20A100
0 11 R 0x510100
0 11 W 0xC20140
0 11 R 0xF26140
0 11 R 0x20C140
0 11 R 0x512140
0 11 W 0xC22180
0 11 R 0xF28180
0 11 R 0x20E180
0 11 R 0x514180
0 11 W 0xC241C0
0 11 R 0xF2A1C0
0 11 R 0x2101C0
0 11 R 0x5161C0
0 11 W 0xC16200
0 11 R 0xF1C200
0 11 R 0x202200
0 11 R 0x508200
0 11 W 0xC18240
0 11 R 0xF1E240
0 11 R 0x204240
0 11 R 0x50A240
0 11 W 0xC1A280
0 11 R 0xF20280
0 11 R 0x206280
0 11 R 0x50C280
0 11 W 0xC1C2C0
0 11 R 0xF222C0
0 11 R 0x2082C0
0 11 R 0x50E2C0
0 11 W 0xC1E300
0 11 R 0xF24300
0 11 R 0x20A300
0 11 R 0x510300
0 11 W 0xC20340
0 11 R 0xF26340
0 11 R 0x20C340
0 11 R 0x512340
0 11 W 0xC22380
0 11 R 0xF28380
0 11 R 0x20E380
0 11 R 0x514380
0 11 W 0xC243C0
0 11 R 0xF2A3C0
0 11 R 0x2103C0
0 11 R 0x5163C0
0 11 W 0xC16000
0 11 R 0xF1C000
0 11 R 0x202000
0 11 R 0x508000
0 11 W 0xC18040
0 11 R 0xF1E040
0 11 R 0x204040
0 11 R 0x50A040
0 11 W 0xC1A080
0 11 R 0xF20080
0 11 R 0x206080
0 11 R 0x50C080
0 11 W 0xC1C0C0
0 11 R 0xF220C0
0 11 R 0x2080C0
0 11 R 0x50E0C0
0 11 W 0xC1E100
0 11 R 0xF24100
0 11 R 0x20A100
0 11 R 0x510100
0 11 W 0xC20140
0 11 R 0xF26140
0 11 R 0x20C140
0 11 R 0x512140
0 11 W 0xC22180
0 11 R 0xF28180
0 11 R 0x20E180
0 11 R 0x514180
0 11 W 0xC241C0
0 11 R 0xF2A1C0
0 11 R 0x2101C0
0 11 R 0x5161C0
0 11 W 0xC16200
0 11 R 0xF1C200
0 11 R 0x202200
0 11 R 0x508200
0 11 W 0xC18240
0 11 R 0xF1E240
0 11 R 0x204240
0 11 R 0x50A240
0 11 W 0xC1A280
0 11 R 0xF20280
0 11 R 0x206280
0 11 R 0x50C280
0 11 W 0xC1C2C0
0 11 R 0xF222C0
0 11 R 0x2082C0
0 11 R 0x50E2C0
0 11 W 0xC1E300
0 11 R 0xF24300
0 11 R 0x20A300
0 11 R 0x510300
0 11 W 0xC20340
0 11 R 0xF26340
0 11 R 0x20C340
0 11 R 0x512340
0 11 W 0xC22380
0 11 R 0xF28380
0 11 R 0x20E380
0 11 R 0x514380
0 11 W 0xC243C0
0 11 R 0xF2A3C0
0 11 R 0x2103C0
0 11 R 0x5163C0
0 11 W 0xC16000
0 11 R 0xF1C000
0 11 R 0x202000
0 11 R 0x508000
0 11 W 0xC18040
0 11 R 0xF1E040
0 11 R 0x204040
0 11 R 0x50A040
0 11 W 0xC1A080
0 11 R 0xF20080
0 11 R 0x206080
0 11 R 0x50C080
0 11 W 0xC1C0C0
0 11 R 0xF220C0
0 11 R 0x2080C0
0 11 R 0x50E0C0
0 11 W 0xC1E100
0 11 R 0xF24100
0 11 R 0x20A100
0 11 R 0x510100
0 11 W 0xC20140
0 11 R 0xF26140
0 11 R 0x20C140
0 11 R 0x512140
0 11 W 0xC22180
0 11 R 0xF28180
0 11 R 0x20E180
0 11 R 0x514180
0 11 W 0xC241C0
0 11 R 0xF2A1C0
0 11 R 0x2101C0
0 11 R 0x5161C0
0 11 W 0xC16200
0 11 R 0xF1C200
0 11 R 0x202200
0 11 R 0x508200
0 11 W 0xC18240
0 11 R 0xF1E240
0 11 R 0x204240
0 11 R 0x50A240
0 11 W 0xC1A280
0 11 R 0xF20280
0 11 R 0x206280
0 11 R 0x50C280
0 11 W 0xC1C2C0
0 11 R 0xF222C0
0 11 R 0x2082C0
0 11 R 0x50E2C0
0 11 W 0xC1E300
0 11 R 0xF24300
0 11 R 0x20A300
0 11 R 0x510300
0 11 W 0xC20340
0 11 R 0xF26340
0 11 R 0x20C340
0 11 R 0x512340
0 11 W 0xC22380
0 11 R 0xF28380
0 11 R 0x20E380
0 11 R 0x514380
0 11 W 0xC243C0
0 11 R 0xF2A3C0
0 11 R 0x2103C0
0 11 R 0x5163C0
0 11 W 0xC16000
0 11 R 0xF1C000
0 11 R 0x202000
0 11 R 0x508000
0 11 W 0xC18040
0 11 R 0xF1E040
0 11 R 0x204040
0 11 R 0x50A040
0 11 W 0xC1A080
0 11 R 0xF20080
0 11 R 0x206080
0 11 R 0x50C080
0 11 W 0xC1C0C0
0 11 R 0xF220C0
0 11 R 0x2080C0
0 11 R 0x50E0C0
0 11 W 0xC1E100
0 11 R 0xF24100
0 11 R 0x20A100
0 11 R 0x510100
0 11 W 0xC20140
0 11 R 0xF26140
0 11 R 0x20C140
0 11 R 0x512140
0 11 W 0xC22180
0 11 R 0xF28180
0 11 R 0x20E180
0 11 R 0x514180
0 11 W 0xC241C0
0 11 R 0xF2A1C0
0 11 R 0x2101C0
0 11 R 0x5161C0
0 11 W 0xC16200
0 11 R 0xF1C200
0 11 R 0x202200
0 11 R 0x508200
0 11 W 0xC18240
0 11 R 0xF1E240
0 11 R 0x204240
0 11 R 0x50A240
0 11 W 0xC1A280
0 11 R 0xF20280
0 11 R 0x206280
0 11 R 0x50C280
0 11 W 0xC1C2C0
0 11 R 0xF222C0
0 11 R 0x2082C0
0 11 R 0x50E2C0
0 11 W 0xC1E300
0 11 R 0xF24300
0 11 R 0x20A300
0 11 R 0x510300
0 11 W 0xC20340
0 11 R 0xF26340
0 11 R 0x20C340
0 11 R 0x512340
0 11 W 0xC22380
0 11 R 0xF28380
0 11 R 0x20E380
0 11 R 0x514380
0 11 W 0xC243C0
0 11 R 0xF2A3C0
0 11 R 0x2103C0
0 11 R 0x5163C0
0 11 W 0xC16000
0 11 R 0xF1C000
0 11 R 0x202000
0 11 R 0x508000
0 11 W 0xC18040
0 11 R 0xF1E040
0 11 R 0x204040
0 11 R 0x50A040
0 11 W 0xC1A080
0 11 R 0xF20080
0 11 R 0x206080
0 11 R 0x50C080
0 11 W 0xC1C0C0
0 11 R 0xF220C0
0 11 R 0x2080C0
0 11 R 0x50E0C0
0 11 W 0xC1E100
0 11 R 0xF24100
0 11 R 0x20A100
0 11 R 0x510100
0 11 W 0xC20140
0 11 R 0xF26140
0 11 R 0x20C140
0 11 R 0x512140
0 11 W 0xC22180
0 11 R 0xF28180
0 11 R 0x20E180
0 11 R 0x514180
0 11 W 0xC241C0
0 11 R 0xF2A1C0
0 11 R 0x2101C0
0 11 R 0x5161C0
0 11 W 0xC16200
0 11 R 0xF1C200
0 11 R 0x202200
0 11 R 0x508200
0 11 W 0xC18240
0 11 R 0xF1E240
0 11 R 0x204240
0 11 R 0x50A240
0 11 W 0xC1A280
0 11 R 0xF20280
0 11 R 0x206280
0 11 R 0x50C280
0 11 W 0xC1C2C0
0 11 R 0xF222C0
0 11 R 0x2082C0
0 11 R 0x50E2C0
0 11 W 0xC1E300
0 11 R 0xF24300
0 11 R 0x20A300
0 11 R 0x510300
0 11 W 0xC20340
0 11 R 0xF26340
0 11 R 0x20C340
0 11 R 0x512340
0 11 W 0xC22380
0 11 R 0xF28380
0 11 R 0x20E380
0 11 R 0x514380
0 11 W 0xC243C0
0 11 R 0xF2A3C0
0 11 R 0x2103C0
0 11 R 0x5163C0
0 11 W 0xC16000
0 11 R 0xF1C000
0 11 R 0x202000
0 11 R 0x508000
0 11 W 0xC18040
0 11 R 0xF1E040
0 11 R 0x204040
0 11 R 0x50A040
0 11 W 0xC1A080
0 11 R 0xF20080
0 11 R 0x206080
0 11 R 0x50C080
0 11 W 0xC1C0C0
0 11 R 0xF220C0
0 11 R 0x2080C0
0 11 R 0x50E0C0
0 11 W 0xC1E100
0 11 R 0xF24100
0 11 R 0x20A100
0 11 R 0x510100
0 11 W 0xC20140
0 11 R 0xF26140
0 11 R 0x20C140
0 11 R 0x512140
0 11 W 0xC22180
0 11 R 0xF28180
0 11 R 0x20E180
0 11 R 0x514180
0 11 W 0xC241C0
0 11 R 0xF2A1C0
0 11 R 0x2101C0
0 11 R 0x5161C0
0 11 W 0xC16200
0 11 R 0xF1C200
0 11 R 0x202200
0 11 R 0x508200
0 11 W 0xC18240
0 11 R 0xF1E240
0 11 R 0x204240
0 11 R 0x50A240
0 11 W 0xC1A280
0 11 R 0xF20280
0 11 R 0x206280
0 11 R 0x50C280
0 11 W 0xC1C2C0
0 11 R 0xF222C0
0 11 R 0x2082C0
0 11 R 0x50E2C0
0 11 W 0xC1E300
0 11 R 0xF24300
0 11 R 0x20A300
0 11 R 0x510300
0 11 W 0xC20340
0 11 R 0xF26340
0 11 R 0x20C340
0 11 R 0x512340
0 11 W 0xC22380
0 11 R 0xF28380
0 11 R 0x20E380
0 11 R 0x514380
0 11 W 0xC243C0
0 11 R 0xF2A3C0
0 11 R 0x2103C0
0 11 R 0x5163C0
0 12 W 0xD18000
0 12 R 0x101E000
0 12 R 0x304000
0 12 R 0x60A000
0 12 W 0xD1A040
0 12 R 0x1020040
0 12 R 0x306040
0 12 R 0x60C040
0 12 W 0xD1C080
0 12 R 0x1022080
0 12 R 0x308080
0 12 R 0x60E080
0 12 W 0xD1E0C0
0 12 R 0x10240C0
0 12 R 0x30A0C0
0 12 R 0x6100C0
0 12 W 0xD20100
0 12 R 0x1026100
0 12 R 0x30C100
0 12 R 0x612100
0 12 W 0xD22140
0 12 R 0x1028140
0 12 R 0x30E140
0 12 R 0x614140
0 12 W 0xD24180
0 12 R 0x102A180
0 12 R 0x310180
0 12 R 0x616180
0 12 W 0xD261C0
0 12 R 0x102C1C0
0 12 R 0x3121C0
0 12 R 0x6181C0
0 12 W 0xD18200
0 12 R 0x101E200
0 12 R 0x304200
0 12 R 0x60A200
0 12 W 0xD1A240
0 12 R 0x1020240
0 12 R 0x306240
0 12 R 0x60C240
0 12 W 0xD1C280
0 12 R 0x1022280
0 12 R 0x308280
0 12 R 0x60E280
0 12 W 0xD1E2C0
0 12 R 0x10242C0
0 12 R 0x30A2C0
0 12 R 0x6102C0
0 12 W 0xD20300
0 12 R 0x1026300
0 12 R 0x30C300
0 12 R 0x612300
0 12 W 0xD22340
0 12 R 0x1028340
0 12 R 0x30E340
0 12 R 0x614340
0 12 W 0xD24380
0 12 R 0x102A380
0 12 R 0x310380
0 12 R 0x616380
0 12 W 0xD263C0
0 12 R 0x102C3C0
0 12 R 0x3123C0
0 12 R 0x6183C0
0 12 W 0xD18000
0 12 R 0x101E000
0 12 R 0x304000
0 12 R 0x60A000
0 12 W 0xD1A040
0 12 R 0x1020040
0 12 R 0x306040
0 12 R 0x60C040
0 12 W 0xD1C080
0 12 R 0x1022080
0 12 R 0x308080
0 12 R 0x60E080
0 12 W 0xD1E0C0
0 12 R 0x10240C0
0 12 R 0x30A0C0
0 12 R 0x6100C0
0 12 W 0xD20100
0 12 R 0x1026100
0 12 R 0x30C100
0 12 R 0x612100
0 12 W 0xD22140
0 12 R 0x1028140
0 12 R 0x30E140
0 12 R 0x614140
0 12 W 0xD24180
0 12 R 0x102A180
0 12 R 0x310180
0 12 R 0x616180
0 12 W 0xD261C0
0 12 R 0x102C1C0
0 12 R 0x3121C0
0 12 R 0x6181C0
0 12 W 0xD18200
0 12 R 0x101E200
0 12 R 0x304200
0 12 R 0x60A200
0 12 W 0xD1A240
0 12 R 0x1020240
0 12 R 0x306240
0 12 R 0x60C240
0 12 W 0xD1C280
0 12 R 0x1022280
0 12 R 0x308280
0 12 R 0x60E280
0 12 W 0xD1E2C0
0 12 R 0x10242C0
0 12 R 0x30A2C0
0 12 R 0x6102C0
0 12 W 0xD20300
0 12 R 0x1026300
0 12 R 0x30C300
0 12 R 0x612300
0 12 W 0xD22340
0 12 R 0x1028340
0 12 R 0x30E340
0 12 R 0x614340
0 12 W 0xD24380
0 12 R 0x102A380
0 12 R 0x310380
0 12 R 0x616380
0 12 W 0xD263C0
0 12 R 0x102C3C0
0 12 R 0x3123C0
0 12 R 0x6183C0
0 12 W 0xD18000
0 12 R 0x101E000
0 12 R 0x304000
0 12 R 0x60A000
0 12 W 0xD1A040
0 12 R 0x1020040
0 12 R 0x306040
0 12 R 0x60C040
0 12 W 0xD1C080
0 12 R 0x1022080
0 12 R 0x308080
0 12 R 0x60E080
0 12 W 0xD1E0C0
0 12 R 0x10240C0
0 12 R 0x30A0C0
0 12 R 0x6100C0
0 12 W 0xD20100
0 12 R 0x1026100
0 12 R 0x30C100
0 12 R 0x612100
0 12 W 0xD22140
0 12 R 0x1028140
0 12 R 0x30E140
0 12 R 0x614140
0 12 W 0xD24180
0 12 R 0x102A180
0 12 R 0x310180
0 12 R 0x616180
0 12 W 0xD261C0
0 12 R 0x102C1C0
0 12 R 0x3121C0
0 12 R 0x6181C0
0 12 W 0xD18200
0 12 R 0x101E200
0 12 R 0x304200
0 12 R 0x60A200
0 12 W 0xD1A240
0 12 R 0x1020240
0 12 R 0x306240
0 12 R 0x60C240
0 12 W 0xD1C280
0 12 R 0x1022280
0 12 R 0x308280
0 12 R 0x60E280
0 12 W 0xD1E2C0
0 12 R 0x10242C0
0 12 R 0x30A2C0
0 12 R 0x6102C0
0 12 W 0xD20300
0 12 R 0x1026300
0 12 R 0x30C300
0 12 R 0x612300
0 12 W 0xD22340
0 12 R 0x1028340
0 12 R 0x30E340
0 12 R 0x614340
0 12 W 0xD24380
0 12 R 0x102A380
0 12 R 0x310380
0 12 R 0x616380
0 12 W 0xD263C0
0 12 R 0x102C3C0
0 12 R 0x3123C0
0 12 R 0x6183C0
0 12 W 0xD18000
0 12 R 0x101E000
0 12 R 0x304000
0 12 R 0x60A000
0 12 W 0xD1A040
0 12 R 0x1020040
0 12 R 0x306040
0 12 R 0x60C040
0 12 W 0xD1C080
0 12 R 0x1022080
0 12 R 0x308080
0 12 R 0x60E080
0 12 W 0xD1E0C0
0 12 R 0x10240C0
0 12 R 0x30A0C0
0 12 R 0x6100C0
0 12 W 0xD20100
0 12 R 0x1026100
0 12 R 0x30C100
0 12 R 0x612100
0 12 W 0xD22140
0 12 R 0x1028140
0 12 R 0x30E140
0 12 R 0x614140
0 12 W 0xD24180
0 12 R 0x102A180
0 12 R 0x310180
0 12 R 0x616180
0 12 W 0xD261C0
0 12 R 0x102C1C0
0 12 R 0x3121C0
0 12 R 0x6181C0
0 12 W 0xD18200
0 12 R 0x101E200
0 12 R 0x304200
0 12 R 0x60A200
0 12 W 0xD1A240
0 12 R 0x1020240
0 12 R 0x306240
0 12 R 0x60C240
0 12 W 0xD1C280
0 12 R 0x1022280
0 12 R 0x308280
0 12 R 0x60E280
0 12 W 0xD1E2C0
0 12 R 0x10242C0
0 12 R 0x30A2C0
0 12 R 0x6102C0
0 12 W 0xD20300
0 12 R 0x1026300
0 12 R 0x30C300
0 12 R 0x612300
0 12 W 0xD22340
0 12 R 0x1028340
0 12 R 0x30E340
0 12 R 0x614340
0 12 W 0xD24380
0 12 R 0x102A380
0 12 R 0x310380
0 12 R 0x616380
0 12 W 0xD263C0
0 12 R 0x102C3C0
0 12 R 0x3123C0
0 12 R 0x6183C0
0 12 W 0xD18000
0 12 R 0x101E000
0 12 R 0x304000
0 12 R 0x60A000
0 12 W 0xD1A040
0 12 R 0x1020040
0 12 R 0x306040
0 12 R 0x60C040
0 12 W 0xD1C080
0 12 R 0x1022080
0 12 R 0x308080
0 12 R 0x60E080
0 12 W 0xD1E0C0
0 12 R 0x10240C0
0 12 R 0x30A0C0
0 12 R 0x6100C0
0 12 W 0xD20100
0 12 R 0x1026100
0 12 R 0x30C100
0 12 R 0x612100
0 12 W 0xD22140
0 12 R 0x1028140
0 12 R 0x30E140
0 12 R 0x614140
0 12 W 0xD24180
0 12 R 0x102A180
0 12 R 0x310180
0 12 R 0x616180
0 12 W 0xD261C0
0 12 R 0x102C1C0
0 12 R 0x3121C0
0 12 R 0x6181C0
0 12 W 0xD18200
0 12 R 0x101E200
0 12 R 0x304200
0 12 R 0x60A200
0 12 W 0xD1A240
0 12 R 0x1020240
0 12 R 0x306240
0 12 R 0x60C240
0 12 W 0xD1C280
0 12 R 0x1022280
0 12 R 0x308280
0 12 R 0x60E280
0 12 W 0xD1E2C0
0 12 R 0x10242C0
0 12 R 0x30A2C0
0 12 R 0x6102C0
0 12 W 0xD20300
0 12 R 0x1026300
0 12 R 0x30C300
0 12 R 0x612300
0 12 W 0xD22340
0 12 R 0x1028340
0 12 R 0x30E340
0 12 R 0x614340
0 12 W 0xD24380
0 12 R 0x102A380
0 12 R 0x310380
0 12 R 0x616380
0 12 W 0xD263C0
0 12 R 0x102C3C0
0 12 R 0x3123C0
0 12 R 0x6183C0
0 12 W 0xD18000
0 12 R 0x101E000
0 12 R 0x304000
0 12 R 0x60A000
0 12 W 0xD1A040
0 12 R 0x1020040
0 12 R 0x306040
0 12 R 0x60C040
0 12 W 0xD1C080
0 12 R 0x1022080
0 12 R 0x308080
0 12 R 0x60E080
0 12 W 0xD1E0C0
0 12 R 0x10240C0
0 12 R 0x30A0C0
0 12 R 0x6100C0
0 12 W 0xD20100
0 12 R 0x1026100
0 12 R 0x30C100
0 12 R 0x612100
0 12 W 0xD22140
0 12 R 0x1028140
0 12 R 0x30E140
0 12 R 0x614140
0 12 W 0xD24180
0 12 R 0x102A180
0 12 R 0x310180
0 12 R 0x616180
0 12 W 0xD261C0
0 12 R 0x102C1C0
0 12 R 0x3121C0
0 12 R 0x6181C0
0 12 W 0xD18200
0 12 R 0x101E200
0 12 R 0x304200
0 12 R 0x60A200
0 12 W 0xD1A240
0 12 R 0x1020240
0 12 R 0x306240
0 12 R 0x60C240
0 12 W 0xD1C280
0 12 R 0x1022280
0 12 R 0x308280
0 12 R 0x60E280
0 12 W 0xD1E2C0
0 12 R 0x10242C0
0 12 R 0x30A2C0
0 12 R 0x6102C0
0 12 W 0xD20300
0 12 R 0x1026300
0 12 R 0x30C300
0 12 R 0x612300
0 12 W 0xD22340
0 12 R 0x1028340
0 12 R 0x30E340
0 12 R 0x614340
0 12 W 0xD24380
0 12 R 0x102A380
0 12 R 0x310380
0 12 R 0x616380
0 12 W 0xD263C0
0 12 R 0x102C3C0
0 12 R 0x3123C0
0 12 R 0x6183C0
0 12 W 0xD18000
0 12 R 0x101E000
0 12 R 0x304000
0 12 R 0x60A000
0 12 W 0xD1A040
0 12 R 0x1020040
0 12 R 0x306040
0 12 R 0x60C040
0 12 W 0xD1C080
0 12 R 0x1022080
0 12 R 0x308080
0 12 R 0x60E080
0 12 W 0xD1E0C0
0 12 R 0x10240C0
0 12 R 0x30A0C0
0 12 R 0x6100C0
0 12 W 0xD20100
0 12 R 0x1026100
0 12 R 0x30C100
0 12 R 0x612100
0 12 W 0xD22140
0 12 R 0x1028140
0 12 R 0x30E140
0 12 R 0x614140
0 12 W 0xD24180
0 12 R 0x102A180
0 12 R 0x310180
0 12 R 0x616180
0 12 W 0xD261C0
0 12 R 0x102C1C0
0 12 R 0x3121C0
0 12 R 0x6181C0
0 12 W 0xD18200
0 12 R 0x101E200
0 12 R 0x304200
0 12 R 0x60A200
0 12 W 0xD1A240
0 12 R 0x1020240
0 12 R 0x306240
0 12 R 0x60C240
0 12 W 0xD1C280
0 12 R 0x1022280
0 12 R 0x308280
0 12 R 0x60E280
0 12 W 0xD1E2C0
0 12 R 0x10242C0
0 12 R 0x30A2C0
0 12 R 0x6102C0
0 12 W 0xD20300
0 12 R 0x1026300
0 12 R 0x30C300
0 12 R 0x612300
0 12 W 0xD22340
0 12 R 0x1028340
0 12 R 0x30E340
0 12 R 0x614340
0 12 W 0xD24380
0 12 R 0x102A380
0 12 R 0x310380
0 12 R 0x616380
0 12 W 0xD263C0
0 12 R 0x102C3C0
0 12 R 0x3123C0
0 12 R 0x6183C0
0 12 W 0xD18000
0 12 R 0x101E000
0 12 R 0x304000
0 12 R 0x60A000
0 12 W 0xD1A040
0 12 R 0x1020040
0 12 R 0x306040
0 12 R 0x60C040
0 12 W 0xD1C080
0 12 R 0x1022080
0 12 R 0x308080
0 12 R 0x60E080
0 12 W 0xD1E0C0
0 12 R 0x10240C0
0 12 R 0x30A0C0
0 12 R 0x6100C0
0 12 W 0xD20100
0 12 R 0x1026100
0 12 R 0x30C100
0 12 R 0x612100
0 12 W 0xD22140
0 12 R 0x1028140
0 12 R 0x30E140
0 12 R 0x614140
0 12 W 0xD24180
0 12 R 0x102A180
0 12 R 0x310180
0 12 R 0x616180
0 12 W 0xD261C0
0 12 R 0x102C1C0
0 12 R 0x3121C0
0 12 R 0x6181C0
0 12 W 0xD18200
0 12 R 0x101E200
0 12 R 0x304200
0 12 R 0x60A200
0 12 W 0xD1A240
0 12 R 0x1020240
0 12 R 0x306240
0 12 R 0x60C240
0 12 W 0xD1C280
0 12 R 0x1022280
0 12 R 0x308280
0 12 R 0x60E280
0 12 W 0xD1E2C0
0 12 R 0x10242C0
0 12 R 0x30A2C0
0 12 R 0x6102C0
0 12 W 0xD20300
0 12 R 0x1026300
0 12 R 0x30C300
0 12 R 0x612300
0 12 W 0xD22340
0 12 R 0x1028340
0 12 R 0x30E340
0 12 R 0x614340
0 12 W 0xD24380
0 12 R 0x102A380
0 12 R 0x310380
0 12 R 0x616380
0 12 W 0xD263C0
0 12 R 0x102C3C0
0 12 R 0x3123C0
0 12 R 0x6183C0
0 13 W 0xE1A000
0 13 R 0x100000
0 13 R 0x406000
0 13 R 0x70C000
0 13 W 0xE1C040
0 13 R 0x102040
0 13 R 0x408040
0 13 R 0x70E040
0 13 W 0xE1E080
0 13 R 0x104080
0 13 R 0x40A080
0 13 R 0x710080
0 13 W 0xE200C0
0 13 R 0x1060C0
0 13 R 0x40C0C0
0 13 R 0x7120C0
0 13 W 0xE22100
0 13 R 0x108100
0 13 R 0x40E100
0 13 R 0x714100
0 13 W 0xE24140
0 13 R 0x10A140
0 13 R 0x410140
0 13 R 0x716140
0 13 W 0xE26180
0 13 R 0x10C180
0 13 R 0x412180
0 13 R 0x718180
0 13 W 0xE281C0
0 13 R 0x10E1C0
0 13 R 0x4141C0
0 13 R 0x71A1C0
0 13 W 0xE1A200
0 13 R 0x100200
0 13 R 0x406200
0 13 R 0x70C200
0 13 W 0xE1C240
0 13 R 0x102240
0 13 R 0x408240
0 13 R 0x70E240
0 13 W 0xE1E280
0 13 R 0x104280
0 13 R 0x40A280
0 13 R 0x710280
0 13 W 0xE202C0
0 13 R 0x1062C0
0 13 R 0x40C2C0
0 13 R 0x7122C0
0 13 W 0xE22300
0 13 R 0x108300
0 13 R 0x40E300
0 13 R 0x714300
0 13 W 0xE24340
0 13 R 0x10A340
0 13 R 0x410340
0 13 R 0x716340
0 13 W 0xE26380
0 13 R 0x10C380
0 13 R 0x412380
0 13 R 0x718380
0 13 W 0xE283C0
0 13 R 0x10E3C0
0 13 R 0x4143C0
0 13 R 0x71A3C0
0 13 W 0xE1A000
0 13 R 0x100000
0 13 R 0x406000
0 13 R 0x70C000
0 13 W 0xE1C040
0 13 R 0x102040
0 13 R 0x408040
0 13 R 0x70E040
0 13 W 0xE1E080
0 13 R 0x104080
0 13 R 0x40A080
0 13 R 0x710080
0 13 W 0xE200C0
0 13 R 0x1060C0
0 13 R 0x40C0C0
0 13 R 0x7120C0
0 13 W 0xE22100
0 13 R 0x108100
0 13 R 0x40E100
0 13 R 0x714100
0 13 W 0xE24140
0 13 R 0x10A140
0 13 R 0x410140
0 13 R 0x716140
0 13 W 0xE26180
0 13 R 0x10C180
0 13 R 0x412180
0 13 R 0x718180
0 13 W 0xE281C0
0 13 R 0x10E1C0
0 13 R 0x4141C0
0 13 R 0x71A1C0
0 13 W 0xE1A200
0 13 R 0x100200
0 13 R 0x406200
0 13 R 0x70C200
0 13 W 0xE1C240
0 13 R 0x102240
0 13 R 0x408240
0 13 R 0x70E240
0 13 W 0xE1E280
0 13 R 0x104280
0 13 R 0x40A280
0 13 R 0x710280
0 13 W 0xE202C0
0 13 R 0x1062C0
0 13 R 0x40C2C0
0 13 R 0x7122C0
0 13 W 0xE22300
0 13 R 0x108300
0 13 R 0x40E300
0 13 R 0x714300
0 13 W 0xE24340
0 13 R 0x10A340
0 13 R 0x410340
0 13 R 0x716340
0 13 W 0xE26380
0 13 R 0x10C380
0 13 R 0x412380
0 13 R 0x718380
0 13 W 0xE283C0
0 13 R 0x10E3C0
0 13 R 0x4143C0
0 13 R 0x71A3C0
0 13 W 0xE1A000
0 13 R 0x100000
0 13 R 0x406000
0 13 R 0x70C000
0 13 W 0xE1C040
0 13 R 0x102040
0 13 R 0x408040
0 13 R 0x70E040
0 13 W 0xE1E080
0 13 R 0x104080
0 13 R 0x40A080
0 13 R 0x710080
0 13 W 0xE200C0
0 13 R 0x1060C0
0 13 R 0x40C0C0
0 13 R 0x7120C0
0 13 W 0xE22100
0 13 R 0x108100
0 13 R 0x40E100
0 13 R 0x714100
0 13 W 0xE24140
0 13 R 0x10A140
0 13 R 0x410140
0 13 R 0x716140
0 13 W 0xE26180
0 13 R 0x10C180
0 13 R 0x412180
0 13 R 0x718180
0 13 W 0xE281C0
0 13 R 0x10E1C0
0 13 R 0x4141C0
0 13 R 0x71A1C0
0 13 W 0xE1A200
0 13 R 0x100200
0 13 R 0x406200
0 13 R 0x70C200
0 13 W 0xE1C240
0 13 R 0x102240
0 13 R 0x408240
0 13 R 0x70E240
0 13 W 0xE1E280
0 13 R 0x104280
0 13 R 0x40A280
0 13 R 0x710280
0 13 W 0xE202C0
0 13 R 0x1062C0
0 13 R 0x40C2C0
0 13 R 0x7122C0
0 13 W 0xE22300
0 13 R 0x108300
0 13 R 0x40E300
0 13 R 0x714300
0 13 W 0xE24340
0 13 R 0x10A340
0 13 R 0x410340
0 13 R 0x716340
0 13 W 0xE26380
0 13 R 0x10C380
0 13 R 0x412380
0 13 R 0x718380
0 13 W 0xE283C0
0 13 R 0x10E3C0
0 13 R 0x4143C0
0 13 R 0x71A3C0
0 13 W 0xE1A000
0 13 R 0x100000
0 13 R 0x406000
0 13 R 0x70C000
0 13 W 0xE1C040
0 13 R 0x102040
0 13 R 0x408040
0 13 R 0x70E040
0 13 W 0xE1E080
0 13 R 0x104080
0 13 R 0x40A080
0 13 R 0x710080
0 13 W 0xE200C0
0 13 R 0x1060C0
0 13 R 0x40C0C0
0 13 R 0x7120C0
0 13 W 0xE22100
0 13 R 0x108100
0 13 R 0x40E100
0 13 R 0x714100
0 13 W 0xE24140
0 13 R 0x10A140
0 13 R 0x410140
0 13 R 0x716140
0 13 W 0xE26180
0 13 R 0x10C180
0 13 R 0x412180
0 13 R 0x718180
0 13 W 0xE281C0
0 13 R 0x10E1C0
0 13 R 0x4141C0
0 13 R 0x71A1C0
0 13 W 0xE1A200
0 13 R 0x100200
0 13 R 0x406200
0 13 R 0x70C200
0 13 W 0xE1C240
0 13 R 0x102240
0 13 R 0x408240
0 13 R 0x70E240
0 13 W 0xE1E280
0 13 R 0x104280
0 13 R 0x40A280
0 13 R 0x710280
0 13 W 0xE202C0
0 13 R 0x1062C0
0 13 R 0x40C2C0
0 13 R 0x7122C0
0 13 W 0xE22300
0 13 R 0x108300
0 13 R 0x40E300
0 13 R 0x714300
0 13 W 0xE24340
0 13 R 0x10A340
0 13 R 0x410340
0 13 R 0x716340
0 13 W 0xE26380
0 13 R 0x10C380
0 13 R 0x412380
0 13 R 0x718380
0 13 W 0xE283C0
0 13 R 0x10E3C0
0 13 R 0x4143C0
0 13 R 0x71A3C0
0 13 W 0xE1A000
0 13 R 0x100000
0 13 R 0x406000
0 13 R 0x70C000
0 13 W 0xE1C040
0 13 R 0x102040
0 13 R 0x408040
0 13 R 0x70E040
0 13 W 0xE1E080
0 13 R 0x104080
0 13 R 0x40A080
0 13 R 0x710080
0 13 W 0xE200C0
0 13 R 0x1060C0
0 13 R 0x40C0C0
0 13 R 0x7120C0
0 13 W 0xE22100
0 13 R 0x108100
0 13 R 0x40E100
0 13 R 0x714100
0 13 W 0xE24140
0 13 R 0x10A140
0 13 R 0x410140
0 13 R 0x716140
0 13 W 0xE26180
0 13 R 0x10C180
0 13 R 0x412180
0 13 R 0x718180
0 13 W 0xE281C0
0 13 R 0x10E1C0
0 13 R 0x4141C0
0 13 R 0x71A1C0
0 13 W 0xE1A200
0 13 R 0x100200
0 13 R 0x406200
0 13 R 0x70C200
0 13 W 0xE1C240
0 13 R 0x102240
0 13 R 0x408240
0 13 R 0x70E240
0 13 W 0xE1E280
0 13 R 0x104280
0 13 R 0x40A280
0 13 R 0x710280
0 13 W 0xE202C0
0 13 R 0x1062C0
0 13 R 0x40C2C0
0 13 R 0x7122C0
0 13 W 0xE22300
0 13 R 0x108300
0 13 R 0x40E300
0 13 R 0x714300
0 13 W 0xE24340
0 13 R 0x10A340
0 13 R 0x410340
0 13 R 0x716340
0 13 W 0xE26380
0 13 R 0x10C380
0 13 R 0x412380
0 13 R 0x718380
0 13 W 0xE283C0
0 13 R 0x10E3C0
0 13 R 0x4143C0
0 13 R 0x71A3C0
0 13 W 0xE1A000
0 13 R 0x100000
0 13 R 0x406000
0 13 R 0x70C000
0 13 W 0xE1C040
0 13 R 0x102040
0 13 R 0x408040
0 13 R 0x70E040
0 13 W 0xE1E080
0 13 R 0x104080
0 13 R 0x40A080
0 13 R 0x710080
0 13 W 0xE200C0
0 13 R 0x1060C0
0 13 R 0x40C0C0
0 13 R 0x7120C0
0 13 W 0xE22100
0 13 R 0x108100
0 13 R 0x40E100
0 13 R 0x714100
0 13 W 0xE24140
0 13 R 0x10A140
0 13 R 0x410140
0 13 R 0x716140
0 13 W 0xE26180
0 13 R 0x10C180
0 13 R 0x412180
0 13 R 0x718180
0 13 W 0xE281C0
0 13 R 0x10E1C0
0 13 R 0x4141C0
0 13 R 0x71A1C0
0 13 W 0xE1A200
0 13 R 0x100200
0 13 R 0x406200
0 13 R 0x70C200
0 13 W 0xE1C240
0 13 R 0x102240
0 13 R 0x408240
0 13 R 0x70E240
0 13 W 0xE1E280
0 13 R 0x104280
0 13 R 0x40A280
0 13 R 0x710280
0 13 W 0xE202C0
0 13 R 0x1062C0
0 13 R 0x40C2C0
0 13 R 0x7122C0
0 13 W 0xE22300
0 13 R 0x108300
0 13 R 0x40E300
0 13 R 0x714300
0 13 W 0xE24340
0 13 R 0x10A340
0 13 R 0x410340
0 13 R 0x716340
0 13 W 0xE26380
0 13 R 0x10C380
0 13 R 0x412380
0 13 R 0x718380
0 13 W 0xE283C0
0 13 R 0x10E3C0
0 13 R 0x4143C0
0 13 R 0x71A3C0
0 13 W 0xE1A000
0 13 R 0x100000
0 13 R 0x406000
0 13 R 0x70C000
0 13 W 0xE1C040
0 13 R 0x102040
0 13 R 0x408040
0 13 R 0x70E040
0 13 W 0xE1E080
0 13 R 0x104080
0 13 R 0x40A080
0 13 R 0x710080
0 13 W 0xE200C0
0 13 R 0x1060C0
0 13 R 0x40C0C0
0 13 R 0x7120C0
0 13 W 0xE22100
0 13 R 0x108100
0 13 R 0x40E100
0 13 R 0x714100
0 13 W 0xE24140
0 13 R 0x10A140
0 13 R 0x410140
0 13 R 0x716140
0 13 W 0xE26180
0 13 R 0x10C180
0 13 R 0x412180
0 13 R 0x718180
0 13 W 0xE281C0
0 13 R 0x10E1C0
0 13 R 0x4141C0
0 13 R 0x71A1C0
0 13 W 0xE1A200
0 13 R 0x100200
0 13 R 0x406200
0 13 R 0x70C200
0 13 W 0xE1C240
0 13 R 0x102240
0 13 R 0x408240
0 13 R 0x70E240
0 13 W 0xE1E280
0 13 R 0x104280
0 13 R 0x40A280
0 13 R 0x710280
0 13 W 0xE202C0
0 13 R 0x1062C0
0 13 R 0x40C2C0
0 13 R 0x7122C0
0 13 W 0xE22300
0 13 R 0x108300
0 13 R 0x40E300
0 13 R 0x714300
0 13 W 0xE24340
0 13 R 0x10A340
0 13 R 0x410340
0 13 R 0x716340
0 13 W 0xE26380
0 13 R 0x10C380
0 13 R 0x412380
0 13 R 0x718380
0 13 W 0xE283C0
0 13 R 0x10E3C0
0 13 R 0x4143C0
0 13 R 0x71A3C0
0 13 W 0xE1A000
0 13 R 0x100000
0 13 R 0x406000
0 13 R 0x70C000
0 13 W 0xE1C040
0 13 R 0x102040
0 13 R 0x408040
0 13 R 0x70E040
0 13 W 0xE1E080
0 13 R 0x104080
0 13 R 0x40A080
0 13 R 0x710080
0 13 W 0xE200C0
0 13 R 0x1060C0
0 13 R 0x40C0C0
0 13 R 0x7120C0
0 13 W 0xE22100
0 13 R 0x108100
0 13 R 0x40E100
0 13 R 0x714100
0 13 W 0xE24140
0 13 R 0x10A140
0 13 R 0x410140
0 13 R 0x716140
0 13 W 0xE26180
0 13 R 0x10C180
0 13 R 0x412180
0 13 R 0x718180
0 13 W 0xE281C0
0 13 R 0x10E1C0
0 13 R 0x4141C0
0 13 R 0x71A1C0
0 13 W 0xE1A200
0 13 R 0x100200
0 13 R 0x406200
0 13 R 0x70C200
0 13 W 0xE1C240
0 13 R 0x102240
0 13 R 0x408240
0 13 R 0x70E240
0 13 W 0xE1E280
0 13 R 0x104280
0 13 R 0x40A280
0 13 R 0x710280
0 13 W 0xE202C0
0 13 R 0x1062C0
0 13 R 0x40C2C0
0 13 R 0x7122C0
0 13 W 0xE22300
0 13 R 0x108300
0 13 R 0x40E300
0 13 R 0x714300
0 13 W 0xE24340
0 13 R 0x10A340
0 13 R 0x410340
0 13 R 0x716340
0 13 W 0xE26380
0 13 R 0x10C380
0 13 R 0x412380
0 13 R 0x718380
0 13 W 0xE283C0
0 13 R 0x10E3C0
0 13 R 0x4143C0
0 13 R 0x71A3C0
0 14 W 0xF1C000
0 14 R 0x202000
0 14 R 0x508000
0 14 R 0x80E000
0 14 W 0xF1E040
0 14 R 0x204040
0 14 R 0x50A040
0 14 R 0x810040
0 14 W 0xF20080
0 14 R 0x206080
0 14 R 0x50C080
0 14 R 0x812080
0 14 W 0xF220C0
0 14 R 0x2080C0
0 14 R 0x50E0C0
0 14 R 0x8140C0
0 14 W 0xF24100
0 14 R 0x20A100
0 14 R 0x510100
0 14 R 0x816100
0 14 W 0xF26140
0 14 R 0x20C140
0 14 R 0x512140
0 14 R 0x818140
0 14 W 0xF28180
0 14 R 0x20E180
0 14 R 0x514180
0 14 R 0x81A180
0 14 W 0xF2A1C0
0 14 R 0x2101C0
0 14 R 0x5161C0
0 14 R 0x81C1C0
0 14 W 0xF1C200
0 14 R 0x202200
0 14 R 0x508200
0 14 R 0x80E200
0 14 W 0xF1E240
0 14 R 0x204240
0 14 R 0x50A240
0 14 R 0x810240
0 14 W 0xF20280
0 14 R 0x206280
0 14 R 0x50C280
0 14 R 0x812280
0 14 W 0xF222C0
0 14 R 0x2082C0
0 14 R 0x50E2C0
0 14 R 0x8142C0
0 14 W 0xF24300
0 14 R 0x20A300
0 14 R 0x510300
0 14 R 0x816300
0 14 W 0xF26340
0 14 R 0x20C340
0 14 R 0x512340
0 14 R 0x818340
0 14 W 0xF28380
0 14 R 0x20E380
0 14 R 0x514380
0 14 R 0x81A380
0 14 W 0xF2A3C0
0 14 R 0x2103C0
0 14 R 0x5163C0
0 14 R 0x81C3C0
0 14 W 0xF1C000
0 14 R 0x202000
0 14 R 0x508000
0 14 R 0x80E000
0 14 W 0xF1E040
0 14 R 0x204040
0 14 R 0x50A040
0 14 R 0x810040
0 14 W 0xF20080
0 14 R 0x206080
0 14 R 0x50C080
0 14 R 0x812080
0 14 W 0xF220C0
0 14 R 0x2080C0
0 14 R 0x50E0C0
0 14 R 0x8140C0
0 14 W 0xF24100
0 14 R 0x20A100
0 14 R 0x510100
0 14 R 0x816100
0 14 W 0xF26140
0 14 R 0x20C140
0 14 R 0x512140
0 14 R 0x818140
0 14 W 0xF28180
0 14 R 0x20E180
0 14 R 0x514180
0 14 R 0x81A180
0 14 W 0xF2A1C0
0 14 R 0x2101C0
0 14 R 0x5161C0
0 14 R 0x81C1C0
0 14 W 0xF1C200
0 14 R 0x202200
0 14 R 0x508200
0 14 R 0x80E200
0 14 W 0xF1E240
0 14 R 0x204240
0 14 R 0x50A240
0 14 R 0x810240
0 14 W 0xF20280
0 14 R 0x206280
0 14 R 0x50C280
0 14 R 0x812280
0 14 W 0xF222C0
0 14 R 0x2082C0
0 14 R 0x50E2C0
0 14 R 0x8142C0
0 14 W 0xF24300
0 14 R 0x20A300
0 14 R 0x510300
0 14 R 0x816300
0 14 W 0xF26340
0 14 R 0x20C340
0 14 R 0x512340
0 14 R 0x818340
0 14 W 0xF28380
0 14 R 0x20E380
0 14 R 0x514380
0 14 R 0x81A380
0 14 W 0xF2A3C0
0 14 R 0x2103C0
0 14 R 0x5163C0
0 14 R 0x81C3C0
0 14 W 0xF1C000
0 14 R 0x202000
0 14 R 0x508000
0 14 R 0x80E000
0 14 W 0xF1E040
0 14 R 0x204040
0 14 R 0x50A040
0 14 R 0x810040
0 14 W 0xF20080
0 14 R 0x206080
0 14 R 0x50C080
0 14 R 0x812080
0 14 W 0xF220C0
0 14 R 0x2080C0
0 14 R 0x50E0C0
0 14 R 0x8140C0
0 14 W 0xF24100
0 14 R 0x20A100
0 14 R 0x510100
0 14 R 0x816100
0 14 W 0xF26140
0 14 R 0x20C140
0 14 R 0x512140
0 14 R 0x818140
0 14 W 0xF28180
0 14 R 0x20E180
0 14 R 0x514180
0 14 R 0x81A180
0 14 W 0xF2A1C0
0 14 R 0x2101C0
0 14 R 0x5161C0
0 14 R 0x81C1C0
0 14 W 0xF1C200
0 14 R 0x202200
0 14 R 0x508200
0 14 R 0x80E200
0 14 W 0xF1E240
0 14 R 0x204240
0 14 R 0x50A240
0 14 R 0x810240
0 14 W 0xF20280
0 14 R 0x206280
0 14 R 0x50C280
0 14 R 0x812280
0 14 W 0xF222C0
0 14 R 0x2082C0
0 14 R 0x50E2C0
0 14 R 0x8142C0
0 14 W 0xF24300
0 14 R 0x20A300
0 14 R 0x510300
0 14 R 0x816300
0 14 W 0xF26340
0 14 R 0x20C340
0 14 R 0x512340
0 14 R 0x818340
0 14 W 0xF28380
0 14 R 0x20E380
0 14 R 0x514380
0 14 R 0x81A380
0 14 W 0xF2A3C0
0 14 R 0x2103C0
0 14 R 0x5163C0
0 14 R 0x81C3C0
0 14 W 0xF1C000
0 14 R 0x202000
0 14 R 0x508000
0 14 R 0x80E000
0 14 W 0xF1E040
0 14 R 0x204040
0 14 R 0x50A040
0 14 R 0x810040
0 14 W 0xF20080
0 14 R 0x206080
0 14 R 0x50C080
0 14 R 0x812080
0 14 W 0xF220C0
0 14 R 0x2080C0
0 14 R 0x50E0C0
0 14 R 0x8140C0
0 14 W 0xF24100
0 14 R 0x20A100
0 14 R 0x510100
0 14 R 0x816100
0 14 W 0xF26140
0 14 R 0x20C140
0 14 R 0x512140
0 14 R 0x818140
0 14 W 0xF28180
0 14 R 0x20E180
0 14 R 0x514180
0 14 R 0x81A180
0 14 W 0xF2A1C0
0 14 R 0x2101C0
0 14 R 0x5161C0
0 14 R 0x81C1C0
0 14 W 0xF1C200
0 14 R 0x202200
0 14 R 0x508200
0 14 R 0x80E200
0 14 W 0xF1E240
0 14 R 0x204240
0 14 R 0x50A240
0 14 R 0x810240
0 14 W 0xF20280
0 14 R 0x206280
0 14 R 0x50C280
0 14 R 0x812280
0 14 W 0xF222C0
0 14 R 0x2082C0
0 14 R 0x50E2C0
0 14 R 0x8142C0
0 14 W 0xF24300
0 14 R 0x20A300
0 14 R 0x510300
0 14 R 0x816300
0 14 W 0xF26340
0 14 R 0x20C340
0 14 R 0x512340
0 14 R 0x818340
0 14 W 0xF28380
0 14 R 0x20E380
0 14 R 0x514380
0 14 R 0x81A380
0 14 W 0xF2A3C0
0 14 R 0x2103C0
0 14 R 0x5163C0
0 14 R 0x81C3C0
0 14 W 0xF1C000
0 14 R 0x202000
0 14 R 0x508000
0 14 R 0x80E000
0 14 W 0xF1E040
0 14 R 0x204040
0 14 R 0x50A040
0 14 R 0x810040
0 14 W 0xF20080
0 14 R 0x206080
0 14 R 0x50C080
0 14 R 0x812080
0 14 W 0xF220C0
0 14 R 0x2080C0
0 14 R 0x50E0C0
0 14 R 0x8140C0
0 14 W 0xF24100
0 14 R 0x20A100
0 14 R 0x510100
0 14 R 0x816100
0 14 W 0xF26140
0 14 R 0x20C140
0 14 R 0x512140
0 14 R 0x818140
0 14 W 0xF28180
0 14 R 0x20E180
0 14 R 0x514180
0 14 R 0x81A180
0 14 W 0xF2A1C0
0 14 R 0x2101C0
0 14 R 0x5161C0
0 14 R 0x81C1C0
0 14 W 0xF1C200
0 14 R 0x202200
0 14 R 0x508200
0 14 R 0x80E200
0 14 W 0xF1E240
0 14 R 0x204240
0 14 R 0x50A240
0 14 R 0x810240
0 14 W 0xF20280
0 14 R 0x206280
0 14 R 0x50C280
0 14 R 0x812280
0 14 W 0xF222C0
0 14 R 0x2082C0
0 14 R 0x50E2C0
0 14 R 0x8142C0
0 14 W 0xF24300
0 14 R 0x20A300
0 14 R 0x510300
0 14 R 0x816300
0 14 W 0xF26340
0 14 R 0x20C340
0 14 R 0x512340
0 14 R 0x818340
0 14 W 0xF28380
0 14 R 0x20E380
0 14 R 0x514380
0 14 R 0x81A380
0 14 W 0xF2A3C0
0 14 R 0x2103C0
0 14 R 0x5163C0
0 14 R 0x81C3C0
0 14 W 0xF1C000
0 14 R 0x202000
0 14 R 0x508000
0 14 R 0x80E000
0 14 W 0xF1E040
0 14 R 0x204040
0 14 R 0x50A040
0 14 R 0x810040
0 14 W 0xF20080
0 14 R 0x206080
0 14 R 0x50C080
0 14 R 0x812080
0 14 W 0xF220C0
0 14 R 0x2080C0
0 14 R 0x50E0C0
0 14 R 0x8140C0
0 14 W 0xF24100
0 14 R 0x20A100
0 14 R 0x510100
0 14 R 0x816100
0 14 W 0xF26140
0 14 R 0x20C140
0 14 R 0x512140
0 14 R 0x818140
0 14 W 0xF28180
0 14 R 0x20E180
0 14 R 0x514180
0 14 R 0x81A180
0 14 W 0xF2A1C0
0 14 R 0x2101C0
0 14 R 0x5161C0
0 14 R 0x81C1C0
0 14 W 0xF1C200
0 14 R 0x202200
0 14 R 0x508200
0 14 R 0x80E200
0 14 W 0xF1E240
0 14 R 0x204240
0 14 R 0x50A240
0 14 R 0x810240
0 14 W 0xF20280
0 14 R 0x206280
0 14 R 0x50C280
0 14 R 0x812280
0 14 W 0xF222C0
0 14 R 0x2082C0
0 14 R 0x50E2C0
0 14 R 0x8142C0
0 14 W 0xF24300
0 14 R 0x20A300
0 14 R 0x510300
0 14 R 0x816300
0 14 W 0xF26340
0 14 R 0x20C340
0 14 R 0x512340
0 14 R 0x818340
0 14 W 0xF28380
0 14 R 0x20E380
0 14 R 0x514380
0 14 R 0x81A380
0 14 W 0xF2A3C0
0 14 R 0x2103C0
0 14 R 0x5163C0
0 14 R 0x81C3C0
0 14 W 0xF1C000
0 14 R 0x202000
0 14 R 0x508000
0 14 R 0x80E000
0 14 W 0xF1E040
0 14 R 0x204040
0 14 R 0x50A040
0 14 R 0x810040
0 14 W 0xF20080
0 14 R 0x206080
0 14 R 0x50C080
0 14 R 0x812080
0 14 W 0xF220C0
0 14 R 0x2080C0
0 14 R 0x50E0C0
0 14 R 0x8140C0
0 14 W 0xF24100
0 14 R 0x20A100
0 14 R 0x510100
0 14 R 0x816100
0 14 W 0xF26140
0 14 R 0x20C140
0 14 R 0x512140
0 14 R 0x818140
0 14 W 0xF28180
0 14 R 0x20E180
0 14 R 0x514180
0 14 R 0x81A180
0 14 W 0xF2A1C0
0 14 R 0x2101C0
0 14 R 0x5161C0
0 14 R 0x81C1C0
0 14 W 0xF1C200
0 14 R 0x202200
0 14 R 0x508200
0 14 R 0x80E200
0 14 W 0xF1E240
0 14 R 0x204240
0 14 R 0x50A240
0 14 R 0x810240
0 14 W 0xF20280
0 14 R 0x206280
0 14 R 0x50C280
0 14 R 0x812280
0 14 W 0xF222C0
0 14 R 0x2082C0
0 14 R 0x50E2C0
0 14 R 0x8142C0
0 14 W 0xF24300
0 14 R 0x20A300
0 14 R 0x510300
0 14 R 0x816300
0 14 W 0xF26340
0 14 R 0x20C340
0 14 R 0x512340
0 14 R 0x818340
0 14 W 0xF28380
0 14 R 0x20E380
0 14 R 0x514380
0 14 R 0x81A380
0 14 W 0xF2A3C0
0 14 R 0x2103C0
0 14 R 0x5163C0
0 14 R 0x81C3C0
0 14 W 0xF1C000
0 14 R 0x202000
0 14 R 0x508000
0 14 R 0x80E000
0 14 W 0xF1E040
0 14 R 0x204040
0 14 R 0x50A040
0 14 R 0x810040
0 14 W 0xF20080
0 14 R 0x206080
0 14 R 0x50C080
0 14 R 0x812080
0 14 W 0xF220C0
0 14 R 0x2080C0
0 14 R 0x50E0C0
0 14 R 0x8140C0
0 14 W 0xF24100
0 14 R 0x20A100
0 14 R 0x510100
0 14 R 0x816100
0 14 W 0xF26140
0 14 R 0x20C140
0 14 R 0x512140
0 14 R 0x818140
0 14 W 0xF28180
0 14 R 0x20E180
0 14 R 0x514180
0 14 R 0x81A180
0 14 W 0xF2A1C0
0 14 R 0x2101C0
0 14 R 0x5161C0
0 14 R 0x81C1C0
0 14 W 0xF1C200
0 14 R 0x202200
0 14 R 0x508200
0 14 R 0x80E200
0 14 W 0xF1E240
0 14 R 0x204240
0 14 R 0x50A240
0 14 R 0x810240
0 14 W 0xF20280
0 14 R 0x206280
0 14 R 0x50C280
0 14 R 0x812280
0 14 W 0xF222C0
0 14 R 0x2082C0
0 14 R 0x50E2C0
0 14 R 0x8142C0
0 14 W 0xF24300
0 14 R 0x20A300
0 14 R 0x510300
0 14 R 0x816300
0 14 W 0xF26340
0 14 R 0x20C340
0 14 R 0x512340
0 14 R 0x818340
0 14 W 0xF28380
0 14 R 0x20E380
0 14 R 0x514380
0 14 R 0x81A380
0 14 W 0xF2A3C0
0 14 R 0x2103C0
0 14 R 0x5163C0
0 14 R 0x81C3C0
0 15 W 0x101E000
0 15 R 0x304000
0 15 R 0x60A000
0 15 R 0x910000
0 15 W 0x1020040
0 15 R 0x306040
0 15 R 0x60C040
0 15 R 0x912040
0 15 W 0x1022080
0 15 R 0x308080
0 15 R 0x60E080
0 15 R 0x914080
0 15 W 0x10240C0
0 15 R 0x30A0C0
0 15 R 0x6100C0
0 15 R 0x9160C0
0 15 W 0x1026100
0 15 R 0x30C100
0 15 R 0x612100
0 15 R 0x918100
0 15 W 0x1028140
0 15 R 0x30E140
0 15 R 0x614140
0 15 R 0x91A140
0 15 W 0x102A180
0 15 R 0x310180
0 15 R 0x616180
0 15 R 0x91C180
0 15 W 0x102C1C0
0 15 R 0x3121C0
0 15 R 0x6181C0
0 15 R 0x91E1C0
0 15 W 0x101E200
0 15 R 0x304200
0 15 R 0x60A200
0 15 R 0x910200
0 15 W 0x1020240
0 15 R 0x306240
0 15 R 0x60C240
0 15 R 0x912240
0 15 W 0x1022280
0 15 R 0x308280
0 15 R 0x60E280
0 15 R 0x914280
0 15 W 0x10242C0
0 15 R 0x30A2C0
0 15 R 0x6102C0
0 15 R 0x9162C0
0 15 W 0x1026300
0 15 R 0x30C300
0 15 R 0x612300
0 15 R 0x918300
0 15 W 0x1028340
0 15 R 0x30E340
0 15 R 0x614340
0 15 R 0x91A340
0 15 W 0x102A380
0 15 R 0x310380
0 15 R 0x616380
0 15 R 0x91C380
0 15 W 0x102C3C0
0 15 R 0x3123C0
0 15 R 0x6183C0
0 15 R 0x91E3C0
0 15 W 0x101E000
0 15 R 0x304000
0 15 R 0x60A000
0 15 R 0x910000
0 15 W 0x1020040
0 15 R 0x306040
0 15 R 0x60C040
0 15 R 0x912040
0 15 W 0x1022080
0 15 R 0x308080
0 15 R 0x60E080
0 15 R 0x914080
0 15 W 0x10240C0
0 15 R 0x30A0C0
0 15 R 0x6100C0
0 15 R 0x9160C0
0 15 W 0x1026100
0 15 R 0x30C100
0 15 R 0x612100
0 15 R 0x918100
0 15 W 0x1028140
0 15 R 0x30E140
0 15 R 0x614140
0 15 R 0x91A140
0 15 W 0x102A180
0 15 R 0x310180
0 15 R 0x616180
0 15 R 0x91C180
0 15 W 0x102C1C0
0 15 R 0x3121C0
0 15 R 0x6181C0
0 15 R 0x91E1C0
0 15 W 0x101E200
0 15 R 0x304200
0 15 R 0x60A200
0 15 R 0x910200
0 15 W 0x1020240
0 15 R 0x306240
0 15 R 0x60C240
0 15 R 0x912240
0 15 W 0x1022280
0 15 R 0x308280
0 15 R 0x60E280
0 15 R 0x914280
0 15 W 0x10242C0
0 15 R 0x30A2C0
0 15 R 0x6102C0
0 15 R 0x9162C0
0 15 W 0x1026300
0 15 R 0x30C300
0 15 R 0x612300
0 15 R 0x918300
0 15 W 0x1028340
0 15 R 0x30E340
0 15 R 0x614340
0 15 R 0x91A340
0 15 W 0x102A380
0 15 R 0x310380
0 15 R 0x616380
0 15 R 0x91C380
0 15 W 0x102C3C0
0 15 R 0x3123C0
0 15 R 0x6183C0
0 15 R 0x91E3C0
0 15 W 0x101E000
0 15 R 0x304000
0 15 R 0x60A000
0 15 R 0x910000
0 15 W 0x1020040
0 15 R 0x306040
0 15 R 0x60C040
0 15 R 0x912040
0 15 W 0x1022080
0 15 R 0x308080
0 15 R 0x60E080
0 15 R 0x914080
0 15 W 0x10240C0
0 15 R 0x30A0C0
0 15 R 0x6100C0
0 15 R 0x9160C0
0 15 W 0x1026100
0 15 R 0x30C100
0 15 R 0x612100
0 15 R 0x918100
0 15 W 0x1028140
0 15 R 0x30E140
0 15 R 0x614140
0 15 R 0x91A140
0 15 W 0x102A180
0 15 R 0x310180
0 15 R 0x616180
0 15 R 0x91C180
0 15 W 0x102C1C0
0 15 R 0x3121C0
0 15 R 0x6181C0
0 15 R 0x91E1C0
0 15 W 0x101E200
0 15 R 0x304200
0 15 R 0x60A200
0 15 R 0x910200
0 15 W 0x1020240
0 15 R 0x306240
0 15 R 0x60C240
0 15 R 0x912240
0 15 W 0x1022280
0 15 R 0x308280
0 15 R 0x60E280
0 15 R 0x914280
0 15 W 0x10242C0
0 15 R 0x30A2C0
0 15 R 0x6102C0
0 15 R 0x9162C0
0 15 W 0x1026300
0 15 R 0x30C300
0 15 R 0x612300
0 15 R 0x918300
0 15 W 0x1028340
0 15 R 0x30E340
0 15 R 0x614340
0 15 R 0x91A340
0 15 W 0x102A380
0 15 R 0x310380
0 15 R 0x616380
0 15 R 0x91C380
0 15 W 0x102C3C0
0 15 R 0x3123C0
0 15 R 0x6183C0
0 15 R 0x91E3C0
0 15 W 0x101E000
0 15 R 0x304000
0 15 R 0x60A000
0 15 R 0x910000
0 15 W 0x1020040
0 15 R 0x306040
0 15 R 0x60C040
0 15 R 0x912040
0 15 W 0x1022080
0 15 R 0x308080
0 15 R 0x60E080
0 15 R 0x914080
0 15 W 0x10240C0
0 15 R 0x30A0C0
0 15 R 0x6100C0
0 15 R 0x9160C0
0 15 W 0x1026100
0 15 R 0x30C100
0 15 R 0x612100
0 15 R 0x918100
0 15 W 0x1028140
0 15 R 0x30E140
0 15 R 0x614140
0 15 R 0x91A140
0 15 W 0x102A180
0 15 R 0x310180
0 15 R 0x616180
0 15 R 0x91C180
0 15 W 0x102C1C0
0 15 R 0x3121C0
0 15 R 0x6181C0
0 15 R 0x91E1C0
0 15 W 0x101E200
0 15 R 0x304200
0 15 R 0x60A200
0 15 R 0x910200
0 15 W 0x1020240
0 15 R 0x306240
0 15 R 0x60C240
0 15 R 0x912240
0 15 W 0x1022280
0 15 R 0x308280
0 15 R 0x60E280
0 15 R 0x914280
0 15 W 0x10242C0
0 15 R 0x30A2C0
0 15 R 0x6102C0
0 15 R 0x9162C0
0 15 W 0x1026300
0 15 R 0x30C300
0 15 R 0x612300
0 15 R 0x918300
0 15 W 0x1028340
0 15 R 0x30E340
0 15 R 0x614340
0 15 R 0x91A340
0 15 W 0x102A380
0 15 R 0x310380
0 15 R 0x616380
0 15 R 0x91C380
0 15 W 0x102C3C0
0 15 R 0x3123C0
0 15 R 0x6183C0
0 15 R 0x91E3C0
0 15 W 0x101E000
0 15 R 0x304000
0 15 R 0x60A000
0 15 R 0x910000
0 15 W 0x1020040
0 15 R 0x306040
0 15 R 0x60C040
0 15 R 0x912040
0 15 W 0x1022080
0 15 R 0x308080
0 15 R 0x60E080
0 15 R 0x914080
0 15 W 0x10240C0
0 15 R 0x30A0C0
0 15 R 0x6100C0
0 15 R 0x9160C0
0 15 W 0x1026100
0 15 R 0x30C100
0 15 R 0x612100
0 15 R 0x918100
0 15 W 0x1028140
0 15 R 0x30E140
0 15 R 0x614140
0 15 R 0x91A140
0 15 W 0x102A180
0 15 R 0x310180
0 15 R 0x616180
0 15 R 0x91C180
0 15 W 0x102C1C0
0 15 R 0x3121C0
0 15 R 0x6181C0
0 15 R 0x91E1C0
0 15 W 0x101E200
0 15 R 0x304200
0 15 R 0x60A200
0 15 R 0x910200
0 15 W 0x1020240
0 15 R 0x306240
0 15 R 0x60C240
0 15 R 0x912240
0 15 W 0x1022280
0 15 R 0x308280
0 15 R 0x60E280
0 15 R 0x914280
0 15 W 0x10242C0
0 15 R 0x30A2C0
0 15 R 0x6102C0
0 15 R 0x9162C0
0 15 W 0x1026300
0 15 R 0x30C300
0 15 R 0x612300
0 15 R 0x918300
0 15 W 0x1028340
0 15 R 0x30E340
0 15 R 0x614340
0 15 R 0x91A340
0 15 W 0x102A380
0 15 R 0x310380
0 15 R 0x616380
0 15 R 0x91C380
0 15 W 0x102C3C0
0 15 R 0x3123C0
0 15 R 0x6183C0
0 15 R 0x91E3C0
0 15 W 0x101E000
0 15 R 0x304000
0 15 R 0x60A000
0 15 R 0x910000
0 15 W 0x1020040
0 15 R 0x306040
0 15 R 0x60C040
0 15 R 0x912040
0 15 W 0x1022080
0 15 R 0x308080
0 15 R 0x60E080
0 15 R 0x914080
0 15 W 0x10240C0
0 15 R 0x30A0C0
0 15 R 0x6100C0
0 15 R 0x9160C0
0 15 W 0x1026100
0 15 R 0x30C100
0 15 R 0x612100
0 15 R 0x918100
0 15 W 0x1028140
0 15 R 0x30E140
0 15 R 0x614140
0 15 R 0x91A140
0 15 W 0x102A180
0 15 R 0x310180
0 15 R 0x616180
0 15 R 0x91C180
0 15 W 0x102C1C0
0 15 R 0x3121C0
0 15 R 0x6181C0
0 15 R 0x91E1C0
0 15 W 0x101E200
0 15 R 0x304200
0 15 R 0x60A200
0 15 R 0x910200
0 15 W 0x1020240
0 15 R 0x306240
0 15 R 0x60C240
0 15 R 0x912240
0 15 W 0x1022280
0 15 R 0x308280
0 15 R 0x60E280
0 15 R 0x914280
0 15 W 0x10242C0
0 15 R 0x30A2C0
0 15 R 0x6102C0
0 15 R 0x9162C0
0 15 W 0x1026300
0 15 R 0x30C300
0 15 R 0x612300
0 15 R 0x918300
0 15 W 0x1028340
0 15 R 0x30E340
0 15 R 0x614340
0 15 R 0x91A340
0 15 W 0x102A380
0 15 R 0x310380
0 15 R 0x616380
0 15 R 0x91C380
0 15 W 0x102C3C0
0 15 R 0x3123C0
0 15 R 0x6183C0
0 15 R 0x91E3C0
0 15 W 0x101E000
0 15 R 0x304000
0 15 R 0x60A000
0 15 R 0x910000
0 15 W 0x1020040
0 15 R 0x306040
0 15 R 0x60C040
0 15 R 0x912040
0 15 W 0x1022080
0 15 R 0x308080
0 15 R 0x60E080
0 15 R 0x914080
0 15 W 0x10240C0
0 15 R 0x30A0C0
0 15 R 0x6100C0
0 15 R 0x9160C0
0 15 W 0x1026100
0 15 R 0x30C100
0 15 R 0x612100
0 15 R 0x918100
0 15 W 0x1028140
0 15 R 0x30E140
0 15 R 0x614140
0 15 R 0x91A140
0 15 W 0x102A180
0 15 R 0x310180
0 15 R 0x616180
0 15 R 0x91C180
0 15 W 0x102C1C0
0 15 R 0x3121C0
0 15 R 0x6181C0
0 15 R 0x91E1C0
0 15 W 0x101E200
0 15 R 0x304200
0 15 R 0x60A200
0 15 R 0x910200
0 15 W 0x1020240
0 15 R 0x306240
0 15 R 0x60C240
0 15 R 0x912240
0 15 W 0x1022280
0 15 R 0x308280
0 15 R 0x60E280
0 15 R 0x914280
0 15 W 0x10242C0
0 15 R 0x30A2C0
0 15 R 0x6102C0
0 15 R 0x9162C0
0 15 W 0x1026300
0 15 R 0x30C300
0 15 R 0x612300
0 15 R 0x918300
0 15 W 0x1028340
0 15 R 0x30E340
0 15 R 0x614340
0 15 R 0x91A340
0 15 W 0x102A380
0 15 R 0x310380
0 15 R 0x616380
0 15 R 0x91C380
0 15 W 0x102C3C0
0 15 R 0x3123C0
0 15 R 0x6183C0
0 15 R 0x91E3C0
0 15 W 0x101E000
0 15 R 0x304000
0 15 R 0x60A000
0 15 R 0x910000
0 15 W 0x1020040
0 15 R 0x306040
0 15 R 0x60C040
0 15 R 0x912040
0 15 W 0x1022080
0 15 R 0x308080
0 15 R 0x60E080
0 15 R 0x914080
0 15 W 0x10240C0
0 15 R 0x30A0C0
0 15 R 0x6100C0
0 15 R 0x9160C0
0 15 W 0x1026100
0 15 R 0x30C100
0 15 R 0x612100
0 15 R 0x918100
0 15 W 0x1028140
0 15 R 0x30E140
0 15 R 0x614140
0 15 R 0x91A140
0 15 W 0x102A180
0 15 R 0x310180
0 15 R 0x616180
0 15 R 0x91C180
0 15 W 0x102C1C0
0 15 R 0x3121C0
0 15 R 0x6181C0
0 15 R 0x91E1C0
0 15 W 0x101E200
0 15 R 0x304200
0 15 R 0x60A200
0 15 R 0x910200
0 15 W 0x1020240
0 15 R 0x306240
0 15 R 0x60C240
0 15 R 0x912240
0 15 W 0x1022280
0 15 R 0x308280
0 15 R 0x60E280
0 15 R 0x914280
0 15 W 0x10242C0
0 15 R 0x30A2C0
0 15 R 0x6102C0
0 15 R 0x9162C0
0 15 W 0x1026300
0 15 R 0x30C300
0 15 R 0x612300
0 15 R 0x918300
0 15 W 0x1028340
0 15 R 0x30E340
0 15 R 0x614340
0 15 R 0x91A340
0 15 W 0x102A380
0 15 R 0x310380
0 15 R 0x616380
0 15 R 0x91C380
0 15 W 0x102C3C0
0 15 R 0x3123C0
0 15 R 0x6183C0
0 15 R 0x91E3C0
