# migratory sharing -- control, no extra state helps
# 32 lines, each read-modify-written in turn by every core.
# Every access needs exclusive ownership eventually, so S, E and O
# cannot avoid the transfer.
# MI: 1 transaction per hand-off (its read takes ownership) + 1 memory write.
# Others: 2 transactions per hand-off (Read then Upgrade).

0 0 R 0x6000000
0 0 W 0x6000000
0 0 R 0x6002040
0 0 W 0x6002040
0 0 R 0x6004080
0 0 W 0x6004080
0 0 R 0x60060C0
0 0 W 0x60060C0
0 0 R 0x6008100
0 0 W 0x6008100
0 0 R 0x600A140
0 0 W 0x600A140
0 0 R 0x600C180
0 0 W 0x600C180
0 0 R 0x600E1C0
0 0 W 0x600E1C0
0 0 R 0x6000200
0 0 W 0x6000200
0 0 R 0x6002240
0 0 W 0x6002240
0 0 R 0x6004280
0 0 W 0x6004280
0 0 R 0x60062C0
0 0 W 0x60062C0
0 0 R 0x6008300
0 0 W 0x6008300
0 0 R 0x600A340
0 0 W 0x600A340
0 0 R 0x600C380
0 0 W 0x600C380
0 0 R 0x600E3C0
0 0 W 0x600E3C0
0 0 R 0x6000400
0 0 W 0x6000400
0 0 R 0x6002440
0 0 W 0x6002440
0 0 R 0x6004480
0 0 W 0x6004480
0 0 R 0x60064C0
0 0 W 0x60064C0
0 0 R 0x6008500
0 0 W 0x6008500
0 0 R 0x600A540
0 0 W 0x600A540
0 0 R 0x600C580
0 0 W 0x600C580
0 0 R 0x600E5C0
0 0 W 0x600E5C0
0 0 R 0x6000600
0 0 W 0x6000600
0 0 R 0x6002640
0 0 W 0x6002640
0 0 R 0x6004680
0 0 W 0x6004680
0 0 R 0x60066C0
0 0 W 0x60066C0
0 0 R 0x6008700
0 0 W 0x6008700
0 0 R 0x600A740
0 0 W 0x600A740
0 0 R 0x600C780
0 0 W 0x600C780
0 0 R 0x600E7C0
0 0 W 0x600E7C0
0 0 R 0x6000000
0 0 W 0x6000000
0 0 R 0x6002040
0 0 W 0x6002040
0 0 R 0x6004080
0 0 W 0x6004080
0 0 R 0x60060C0
0 0 W 0x60060C0
0 0 R 0x6008100
0 0 W 0x6008100
0 0 R 0x600A140
0 0 W 0x600A140
0 0 R 0x600C180
0 0 W 0x600C180
0 0 R 0x600E1C0
0 0 W 0x600E1C0
0 0 R 0x6000200
0 0 W 0x6000200
0 0 R 0x6002240
0 0 W 0x6002240
0 0 R 0x6004280
0 0 W 0x6004280
0 0 R 0x60062C0
0 0 W 0x60062C0
0 0 R 0x6008300
0 0 W 0x6008300
0 0 R 0x600A340
0 0 W 0x600A340
0 0 R 0x600C380
0 0 W 0x600C380
0 0 R 0x600E3C0
0 0 W 0x600E3C0
0 0 R 0x6000400
0 0 W 0x6000400
0 0 R 0x6002440
0 0 W 0x6002440
0 0 R 0x6004480
0 0 W 0x6004480
0 0 R 0x60064C0
0 0 W 0x60064C0
0 0 R 0x6008500
0 0 W 0x6008500
0 0 R 0x600A540
0 0 W 0x600A540
0 0 R 0x600C580
0 0 W 0x600C580
0 0 R 0x600E5C0
0 0 W 0x600E5C0
0 0 R 0x6000600
0 0 W 0x6000600
0 0 R 0x6002640
0 0 W 0x6002640
0 0 R 0x6004680
0 0 W 0x6004680
0 0 R 0x60066C0
0 0 W 0x60066C0
0 0 R 0x6008700
0 0 W 0x6008700
0 0 R 0x600A740
0 0 W 0x600A740
0 0 R 0x600C780
0 0 W 0x600C780
0 0 R 0x600E7C0
0 0 W 0x600E7C0
0 0 R 0x6000000
0 0 W 0x6000000
0 0 R 0x6002040
0 0 W 0x6002040
0 0 R 0x6004080
0 0 W 0x6004080
0 0 R 0x60060C0
0 0 W 0x60060C0
0 0 R 0x6008100
0 0 W 0x6008100
0 0 R 0x600A140
0 0 W 0x600A140
0 0 R 0x600C180
0 0 W 0x600C180
0 0 R 0x600E1C0
0 0 W 0x600E1C0
0 0 R 0x6000200
0 0 W 0x6000200
0 0 R 0x6002240
0 0 W 0x6002240
0 0 R 0x6004280
0 0 W 0x6004280
0 0 R 0x60062C0
0 0 W 0x60062C0
0 0 R 0x6008300
0 0 W 0x6008300
0 0 R 0x600A340
0 0 W 0x600A340
0 0 R 0x600C380
0 0 W 0x600C380
0 0 R 0x600E3C0
0 0 W 0x600E3C0
0 0 R 0x6000400
0 0 W 0x6000400
0 0 R 0x6002440
0 0 W 0x6002440
0 0 R 0x6004480
0 0 W 0x6004480
0 0 R 0x60064C0
0 0 W 0x60064C0
0 0 R 0x6008500
0 0 W 0x6008500
0 0 R 0x600A540
0 0 W 0x600A540
0 0 R 0x600C580
0 0 W 0x600C580
0 0 R 0x600E5C0
0 0 W 0x600E5C0
0 0 R 0x6000600
0 0 W 0x6000600
0 0 R 0x6002640
0 0 W 0x6002640
0 0 R 0x6004680
0 0 W 0x6004680
0 0 R 0x60066C0
0 0 W 0x60066C0
0 0 R 0x6008700
0 0 W 0x6008700
0 0 R 0x600A740
0 0 W 0x600A740
0 0 R 0x600C780
0 0 W 0x600C780
0 0 R 0x600E7C0
0 0 W 0x600E7C0
0 0 R 0x6000000
0 0 W 0x6000000
0 0 R 0x6002040
0 0 W 0x6002040
0 0 R 0x6004080
0 0 W 0x6004080
0 0 R 0x60060C0
0 0 W 0x60060C0
0 0 R 0x6008100
0 0 W 0x6008100
0 0 R 0x600A140
0 0 W 0x600A140
0 0 R 0x600C180
0 0 W 0x600C180
0 0 R 0x600E1C0
0 0 W 0x600E1C0
0 0 R 0x6000200
0 0 W 0x6000200
0 0 R 0x6002240
0 0 W 0x6002240
0 0 R 0x6004280
0 0 W 0x6004280
0 0 R 0x60062C0
0 0 W 0x60062C0
0 0 R 0x6008300
0 0 W 0x6008300
0 0 R 0x600A340
0 0 W 0x600A340
0 0 R 0x600C380
0 0 W 0x600C380
0 0 R 0x600E3C0
0 0 W 0x600E3C0
0 0 R 0x6000400
0 0 W 0x6000400
0 0 R 0x6002440
0 0 W 0x6002440
0 0 R 0x6004480
0 0 W 0x6004480
0 0 R 0x60064C0
0 0 W 0x60064C0
0 0 R 0x6008500
0 0 W 0x6008500
0 0 R 0x600A540
0 0 W 0x600A540
0 0 R 0x600C580
0 0 W 0x600C580
0 0 R 0x600E5C0
0 0 W 0x600E5C0
0 0 R 0x6000600
0 0 W 0x6000600
0 0 R 0x6002640
0 0 W 0x6002640
0 0 R 0x6004680
0 0 W 0x6004680
0 0 R 0x60066C0
0 0 W 0x60066C0
0 0 R 0x6008700
0 0 W 0x6008700
0 0 R 0x600A740
0 0 W 0x600A740
0 0 R 0x600C780
0 0 W 0x600C780
0 0 R 0x600E7C0
0 0 W 0x600E7C0
0 0 R 0x6000000
0 0 W 0x6000000
0 0 R 0x6002040
0 0 W 0x6002040
0 0 R 0x6004080
0 0 W 0x6004080
0 0 R 0x60060C0
0 0 W 0x60060C0
0 0 R 0x6008100
0 0 W 0x6008100
0 0 R 0x600A140
0 0 W 0x600A140
0 0 R 0x600C180
0 0 W 0x600C180
0 0 R 0x600E1C0
0 0 W 0x600E1C0
0 0 R 0x6000200
0 0 W 0x6000200
0 0 R 0x6002240
0 0 W 0x6002240
0 0 R 0x6004280
0 0 W 0x6004280
0 0 R 0x60062C0
0 0 W 0x60062C0
0 0 R 0x6008300
0 0 W 0x6008300
0 0 R 0x600A340
0 0 W 0x600A340
0 0 R 0x600C380
0 0 W 0x600C380
0 0 R 0x600E3C0
0 0 W 0x600E3C0
0 0 R 0x6000400
0 0 W 0x6000400
0 0 R 0x6002440
0 0 W 0x6002440
0 0 R 0x6004480
0 0 W 0x6004480
0 0 R 0x60064C0
0 0 W 0x60064C0
0 0 R 0x6008500
0 0 W 0x6008500
0 0 R 0x600A540
0 0 W 0x600A540
0 0 R 0x600C580
0 0 W 0x600C580
0 0 R 0x600E5C0
0 0 W 0x600E5C0
0 0 R 0x6000600
0 0 W 0x6000600
0 0 R 0x6002640
0 0 W 0x6002640
0 0 R 0x6004680
0 0 W 0x6004680
0 0 R 0x60066C0
0 0 W 0x60066C0
0 0 R 0x6008700
0 0 W 0x6008700
0 0 R 0x600A740
0 0 W 0x600A740
0 0 R 0x600C780
0 0 W 0x600C780
0 0 R 0x600E7C0
0 0 W 0x600E7C0
0 0 R 0x6000000
0 0 W 0x6000000
0 0 R 0x6002040
0 0 W 0x6002040
0 0 R 0x6004080
0 0 W 0x6004080
0 0 R 0x60060C0
0 0 W 0x60060C0
0 0 R 0x6008100
0 0 W 0x6008100
0 0 R 0x600A140
0 0 W 0x600A140
0 0 R 0x600C180
0 0 W 0x600C180
0 0 R 0x600E1C0
0 0 W 0x600E1C0
0 0 R 0x6000200
0 0 W 0x6000200
0 0 R 0x6002240
0 0 W 0x6002240
0 0 R 0x6004280
0 0 W 0x6004280
0 0 R 0x60062C0
0 0 W 0x60062C0
0 0 R 0x6008300
0 0 W 0x6008300
0 0 R 0x600A340
0 0 W 0x600A340
0 0 R 0x600C380
0 0 W 0x600C380
0 0 R 0x600E3C0
0 0 W 0x600E3C0
0 0 R 0x6000400
0 0 W 0x6000400
0 0 R 0x6002440
0 0 W 0x6002440
0 0 R 0x6004480
0 0 W 0x6004480
0 0 R 0x60064C0
0 0 W 0x60064C0
0 0 R 0x6008500
0 0 W 0x6008500
0 0 R 0x600A540
0 0 W 0x600A540
0 0 R 0x600C580
0 0 W 0x600C580
0 0 R 0x600E5C0
0 0 W 0x600E5C0
0 0 R 0x6000600
0 0 W 0x6000600
0 0 R 0x6002640
0 0 W 0x6002640
0 0 R 0x6004680
0 0 W 0x6004680
0 0 R 0x60066C0
0 0 W 0x60066C0
0 0 R 0x6008700
0 0 W 0x6008700
0 0 R 0x600A740
0 0 W 0x600A740
0 0 R 0x600C780
0 0 W 0x600C780
0 0 R 0x600E7C0
0 0 W 0x600E7C0
0 0 R 0x6000000
0 0 W 0x6000000
0 0 R 0x6002040
0 0 W 0x6002040
0 0 R 0x6004080
0 0 W 0x6004080
0 0 R 0x60060C0
0 0 W 0x60060C0
0 0 R 0x6008100
0 0 W 0x6008100
0 0 R 0x600A140
0 0 W 0x600A140
0 0 R 0x600C180
0 0 W 0x600C180
0 0 R 0x600E1C0
0 0 W 0x600E1C0
0 0 R 0x6000200
0 0 W 0x6000200
0 0 R 0x6002240
0 0 W 0x6002240
0 0 R 0x6004280
0 0 W 0x6004280
0 0 R 0x60062C0
0 0 W 0x60062C0
0 0 R 0x6008300
0 0 W 0x6008300
0 0 R 0x600A340
0 0 W 0x600A340
0 0 R 0x600C380
0 0 W 0x600C380
0 0 R 0x600E3C0
0 0 W 0x600E3C0
0 0 R 0x6000400
0 0 W 0x6000400
0 0 R 0x6002440
0 0 W 0x6002440
0 0 R 0x6004480
0 0 W 0x6004480
0 0 R 0x60064C0
0 0 W 0x60064C0
0 0 R 0x6008500
0 0 W 0x6008500
0 0 R 0x600A540
0 0 W 0x600A540
0 0 R 0x600C580
0 0 W 0x600C580
0 0 R 0x600E5C0
0 0 W 0x600E5C0
0 0 R 0x6000600
0 0 W 0x6000600
0 0 R 0x6002640
0 0 W 0x6002640
0 0 R 0x6004680
0 0 W 0x6004680
0 0 R 0x60066C0
0 0 W 0x60066C0
0 0 R 0x6008700
0 0 W 0x6008700
0 0 R 0x600A740
0 0 W 0x600A740
0 0 R 0x600C780
0 0 W 0x600C780
0 0 R 0x600E7C0
0 0 W 0x600E7C0
0 0 R 0x6000000
0 0 W 0x6000000
0 0 R 0x6002040
0 0 W 0x6002040
0 0 R 0x6004080
0 0 W 0x6004080
0 0 R 0x60060C0
0 0 W 0x60060C0
0 0 R 0x6008100
0 0 W 0x6008100
0 0 R 0x600A140
0 0 W 0x600A140
0 0 R 0x600C180
0 0 W 0x600C180
0 0 R 0x600E1C0
0 0 W 0x600E1C0
0 0 R 0x6000200
0 0 W 0x6000200
0 0 R 0x6002240
0 0 W 0x6002240
0 0 R 0x6004280
0 0 W 0x6004280
0 0 R 0x60062C0
0 0 W 0x60062C0
0 0 R 0x6008300
0 0 W 0x6008300
0 0 R 0x600A340
0 0 W 0x600A340
0 0 R 0x600C380
0 0 W 0x600C380
0 0 R 0x600E3C0
0 0 W 0x600E3C0
0 0 R 0x6000400
0 0 W 0x6000400
0 0 R 0x6002440
0 0 W 0x6002440
0 0 R 0x6004480
0 0 W 0x6004480
0 0 R 0x60064C0
0 0 W 0x60064C0
0 0 R 0x6008500
0 0 W 0x6008500
0 0 R 0x600A540
0 0 W 0x600A540
0 0 R 0x600C580
0 0 W 0x600C580
0 0 R 0x600E5C0
0 0 W 0x600E5C0
0 0 R 0x6000600
0 0 W 0x6000600
0 0 R 0x6002640
0 0 W 0x6002640
0 0 R 0x6004680
0 0 W 0x6004680
0 0 R 0x60066C0
0 0 W 0x60066C0
0 0 R 0x6008700
0 0 W 0x6008700
0 0 R 0x600A740
0 0 W 0x600A740
0 0 R 0x600C780
0 0 W 0x600C780
0 0 R 0x600E7C0
0 0 W 0x600E7C0
0 1 R 0x6002040
0 1 W 0x6002040
0 1 R 0x6004080
0 1 W 0x6004080
0 1 R 0x60060C0
0 1 W 0x60060C0
0 1 R 0x6008100
0 1 W 0x6008100
0 1 R 0x600A140
0 1 W 0x600A140
0 1 R 0x600C180
0 1 W 0x600C180
0 1 R 0x600E1C0
0 1 W 0x600E1C0
0 1 R 0x6000200
0 1 W 0x6000200
0 1 R 0x6002240
0 1 W 0x6002240
0 1 R 0x6004280
0 1 W 0x6004280
0 1 R 0x60062C0
0 1 W 0x60062C0
0 1 R 0x6008300
0 1 W 0x6008300
0 1 R 0x600A340
0 1 W 0x600A340
0 1 R 0x600C380
0 1 W 0x600C380
0 1 R 0x600E3C0
0 1 W 0x600E3C0
0 1 R 0x6000400
0 1 W 0x6000400
0 1 R 0x6002440
0 1 W 0x6002440
0 1 R 0x6004480
0 1 W 0x6004480
0 1 R 0x60064C0
0 1 W 0x60064C0
0 1 R 0x6008500
0 1 W 0x6008500
0 1 R 0x600A540
0 1 W 0x600A540
0 1 R 0x600C580
0 1 W 0x600C580
0 1 R 0x600E5C0
0 1 W 0x600E5C0
0 1 R 0x6000600
0 1 W 0x6000600
0 1 R 0x6002640
0 1 W 0x6002640
0 1 R 0x6004680
0 1 W 0x6004680
0 1 R 0x60066C0
0 1 W 0x60066C0
0 1 R 0x6008700
0 1 W 0x6008700
0 1 R 0x600A740
0 1 W 0x600A740
0 1 R 0x600C780
0 1 W 0x600C780
0 1 R 0x600E7C0
0 1 W 0x600E7C0
0 1 R 0x6000000
0 1 W 0x6000000
0 1 R 0x6002040
0 1 W 0x6002040
0 1 R 0x6004080
0 1 W 0x6004080
0 1 R 0x60060C0
0 1 W 0x60060C0
0 1 R 0x6008100
0 1 W 0x6008100
0 1 R 0x600A140
0 1 W 0x600A140
0 1 R 0x600C180
0 1 W 0x600C180
0 1 R 0x600E1C0
0 1 W 0x600E1C0
0 1 R 0x6000200
0 1 W 0x6000200
0 1 R 0x6002240
0 1 W 0x6002240
0 1 R 0x6004280
0 1 W 0x6004280
0 1 R 0x60062C0
0 1 W 0x60062C0
0 1 R 0x6008300
0 1 W 0x6008300
0 1 R 0x600A340
0 1 W 0x600A340
0 1 R 0x600C380
0 1 W 0x600C380
0 1 R 0x600E3C0
0 1 W 0x600E3C0
0 1 R 0x6000400
0 1 W 0x6000400
0 1 R 0x6002440
0 1 W 0x6002440
0 1 R 0x6004480
0 1 W 0x6004480
0 1 R 0x60064C0
0 1 W 0x60064C0
0 1 R 0x6008500
0 1 W 0x6008500
0 1 R 0x600A540
0 1 W 0x600A540
0 1 R 0x600C580
0 1 W 0x600C580
0 1 R 0x600E5C0
0 1 W 0x600E5C0
0 1 R 0x6000600
0 1 W 0x6000600
0 1 R 0x6002640
0 1 W 0x6002640
0 1 R 0x6004680
0 1 W 0x6004680
0 1 R 0x60066C0
0 1 W 0x60066C0
0 1 R 0x6008700
0 1 W 0x6008700
0 1 R 0x600A740
0 1 W 0x600A740
0 1 R 0x600C780
0 1 W 0x600C780
0 1 R 0x600E7C0
0 1 W 0x600E7C0
0 1 R 0x6000000
0 1 W 0x6000000
0 1 R 0x6002040
0 1 W 0x6002040
0 1 R 0x6004080
0 1 W 0x6004080
0 1 R 0x60060C0
0 1 W 0x60060C0
0 1 R 0x6008100
0 1 W 0x6008100
0 1 R 0x600A140
0 1 W 0x600A140
0 1 R 0x600C180
0 1 W 0x600C180
0 1 R 0x600E1C0
0 1 W 0x600E1C0
0 1 R 0x6000200
0 1 W 0x6000200
0 1 R 0x6002240
0 1 W 0x6002240
0 1 R 0x6004280
0 1 W 0x6004280
0 1 R 0x60062C0
0 1 W 0x60062C0
0 1 R 0x6008300
0 1 W 0x6008300
0 1 R 0x600A340
0 1 W 0x600A340
0 1 R 0x600C380
0 1 W 0x600C380
0 1 R 0x600E3C0
0 1 W 0x600E3C0
0 1 R 0x6000400
0 1 W 0x6000400
0 1 R 0x6002440
0 1 W 0x6002440
0 1 R 0x6004480
0 1 W 0x6004480
0 1 R 0x60064C0
0 1 W 0x60064C0
0 1 R 0x6008500
0 1 W 0x6008500
0 1 R 0x600A540
0 1 W 0x600A540
0 1 R 0x600C580
0 1 W 0x600C580
0 1 R 0x600E5C0
0 1 W 0x600E5C0
0 1 R 0x6000600
0 1 W 0x6000600
0 1 R 0x6002640
0 1 W 0x6002640
0 1 R 0x6004680
0 1 W 0x6004680
0 1 R 0x60066C0
0 1 W 0x60066C0
0 1 R 0x6008700
0 1 W 0x6008700
0 1 R 0x600A740
0 1 W 0x600A740
0 1 R 0x600C780
0 1 W 0x600C780
0 1 R 0x600E7C0
0 1 W 0x600E7C0
0 1 R 0x6000000
0 1 W 0x6000000
0 1 R 0x6002040
0 1 W 0x6002040
0 1 R 0x6004080
0 1 W 0x6004080
0 1 R 0x60060C0
0 1 W 0x60060C0
0 1 R 0x6008100
0 1 W 0x6008100
0 1 R 0x600A140
0 1 W 0x600A140
0 1 R 0x600C180
0 1 W 0x600C180
0 1 R 0x600E1C0
0 1 W 0x600E1C0
0 1 R 0x6000200
0 1 W 0x6000200
0 1 R 0x6002240
0 1 W 0x6002240
0 1 R 0x6004280
0 1 W 0x6004280
0 1 R 0x60062C0
0 1 W 0x60062C0
0 1 R 0x6008300
0 1 W 0x6008300
0 1 R 0x600A340
0 1 W 0x600A340
0 1 R 0x600C380
0 1 W 0x600C380
0 1 R 0x600E3C0
0 1 W 0x600E3C0
0 1 R 0x6000400
0 1 W 0x6000400
0 1 R 0x6002440
0 1 W 0x6002440
0 1 R 0x6004480
0 1 W 0x6004480
0 1 R 0x60064C0
0 1 W 0x60064C0
0 1 R 0x6008500
0 1 W 0x6008500
0 1 R 0x600A540
0 1 W 0x600A540
0 1 R 0x600C580
0 1 W 0x600C580
0 1 R 0x600E5C0
0 1 W 0x600E5C0
0 1 R 0x6000600
0 1 W 0x6000600
0 1 R 0x6002640
0 1 W 0x6002640
0 1 R 0x6004680
0 1 W 0x6004680
0 1 R 0x60066C0
0 1 W 0x60066C0
0 1 R 0x6008700
0 1 W 0x6008700
0 1 R 0x600A740
0 1 W 0x600A740
0 1 R 0x600C780
0 1 W 0x600C780
0 1 R 0x600E7C0
0 1 W 0x600E7C0
0 1 R 0x6000000
0 1 W 0x6000000
0 1 R 0x6002040
0 1 W 0x6002040
0 1 R 0x6004080
0 1 W 0x6004080
0 1 R 0x60060C0
0 1 W 0x60060C0
0 1 R 0x6008100
0 1 W 0x6008100
0 1 R 0x600A140
0 1 W 0x600A140
0 1 R 0x600C180
0 1 W 0x600C180
0 1 R 0x600E1C0
0 1 W 0x600E1C0
0 1 R 0x6000200
0 1 W 0x6000200
0 1 R 0x6002240
0 1 W 0x6002240
0 1 R 0x6004280
0 1 W 0x6004280
0 1 R 0x60062C0
0 1 W 0x60062C0
0 1 R 0x6008300
0 1 W 0x6008300
0 1 R 0x600A340
0 1 W 0x600A340
0 1 R 0x600C380
0 1 W 0x600C380
0 1 R 0x600E3C0
0 1 W 0x600E3C0
0 1 R 0x6000400
0 1 W 0x6000400
0 1 R 0x6002440
0 1 W 0x6002440
0 1 R 0x6004480
0 1 W 0x6004480
0 1 R 0x60064C0
0 1 W 0x60064C0
0 1 R 0x6008500
0 1 W 0x6008500
0 1 R 0x600A540
0 1 W 0x600A540
0 1 R 0x600C580
0 1 W 0x600C580
0 1 R 0x600E5C0
0 1 W 0x600E5C0
0 1 R 0x6000600
0 1 W 0x6000600
0 1 R 0x6002640
0 1 W 0x6002640
0 1 R 0x6004680
0 1 W 0x6004680
0 1 R 0x60066C0
0 1 W 0x60066C0
0 1 R 0x6008700
0 1 W 0x6008700
0 1 R 0x600A740
0 1 W 0x600A740
0 1 R 0x600C780
0 1 W 0x600C780
0 1 R 0x600E7C0
0 1 W 0x600E7C0
0 1 R 0x6000000
0 1 W 0x6000000
0 1 R 0x6002040
0 1 W 0x6002040
0 1 R 0x6004080
0 1 W 0x6004080
0 1 R 0x60060C0
0 1 W 0x60060C0
0 1 R 0x6008100
0 1 W 0x6008100
0 1 R 0x600A140
0 1 W 0x600A140
0 1 R 0x600C180
0 1 W 0x600C180
0 1 R 0x600E1C0
0 1 W 0x600E1C0
0 1 R 0x6000200
0 1 W 0x6000200
0 1 R 0x6002240
0 1 W 0x6002240
0 1 R 0x6004280
0 1 W 0x6004280
0 1 R 0x60062C0
0 1 W 0x60062C0
0 1 R 0x6008300
0 1 W 0x6008300
0 1 R 0x600A340
0 1 W 0x600A340
0 1 R 0x600C380
0 1 W 0x600C380
0 1 R 0x600E3C0
0 1 W 0x600E3C0
0 1 R 0x6000400
0 1 W 0x6000400
0 1 R 0x6002440
0 1 W 0x6002440
0 1 R 0x6004480
0 1 W 0x6004480
0 1 R 0x60064C0
0 1 W 0x60064C0
0 1 R 0x6008500
0 1 W 0x6008500
0 1 R 0x600A540
0 1 W 0x600A540
0 1 R 0x600C580
0 1 W 0x600C580
0 1 R 0x600E5C0
0 1 W 0x600E5C0
0 1 R 0x6000600
0 1 W 0x6000600
0 1 R 0x6002640
0 1 W 0x6002640
0 1 R 0x6004680
0 1 W 0x6004680
0 1 R 0x60066C0
0 1 W 0x60066C0
0 1 R 0x6008700
0 1 W 0x6008700
0 1 R 0x600A740
0 1 W 0x600A740
0 1 R 0x600C780
0 1 W 0x600C780
0 1 R 0x600E7C0
0 1 W 0x600E7C0
0 1 R 0x6000000
0 1 W 0x6000000
0 1 R 0x6002040
0 1 W 0x6002040
0 1 R 0x6004080
0 1 W 0x6004080
0 1 R 0x60060C0
0 1 W 0x60060C0
0 1 R 0x6008100
0 1 W 0x6008100
0 1 R 0x600A140
0 1 W 0x600A140
0 1 R 0x600C180
0 1 W 0x600C180
0 1 R 0x600E1C0
0 1 W 0x600E1C0
0 1 R 0x6000200
0 1 W 0x6000200
0 1 R 0x6002240
0 1 W 0x6002240
0 1 R 0x6004280
0 1 W 0x6004280
0 1 R 0x60062C0
0 1 W 0x60062C0
0 1 R 0x6008300
0 1 W 0x6008300
0 1 R 0x600A340
0 1 W 0x600A340
0 1 R 0x600C380
0 1 W 0x600C380
0 1 R 0x600E3C0
0 1 W 0x600E3C0
0 1 R 0x6000400
0 1 W 0x6000400
0 1 R 0x6002440
0 1 W 0x6002440
0 1 R 0x6004480
0 1 W 0x6004480
0 1 R 0x60064C0
0 1 W 0x60064C0
0 1 R 0x6008500
0 1 W 0x6008500
0 1 R 0x600A540
0 1 W 0x600A540
0 1 R 0x600C580
0 1 W 0x600C580
0 1 R 0x600E5C0
0 1 W 0x600E5C0
0 1 R 0x6000600
0 1 W 0x6000600
0 1 R 0x6002640
0 1 W 0x6002640
0 1 R 0x6004680
0 1 W 0x6004680
0 1 R 0x60066C0
0 1 W 0x60066C0
0 1 R 0x6008700
0 1 W 0x6008700
0 1 R 0x600A740
0 1 W 0x600A740
0 1 R 0x600C780
0 1 W 0x600C780
0 1 R 0x600E7C0
0 1 W 0x600E7C0
0 1 R 0x6000000
0 1 W 0x6000000
0 1 R 0x6002040
0 1 W 0x6002040
0 1 R 0x6004080
0 1 W 0x6004080
0 1 R 0x60060C0
0 1 W 0x60060C0
0 1 R 0x6008100
0 1 W 0x6008100
0 1 R 0x600A140
0 1 W 0x600A140
0 1 R 0x600C180
0 1 W 0x600C180
0 1 R 0x600E1C0
0 1 W 0x600E1C0
0 1 R 0x6000200
0 1 W 0x6000200
0 1 R 0x6002240
0 1 W 0x6002240
0 1 R 0x6004280
0 1 W 0x6004280
0 1 R 0x60062C0
0 1 W 0x60062C0
0 1 R 0x6008300
0 1 W 0x6008300
0 1 R 0x600A340
0 1 W 0x600A340
0 1 R 0x600C380
0 1 W 0x600C380
0 1 R 0x600E3C0
0 1 W 0x600E3C0
0 1 R 0x6000400
0 1 W 0x6000400
0 1 R 0x6002440
0 1 W 0x6002440
0 1 R 0x6004480
0 1 W 0x6004480
0 1 R 0x60064C0
0 1 W 0x60064C0
0 1 R 0x6008500
0 1 W 0x6008500
0 1 R 0x600A540
0 1 W 0x600A540
0 1 R 0x600C580
0 1 W 0x600C580
0 1 R 0x600E5C0
0 1 W 0x600E5C0
0 1 R 0x6000600
0 1 W 0x6000600
0 1 R 0x6002640
0 1 W 0x6002640
0 1 R 0x6004680
0 1 W 0x6004680
0 1 R 0x60066C0
0 1 W 0x60066C0
0 1 R 0x6008700
0 1 W 0x6008700
0 1 R 0x600A740
0 1 W 0x600A740
0 1 R 0x600C780
0 1 W 0x600C780
0 1 R 0x600E7C0
0 1 W 0x600E7C0
0 1 R 0x6000000
0 1 W 0x6000000
0 2 R 0x6004080
0 2 W 0x6004080
0 2 R 0x60060C0
0 2 W 0x60060C0
0 2 R 0x6008100
0 2 W 0x6008100
0 2 R 0x600A140
0 2 W 0x600A140
0 2 R 0x600C180
0 2 W 0x600C180
0 2 R 0x600E1C0
0 2 W 0x600E1C0
0 2 R 0x6000200
0 2 W 0x6000200
0 2 R 0x6002240
0 2 W 0x6002240
0 2 R 0x6004280
0 2 W 0x6004280
0 2 R 0x60062C0
0 2 W 0x60062C0
0 2 R 0x6008300
0 2 W 0x6008300
0 2 R 0x600A340
0 2 W 0x600A340
0 2 R 0x600C380
0 2 W 0x600C380
0 2 R 0x600E3C0
0 2 W 0x600E3C0
0 2 R 0x6000400
0 2 W 0x6000400
0 2 R 0x6002440
0 2 W 0x6002440
0 2 R 0x6004480
0 2 W 0x6004480
0 2 R 0x60064C0
0 2 W 0x60064C0
0 2 R 0x6008500
0 2 W 0x6008500
0 2 R 0x600A540
0 2 W 0x600A540
0 2 R 0x600C580
0 2 W 0x600C580
0 2 R 0x600E5C0
0 2 W 0x600E5C0
0 2 R 0x6000600
0 2 W 0x6000600
0 2 R 0x6002640
0 2 W 0x6002640
0 2 R 0x6004680
0 2 W 0x6004680
0 2 R 0x60066C0
0 2 W 0x60066C0
0 2 R 0x6008700
0 2 W 0x6008700
0 2 R 0x600A740
0 2 W 0x600A740
0 2 R 0x600C780
0 2 W 0x600C780
0 2 R 0x600E7C0
0 2 W 0x600E7C0
0 2 R 0x6000000
0 2 W 0x6000000
0 2 R 0x6002040
0 2 W 0x6002040
0 2 R 0x6004080
0 2 W 0x6004080
0 2 R 0x60060C0
0 2 W 0x60060C0
0 2 R 0x6008100
0 2 W 0x6008100
0 2 R 0x600A140
0 2 W 0x600A140
0 2 R 0x600C180
0 2 W 0x600C180
0 2 R 0x600E1C0
0 2 W 0x600E1C0
0 2 R 0x6000200
0 2 W 0x6000200
0 2 R 0x6002240
0 2 W 0x6002240
0 2 R 0x6004280
0 2 W 0x6004280
0 2 R 0x60062C0
0 2 W 0x60062C0
0 2 R 0x6008300
0 2 W 0x6008300
0 2 R 0x600A340
0 2 W 0x600A340
0 2 R 0x600C380
0 2 W 0x600C380
0 2 R 0x600E3C0
0 2 W 0x600E3C0
0 2 R 0x6000400
0 2 W 0x6000400
0 2 R 0x6002440
0 2 W 0x6002440
0 2 R 0x6004480
0 2 W 0x6004480
0 2 R 0x60064C0
0 2 W 0x60064C0
0 2 R 0x6008500
0 2 W 0x6008500
0 2 R 0x600A540
0 2 W 0x600A540
0 2 R 0x600C580
0 2 W 0x600C580
0 2 R 0x600E5C0
0 2 W 0x600E5C0
0 2 R 0x6000600
0 2 W 0x6000600
0 2 R 0x6002640
0 2 W 0x6002640
0 2 R 0x6004680
0 2 W 0x6004680
0 2 R 0x60066C0
0 2 W 0x60066C0
0 2 R 0x6008700
0 2 W 0x6008700
0 2 R 0x600A740
0 2 W 0x600A740
0 2 R 0x600C780
0 2 W 0x600C780
0 2 R 0x600E7C0
0 2 W 0x600E7C0
0 2 R 0x6000000
0 2 W 0x6000000
0 2 R 0x6002040
0 2 W 0x6002040
0 2 R 0x6004080
0 2 W 0x6004080
0 2 R 0x60060C0
0 2 W 0x60060C0
0 2 R 0x6008100
0 2 W 0x6008100
0 2 R 0x600A140
0 2 W 0x600A140
0 2 R 0x600C180
0 2 W 0x600C180
0 2 R 0x600E1C0
0 2 W 0x600E1C0
0 2 R 0x6000200
0 2 W 0x6000200
0 2 R 0x6002240
0 2 W 0x6002240
0 2 R 0x6004280
0 2 W 0x6004280
0 2 R 0x60062C0
0 2 W 0x60062C0
0 2 R 0x6008300
0 2 W 0x6008300
0 2 R 0x600A340
0 2 W 0x600A340
0 2 R 0x600C380
0 2 W 0x600C380
0 2 R 0x600E3C0
0 2 W 0x600E3C0
0 2 R 0x6000400
0 2 W 0x6000400
0 2 R 0x6002440
0 2 W 0x6002440
0 2 R 0x6004480
0 2 W 0x6004480
0 2 R 0x60064C0
0 2 W 0x60064C0
0 2 R 0x6008500
0 2 W 0x6008500
0 2 R 0x600A540
0 2 W 0x600A540
0 2 R 0x600C580
0 2 W 0x600C580
0 2 R 0x600E5C0
0 2 W 0x600E5C0
0 2 R 0x6000600
0 2 W 0x6000600
0 2 R 0x6002640
0 2 W 0x6002640
0 2 R 0x6004680
0 2 W 0x6004680
0 2 R 0x60066C0
0 2 W 0x60066C0
0 2 R 0x6008700
0 2 W 0x6008700
0 2 R 0x600A740
0 2 W 0x600A740
0 2 R 0x600C780
0 2 W 0x600C780
0 2 R 0x600E7C0
0 2 W 0x600E7C0
0 2 R 0x6000000
0 2 W 0x6000000
0 2 R 0x6002040
0 2 W 0x6002040
0 2 R 0x6004080
0 2 W 0x6004080
0 2 R 0x60060C0
0 2 W 0x60060C0
0 2 R 0x6008100
0 2 W 0x6008100
0 2 R 0x600A140
0 2 W 0x600A140
0 2 R 0x600C180
0 2 W 0x600C180
0 2 R 0x600E1C0
0 2 W 0x600E1C0
0 2 R 0x6000200
0 2 W 0x6000200
0 2 R 0x6002240
0 2 W 0x6002240
0 2 R 0x6004280
0 2 W 0x6004280
0 2 R 0x60062C0
0 2 W 0x60062C0
0 2 R 0x6008300
0 2 W 0x6008300
0 2 R 0x600A340
0 2 W 0x600A340
0 2 R 0x600C380
0 2 W 0x600C380
0 2 R 0x600E3C0
0 2 W 0x600E3C0
0 2 R 0x6000400
0 2 W 0x6000400
0 2 R 0x6002440
0 2 W 0x6002440
0 2 R 0x6004480
0 2 W 0x6004480
0 2 R 0x60064C0
0 2 W 0x60064C0
0 2 R 0x6008500
0 2 W 0x6008500
0 2 R 0x600A540
0 2 W 0x600A540
0 2 R 0x600C580
0 2 W 0x600C580
0 2 R 0x600E5C0
0 2 W 0x600E5C0
0 2 R 0x6000600
0 2 W 0x6000600
0 2 R 0x6002640
0 2 W 0x6002640
0 2 R 0x6004680
0 2 W 0x6004680
0 2 R 0x60066C0
0 2 W 0x60066C0
0 2 R 0x6008700
0 2 W 0x6008700
0 2 R 0x600A740
0 2 W 0x600A740
0 2 R 0x600C780
0 2 W 0x600C780
0 2 R 0x600E7C0
0 2 W 0x600E7C0
0 2 R 0x6000000
0 2 W 0x6000000
0 2 R 0x6002040
0 2 W 0x6002040
0 2 R 0x6004080
0 2 W 0x6004080
0 2 R 0x60060C0
0 2 W 0x60060C0
0 2 R 0x6008100
0 2 W 0x6008100
0 2 R 0x600A140
0 2 W 0x600A140
0 2 R 0x600C180
0 2 W 0x600C180
0 2 R 0x600E1C0
0 2 W 0x600E1C0
0 2 R 0x6000200
0 2 W 0x6000200
0 2 R 0x6002240
0 2 W 0x6002240
0 2 R 0x6004280
0 2 W 0x6004280
0 2 R 0x60062C0
0 2 W 0x60062C0
0 2 R 0x6008300
0 2 W 0x6008300
0 2 R 0x600A340
0 2 W 0x600A340
0 2 R 0x600C380
0 2 W 0x600C380
0 2 R 0x600E3C0
0 2 W 0x600E3C0
0 2 R 0x6000400
0 2 W 0x6000400
0 2 R 0x6002440
0 2 W 0x6002440
0 2 R 0x6004480
0 2 W 0x6004480
0 2 R 0x60064C0
0 2 W 0x60064C0
0 2 R 0x6008500
0 2 W 0x6008500
0 2 R 0x600A540
0 2 W 0x600A540
0 2 R 0x600C580
0 2 W 0x600C580
0 2 R 0x600E5C0
0 2 W 0x600E5C0
0 2 R 0x6000600
0 2 W 0x6000600
0 2 R 0x6002640
0 2 W 0x6002640
0 2 R 0x6004680
0 2 W 0x6004680
0 2 R 0x60066C0
0 2 W 0x60066C0
0 2 R 0x6008700
0 2 W 0x6008700
0 2 R 0x600A740
0 2 W 0x600A740
0 2 R 0x600C780
0 2 W 0x600C780
0 2 R 0x600E7C0
0 2 W 0x600E7C0
0 2 R 0x6000000
0 2 W 0x6000000
0 2 R 0x6002040
0 2 W 0x6002040
0 2 R 0x6004080
0 2 W 0x6004080
0 2 R 0x60060C0
0 2 W 0x60060C0
0 2 R 0x6008100
0 2 W 0x6008100
0 2 R 0x600A140
0 2 W 0x600A140
0 2 R 0x600C180
0 2 W 0x600C180
0 2 R 0x600E1C0
0 2 W 0x600E1C0
0 2 R 0x6000200
0 2 W 0x6000200
0 2 R 0x6002240
0 2 W 0x6002240
0 2 R 0x6004280
0 2 W 0x6004280
0 2 R 0x60062C0
0 2 W 0x60062C0
0 2 R 0x6008300
0 2 W 0x6008300
0 2 R 0x600A340
0 2 W 0x600A340
0 2 R 0x600C380
0 2 W 0x600C380
0 2 R 0x600E3C0
0 2 W 0x600E3C0
0 2 R 0x6000400
0 2 W 0x6000400
0 2 R 0x6002440
0 2 W 0x6002440
0 2 R 0x6004480
0 2 W 0x6004480
0 2 R 0x60064C0
0 2 W 0x60064C0
0 2 R 0x6008500
0 2 W 0x6008500
0 2 R 0x600A540
0 2 W 0x600A540
0 2 R 0x600C580
0 2 W 0x600C580
0 2 R 0x600E5C0
0 2 W 0x600E5C0
0 2 R 0x6000600
0 2 W 0x6000600
0 2 R 0x6002640
0 2 W 0x6002640
0 2 R 0x6004680
0 2 W 0x6004680
0 2 R 0x60066C0
0 2 W 0x60066C0
0 2 R 0x6008700
0 2 W 0x6008700
0 2 R 0x600A740
0 2 W 0x600A740
0 2 R 0x600C780
0 2 W 0x600C780
0 2 R 0x600E7C0
0 2 W 0x600E7C0
0 2 R 0x6000000
0 2 W 0x6000000
0 2 R 0x6002040
0 2 W 0x6002040
0 2 R 0x6004080
0 2 W 0x6004080
0 2 R 0x60060C0
0 2 W 0x60060C0
0 2 R 0x6008100
0 2 W 0x6008100
0 2 R 0x600A140
0 2 W 0x600A140
0 2 R 0x600C180
0 2 W 0x600C180
0 2 R 0x600E1C0
0 2 W 0x600E1C0
0 2 R 0x6000200
0 2 W 0x6000200
0 2 R 0x6002240
0 2 W 0x6002240
0 2 R 0x6004280
0 2 W 0x6004280
0 2 R 0x60062C0
0 2 W 0x60062C0
0 2 R 0x6008300
0 2 W 0x6008300
0 2 R 0x600A340
0 2 W 0x600A340
0 2 R 0x600C380
0 2 W 0x600C380
0 2 R 0x600E3C0
0 2 W 0x600E3C0
0 2 R 0x6000400
0 2 W 0x6000400
0 2 R 0x6002440
0 2 W 0x6002440
0 2 R 0x6004480
0 2 W 0x6004480
0 2 R 0x60064C0
0 2 W 0x60064C0
0 2 R 0x6008500
0 2 W 0x6008500
0 2 R 0x600A540
0 2 W 0x600A540
0 2 R 0x600C580
0 2 W 0x600C580
0 2 R 0x600E5C0
0 2 W 0x600E5C0
0 2 R 0x6000600
0 2 W 0x6000600
0 2 R 0x6002640
0 2 W 0x6002640
0 2 R 0x6004680
0 2 W 0x6004680
0 2 R 0x60066C0
0 2 W 0x60066C0
0 2 R 0x6008700
0 2 W 0x6008700
0 2 R 0x600A740
0 2 W 0x600A740
0 2 R 0x600C780
0 2 W 0x600C780
0 2 R 0x600E7C0
0 2 W 0x600E7C0
0 2 R 0x6000000
0 2 W 0x6000000
0 2 R 0x6002040
0 2 W 0x6002040
0 2 R 0x6004080
0 2 W 0x6004080
0 2 R 0x60060C0
0 2 W 0x60060C0
0 2 R 0x6008100
0 2 W 0x6008100
0 2 R 0x600A140
0 2 W 0x600A140
0 2 R 0x600C180
0 2 W 0x600C180
0 2 R 0x600E1C0
0 2 W 0x600E1C0
0 2 R 0x6000200
0 2 W 0x6000200
0 2 R 0x6002240
0 2 W 0x6002240
0 2 R 0x6004280
0 2 W 0x6004280
0 2 R 0x60062C0
0 2 W 0x60062C0
0 2 R 0x6008300
0 2 W 0x6008300
0 2 R 0x600A340
0 2 W 0x600A340
0 2 R 0x600C380
0 2 W 0x600C380
0 2 R 0x600E3C0
0 2 W 0x600E3C0
0 2 R 0x6000400
0 2 W 0x6000400
0 2 R 0x6002440
0 2 W 0x6002440
0 2 R 0x6004480
0 2 W 0x6004480
0 2 R 0x60064C0
0 2 W 0x60064C0
0 2 R 0x6008500
0 2 W 0x6008500
0 2 R 0x600A540
0 2 W 0x600A540
0 2 R 0x600C580
0 2 W 0x600C580
0 2 R 0x600E5C0
0 2 W 0x600E5C0
0 2 R 0x6000600
0 2 W 0x6000600
0 2 R 0x6002640
0 2 W 0x6002640
0 2 R 0x6004680
0 2 W 0x6004680
0 2 R 0x60066C0
0 2 W 0x60066C0
0 2 R 0x6008700
0 2 W 0x6008700
0 2 R 0x600A740
0 2 W 0x600A740
0 2 R 0x600C780
0 2 W 0x600C780
0 2 R 0x600E7C0
0 2 W 0x600E7C0
0 2 R 0x6000000
0 2 W 0x6000000
0 2 R 0x6002040
0 2 W 0x6002040
0 3 R 0x60060C0
0 3 W 0x60060C0
0 3 R 0x6008100
0 3 W 0x6008100
0 3 R 0x600A140
0 3 W 0x600A140
0 3 R 0x600C180
0 3 W 0x600C180
0 3 R 0x600E1C0
0 3 W 0x600E1C0
0 3 R 0x6000200
0 3 W 0x6000200
0 3 R 0x6002240
0 3 W 0x6002240
0 3 R 0x6004280
0 3 W 0x6004280
0 3 R 0x60062C0
0 3 W 0x60062C0
0 3 R 0x6008300
0 3 W 0x6008300
0 3 R 0x600A340
0 3 W 0x600A340
0 3 R 0x600C380
0 3 W 0x600C380
0 3 R 0x600E3C0
0 3 W 0x600E3C0
0 3 R 0x6000400
0 3 W 0x6000400
0 3 R 0x6002440
0 3 W 0x6002440
0 3 R 0x6004480
0 3 W 0x6004480
0 3 R 0x60064C0
0 3 W 0x60064C0
0 3 R 0x6008500
0 3 W 0x6008500
0 3 R 0x600A540
0 3 W 0x600A540
0 3 R 0x600C580
0 3 W 0x600C580
0 3 R 0x600E5C0
0 3 W 0x600E5C0
0 3 R 0x6000600
0 3 W 0x6000600
0 3 R 0x6002640
0 3 W 0x6002640
0 3 R 0x6004680
0 3 W 0x6004680
0 3 R 0x60066C0
0 3 W 0x60066C0
0 3 R 0x6008700
0 3 W 0x6008700
0 3 R 0x600A740
0 3 W 0x600A740
0 3 R 0x600C780
0 3 W 0x600C780
0 3 R 0x600E7C0
0 3 W 0x600E7C0
0 3 R 0x6000000
0 3 W 0x6000000
0 3 R 0x6002040
0 3 W 0x6002040
0 3 R 0x6004080
0 3 W 0x6004080
0 3 R 0x60060C0
0 3 W 0x60060C0
0 3 R 0x6008100
0 3 W 0x6008100
0 3 R 0x600A140
0 3 W 0x600A140
0 3 R 0x600C180
0 3 W 0x600C180
0 3 R 0x600E1C0
0 3 W 0x600E1C0
0 3 R 0x6000200
0 3 W 0x6000200
0 3 R 0x6002240
0 3 W 0x6002240
0 3 R 0x6004280
0 3 W 0x6004280
0 3 R 0x60062C0
0 3 W 0x60062C0
0 3 R 0x6008300
0 3 W 0x6008300
0 3 R 0x600A340
0 3 W 0x600A340
0 3 R 0x600C380
0 3 W 0x600C380
0 3 R 0x600E3C0
0 3 W 0x600E3C0
0 3 R 0x6000400
0 3 W 0x6000400
0 3 R 0x6002440
0 3 W 0x6002440
0 3 R 0x6004480
0 3 W 0x6004480
0 3 R 0x60064C0
0 3 W 0x60064C0
0 3 R 0x6008500
0 3 W 0x6008500
0 3 R 0x600A540
0 3 W 0x600A540
0 3 R 0x600C580
0 3 W 0x600C580
0 3 R 0x600E5C0
0 3 W 0x600E5C0
0 3 R 0x6000600
0 3 W 0x6000600
0 3 R 0x6002640
0 3 W 0x6002640
0 3 R 0x6004680
0 3 W 0x6004680
0 3 R 0x60066C0
0 3 W 0x60066C0
0 3 R 0x6008700
0 3 W 0x6008700
0 3 R 0x600A740
0 3 W 0x600A740
0 3 R 0x600C780
0 3 W 0x600C780
0 3 R 0x600E7C0
0 3 W 0x600E7C0
0 3 R 0x6000000
0 3 W 0x6000000
0 3 R 0x6002040
0 3 W 0x6002040
0 3 R 0x6004080
0 3 W 0x6004080
0 3 R 0x60060C0
0 3 W 0x60060C0
0 3 R 0x6008100
0 3 W 0x6008100
0 3 R 0x600A140
0 3 W 0x600A140
0 3 R 0x600C180
0 3 W 0x600C180
0 3 R 0x600E1C0
0 3 W 0x600E1C0
0 3 R 0x6000200
0 3 W 0x6000200
0 3 R 0x6002240
0 3 W 0x6002240
0 3 R 0x6004280
0 3 W 0x6004280
0 3 R 0x60062C0
0 3 W 0x60062C0
0 3 R 0x6008300
0 3 W 0x6008300
0 3 R 0x600A340
0 3 W 0x600A340
0 3 R 0x600C380
0 3 W 0x600C380
0 3 R 0x600E3C0
0 3 W 0x600E3C0
0 3 R 0x6000400
0 3 W 0x6000400
0 3 R 0x6002440
0 3 W 0x6002440
0 3 R 0x6004480
0 3 W 0x6004480
0 3 R 0x60064C0
0 3 W 0x60064C0
0 3 R 0x6008500
0 3 W 0x6008500
0 3 R 0x600A540
0 3 W 0x600A540
0 3 R 0x600C580
0 3 W 0x600C580
0 3 R 0x600E5C0
0 3 W 0x600E5C0
0 3 R 0x6000600
0 3 W 0x6000600
0 3 R 0x6002640
0 3 W 0x6002640
0 3 R 0x6004680
0 3 W 0x6004680
0 3 R 0x60066C0
0 3 W 0x60066C0
0 3 R 0x6008700
0 3 W 0x6008700
0 3 R 0x600A740
0 3 W 0x600A740
0 3 R 0x600C780
0 3 W 0x600C780
0 3 R 0x600E7C0
0 3 W 0x600E7C0
0 3 R 0x6000000
0 3 W 0x6000000
0 3 R 0x6002040
0 3 W 0x6002040
0 3 R 0x6004080
0 3 W 0x6004080
0 3 R 0x60060C0
0 3 W 0x60060C0
0 3 R 0x6008100
0 3 W 0x6008100
0 3 R 0x600A140
0 3 W 0x600A140
0 3 R 0x600C180
0 3 W 0x600C180
0 3 R 0x600E1C0
0 3 W 0x600E1C0
0 3 R 0x6000200
0 3 W 0x6000200
0 3 R 0x6002240
0 3 W 0x6002240
0 3 R 0x6004280
0 3 W 0x6004280
0 3 R 0x60062C0
0 3 W 0x60062C0
0 3 R 0x6008300
0 3 W 0x6008300
0 3 R 0x600A340
0 3 W 0x600A340
0 3 R 0x600C380
0 3 W 0x600C380
0 3 R 0x600E3C0
0 3 W 0x600E3C0
0 3 R 0x6000400
0 3 W 0x6000400
0 3 R 0x6002440
0 3 W 0x6002440
0 3 R 0x6004480
0 3 W 0x6004480
0 3 R 0x60064C0
0 3 W 0x60064C0
0 3 R 0x6008500
0 3 W 0x6008500
0 3 R 0x600A540
0 3 W 0x600A540
0 3 R 0x600C580
0 3 W 0x600C580
0 3 R 0x600E5C0
0 3 W 0x600E5C0
0 3 R 0x6000600
0 3 W 0x6000600
0 3 R 0x6002640
0 3 W 0x6002640
0 3 R 0x6004680
0 3 W 0x6004680
0 3 R 0x60066C0
0 3 W 0x60066C0
0 3 R 0x6008700
0 3 W 0x6008700
0 3 R 0x600A740
0 3 W 0x600A740
0 3 R 0x600C780
0 3 W 0x600C780
0 3 R 0x600E7C0
0 3 W 0x600E7C0
0 3 R 0x6000000
0 3 W 0x6000000
0 3 R 0x6002040
0 3 W 0x6002040
0 3 R 0x6004080
0 3 W 0x6004080
0 3 R 0x60060C0
0 3 W 0x60060C0
0 3 R 0x6008100
0 3 W 0x6008100
0 3 R 0x600A140
0 3 W 0x600A140
0 3 R 0x600C180
0 3 W 0x600C180
0 3 R 0x600E1C0
0 3 W 0x600E1C0
0 3 R 0x6000200
0 3 W 0x6000200
0 3 R 0x6002240
0 3 W 0x6002240
0 3 R 0x6004280
0 3 W 0x6004280
0 3 R 0x60062C0
0 3 W 0x60062C0
0 3 R 0x6008300
0 3 W 0x6008300
0 3 R 0x600A340
0 3 W 0x600A340
0 3 R 0x600C380
0 3 W 0x600C380
0 3 R 0x600E3C0
0 3 W 0x600E3C0
0 3 R 0x6000400
0 3 W 0x6000400
0 3 R 0x6002440
0 3 W 0x6002440
0 3 R 0x6004480
0 3 W 0x6004480
0 3 R 0x60064C0
0 3 W 0x60064C0
0 3 R 0x6008500
0 3 W 0x6008500
0 3 R 0x600A540
0 3 W 0x600A540
0 3 R 0x600C580
0 3 W 0x600C580
0 3 R 0x600E5C0
0 3 W 0x600E5C0
0 3 R 0x6000600
0 3 W 0x6000600
0 3 R 0x6002640
0 3 W 0x6002640
0 3 R 0x6004680
0 3 W 0x6004680
0 3 R 0x60066C0
0 3 W 0x60066C0
0 3 R 0x6008700
0 3 W 0x6008700
0 3 R 0x600A740
0 3 W 0x600A740
0 3 R 0x600C780
0 3 W 0x600C780
0 3 R 0x600E7C0
0 3 W 0x600E7C0
0 3 R 0x6000000
0 3 W 0x6000000
0 3 R 0x6002040
0 3 W 0x6002040
0 3 R 0x6004080
0 3 W 0x6004080
0 3 R 0x60060C0
0 3 W 0x60060C0
0 3 R 0x6008100
0 3 W 0x6008100
0 3 R 0x600A140
0 3 W 0x600A140
0 3 R 0x600C180
0 3 W 0x600C180
0 3 R 0x600E1C0
0 3 W 0x600E1C0
0 3 R 0x6000200
0 3 W 0x6000200
0 3 R 0x6002240
0 3 W 0x6002240
0 3 R 0x6004280
0 3 W 0x6004280
0 3 R 0x60062C0
0 3 W 0x60062C0
0 3 R 0x6008300
0 3 W 0x6008300
0 3 R 0x600A340
0 3 W 0x600A340
0 3 R 0x600C380
0 3 W 0x600C380
0 3 R 0x600E3C0
0 3 W 0x600E3C0
0 3 R 0x6000400
0 3 W 0x6000400
0 3 R 0x6002440
0 3 W 0x6002440
0 3 R 0x6004480
0 3 W 0x6004480
0 3 R 0x60064C0
0 3 W 0x60064C0
0 3 R 0x6008500
0 3 W 0x6008500
0 3 R 0x600A540
0 3 W 0x600A540
0 3 R 0x600C580
0 3 W 0x600C580
0 3 R 0x600E5C0
0 3 W 0x600E5C0
0 3 R 0x6000600
0 3 W 0x6000600
0 3 R 0x6002640
0 3 W 0x6002640
0 3 R 0x6004680
0 3 W 0x6004680
0 3 R 0x60066C0
0 3 W 0x60066C0
0 3 R 0x6008700
0 3 W 0x6008700
0 3 R 0x600A740
0 3 W 0x600A740
0 3 R 0x600C780
0 3 W 0x600C780
0 3 R 0x600E7C0
0 3 W 0x600E7C0
0 3 R 0x6000000
0 3 W 0x6000000
0 3 R 0x6002040
0 3 W 0x6002040
0 3 R 0x6004080
0 3 W 0x6004080
0 3 R 0x60060C0
0 3 W 0x60060C0
0 3 R 0x6008100
0 3 W 0x6008100
0 3 R 0x600A140
0 3 W 0x600A140
0 3 R 0x600C180
0 3 W 0x600C180
0 3 R 0x600E1C0
0 3 W 0x600E1C0
0 3 R 0x6000200
0 3 W 0x6000200
0 3 R 0x6002240
0 3 W 0x6002240
0 3 R 0x6004280
0 3 W 0x6004280
0 3 R 0x60062C0
0 3 W 0x60062C0
0 3 R 0x6008300
0 3 W 0x6008300
0 3 R 0x600A340
0 3 W 0x600A340
0 3 R 0x600C380
0 3 W 0x600C380
0 3 R 0x600E3C0
0 3 W 0x600E3C0
0 3 R 0x6000400
0 3 W 0x6000400
0 3 R 0x6002440
0 3 W 0x6002440
0 3 R 0x6004480
0 3 W 0x6004480
0 3 R 0x60064C0
0 3 W 0x60064C0
0 3 R 0x6008500
0 3 W 0x6008500
0 3 R 0x600A540
0 3 W 0x600A540
0 3 R 0x600C580
0 3 W 0x600C580
0 3 R 0x600E5C0
0 3 W 0x600E5C0
0 3 R 0x6000600
0 3 W 0x6000600
0 3 R 0x6002640
0 3 W 0x6002640
0 3 R 0x6004680
0 3 W 0x6004680
0 3 R 0x60066C0
0 3 W 0x60066C0
0 3 R 0x6008700
0 3 W 0x6008700
0 3 R 0x600A740
0 3 W 0x600A740
0 3 R 0x600C780
0 3 W 0x600C780
0 3 R 0x600E7C0
0 3 W 0x600E7C0
0 3 R 0x6000000
0 3 W 0x6000000
0 3 R 0x6002040
0 3 W 0x6002040
0 3 R 0x6004080
0 3 W 0x6004080
0 3 R 0x60060C0
0 3 W 0x60060C0
0 3 R 0x6008100
0 3 W 0x6008100
0 3 R 0x600A140
0 3 W 0x600A140
0 3 R 0x600C180
0 3 W 0x600C180
0 3 R 0x600E1C0
0 3 W 0x600E1C0
0 3 R 0x6000200
0 3 W 0x6000200
0 3 R 0x6002240
0 3 W 0x6002240
0 3 R 0x6004280
0 3 W 0x6004280
0 3 R 0x60062C0
0 3 W 0x60062C0
0 3 R 0x6008300
0 3 W 0x6008300
0 3 R 0x600A340
0 3 W 0x600A340
0 3 R 0x600C380
0 3 W 0x600C380
0 3 R 0x600E3C0
0 3 W 0x600E3C0
0 3 R 0x6000400
0 3 W 0x6000400
0 3 R 0x6002440
0 3 W 0x6002440
0 3 R 0x6004480
0 3 W 0x6004480
0 3 R 0x60064C0
0 3 W 0x60064C0
0 3 R 0x6008500
0 3 W 0x6008500
0 3 R 0x600A540
0 3 W 0x600A540
0 3 R 0x600C580
0 3 W 0x600C580
0 3 R 0x600E5C0
0 3 W 0x600E5C0
0 3 R 0x6000600
0 3 W 0x6000600
0 3 R 0x6002640
0 3 W 0x6002640
0 3 R 0x6004680
0 3 W 0x6004680
0 3 R 0x60066C0
0 3 W 0x60066C0
0 3 R 0x6008700
0 3 W 0x6008700
0 3 R 0x600A740
0 3 W 0x600A740
0 3 R 0x600C780
0 3 W 0x600C780
0 3 R 0x600E7C0
0 3 W 0x600E7C0
0 3 R 0x6000000
0 3 W 0x6000000
0 3 R 0x6002040
0 3 W 0x6002040
0 3 R 0x6004080
0 3 W 0x6004080
0 4 R 0x6008100
0 4 W 0x6008100
0 4 R 0x600A140
0 4 W 0x600A140
0 4 R 0x600C180
0 4 W 0x600C180
0 4 R 0x600E1C0
0 4 W 0x600E1C0
0 4 R 0x6000200
0 4 W 0x6000200
0 4 R 0x6002240
0 4 W 0x6002240
0 4 R 0x6004280
0 4 W 0x6004280
0 4 R 0x60062C0
0 4 W 0x60062C0
0 4 R 0x6008300
0 4 W 0x6008300
0 4 R 0x600A340
0 4 W 0x600A340
0 4 R 0x600C380
0 4 W 0x600C380
0 4 R 0x600E3C0
0 4 W 0x600E3C0
0 4 R 0x6000400
0 4 W 0x6000400
0 4 R 0x6002440
0 4 W 0x6002440
0 4 R 0x6004480
0 4 W 0x6004480
0 4 R 0x60064C0
0 4 W 0x60064C0
0 4 R 0x6008500
0 4 W 0x6008500
0 4 R 0x600A540
0 4 W 0x600A540
0 4 R 0x600C580
0 4 W 0x600C580
0 4 R 0x600E5C0
0 4 W 0x600E5C0
0 4 R 0x6000600
0 4 W 0x6000600
0 4 R 0x6002640
0 4 W 0x6002640
0 4 R 0x6004680
0 4 W 0x6004680
0 4 R 0x60066C0
0 4 W 0x60066C0
0 4 R 0x6008700
0 4 W 0x6008700
0 4 R 0x600A740
0 4 W 0x600A740
0 4 R 0x600C780
0 4 W 0x600C780
0 4 R 0x600E7C0
0 4 W 0x600E7C0
0 4 R 0x6000000
0 4 W 0x6000000
0 4 R 0x6002040
0 4 W 0x6002040
0 4 R 0x6004080
0 4 W 0x6004080
0 4 R 0x60060C0
0 4 W 0x60060C0
0 4 R 0x6008100
0 4 W 0x6008100
0 4 R 0x600A140
0 4 W 0x600A140
0 4 R 0x600C180
0 4 W 0x600C180
0 4 R 0x600E1C0
0 4 W 0x600E1C0
0 4 R 0x6000200
0 4 W 0x6000200
0 4 R 0x6002240
0 4 W 0x6002240
0 4 R 0x6004280
0 4 W 0x6004280
0 4 R 0x60062C0
0 4 W 0x60062C0
0 4 R 0x6008300
0 4 W 0x6008300
0 4 R 0x600A340
0 4 W 0x600A340
0 4 R 0x600C380
0 4 W 0x600C380
0 4 R 0x600E3C0
0 4 W 0x600E3C0
0 4 R 0x6000400
0 4 W 0x6000400
0 4 R 0x6002440
0 4 W 0x6002440
0 4 R 0x6004480
0 4 W 0x6004480
0 4 R 0x60064C0
0 4 W 0x60064C0
0 4 R 0x6008500
0 4 W 0x6008500
0 4 R 0x600A540
0 4 W 0x600A540
0 4 R 0x600C580
0 4 W 0x600C580
0 4 R 0x600E5C0
0 4 W 0x600E5C0
0 4 R 0x6000600
0 4 W 0x6000600
0 4 R 0x6002640
0 4 W 0x6002640
0 4 R 0x6004680
0 4 W 0x6004680
0 4 R 0x60066C0
0 4 W 0x60066C0
0 4 R 0x6008700
0 4 W 0x6008700
0 4 R 0x600A740
0 4 W 0x600A740
0 4 R 0x600C780
0 4 W 0x600C780
0 4 R 0x600E7C0
0 4 W 0x600E7C0
0 4 R 0x6000000
0 4 W 0x6000000
0 4 R 0x6002040
0 4 W 0x6002040
0 4 R 0x6004080
0 4 W 0x6004080
0 4 R 0x60060C0
0 4 W 0x60060C0
0 4 R 0x6008100
0 4 W 0x6008100
0 4 R 0x600A140
0 4 W 0x600A140
0 4 R 0x600C180
0 4 W 0x600C180
0 4 R 0x600E1C0
0 4 W 0x600E1C0
0 4 R 0x6000200
0 4 W 0x6000200
0 4 R 0x6002240
0 4 W 0x6002240
0 4 R 0x6004280
0 4 W 0x6004280
0 4 R 0x60062C0
0 4 W 0x60062C0
0 4 R 0x6008300
0 4 W 0x6008300
0 4 R 0x600A340
0 4 W 0x600A340
0 4 R 0x600C380
0 4 W 0x600C380
0 4 R 0x600E3C0
0 4 W 0x600E3C0
0 4 R 0x6000400
0 4 W 0x6000400
0 4 R 0x6002440
0 4 W 0x6002440
0 4 R 0x6004480
0 4 W 0x6004480
0 4 R 0x60064C0
0 4 W 0x60064C0
0 4 R 0x6008500
0 4 W 0x6008500
0 4 R 0x600A540
0 4 W 0x600A540
0 4 R 0x600C580
0 4 W 0x600C580
0 4 R 0x600E5C0
0 4 W 0x600E5C0
0 4 R 0x6000600
0 4 W 0x6000600
0 4 R 0x6002640
0 4 W 0x6002640
0 4 R 0x6004680
0 4 W 0x6004680
0 4 R 0x60066C0
0 4 W 0x60066C0
0 4 R 0x6008700
0 4 W 0x6008700
0 4 R 0x600A740
0 4 W 0x600A740
0 4 R 0x600C780
0 4 W 0x600C780
0 4 R 0x600E7C0
0 4 W 0x600E7C0
0 4 R 0x6000000
0 4 W 0x6000000
0 4 R 0x6002040
0 4 W 0x6002040
0 4 R 0x6004080
0 4 W 0x6004080
0 4 R 0x60060C0
0 4 W 0x60060C0
0 4 R 0x6008100
0 4 W 0x6008100
0 4 R 0x600A140
0 4 W 0x600A140
0 4 R 0x600C180
0 4 W 0x600C180
0 4 R 0x600E1C0
0 4 W 0x600E1C0
0 4 R 0x6000200
0 4 W 0x6000200
0 4 R 0x6002240
0 4 W 0x6002240
0 4 R 0x6004280
0 4 W 0x6004280
0 4 R 0x60062C0
0 4 W 0x60062C0
0 4 R 0x6008300
0 4 W 0x6008300
0 4 R 0x600A340
0 4 W 0x600A340
0 4 R 0x600C380
0 4 W 0x600C380
0 4 R 0x600E3C0
0 4 W 0x600E3C0
0 4 R 0x6000400
0 4 W 0x6000400
0 4 R 0x6002440
0 4 W 0x6002440
0 4 R 0x6004480
0 4 W 0x6004480
0 4 R 0x60064C0
0 4 W 0x60064C0
0 4 R 0x6008500
0 4 W 0x6008500
0 4 R 0x600A540
0 4 W 0x600A540
0 4 R 0x600C580
0 4 W 0x600C580
0 4 R 0x600E5C0
0 4 W 0x600E5C0
0 4 R 0x6000600
0 4 W 0x6000600
0 4 R 0x6002640
0 4 W 0x6002640
0 4 R 0x6004680
0 4 W 0x6004680
0 4 R 0x60066C0
0 4 W 0x60066C0
0 4 R 0x6008700
0 4 W 0x6008700
0 4 R 0x600A740
0 4 W 0x600A740
0 4 R 0x600C780
0 4 W 0x600C780
0 4 R 0x600E7C0
0 4 W 0x600E7C0
0 4 R 0x6000000
0 4 W 0x6000000
0 4 R 0x6002040
0 4 W 0x6002040
0 4 R 0x6004080
0 4 W 0x6004080
0 4 R 0x60060C0
0 4 W 0x60060C0
0 4 R 0x6008100
0 4 W 0x6008100
0 4 R 0x600A140
0 4 W 0x600A140
0 4 R 0x600C180
0 4 W 0x600C180
0 4 R 0x600E1C0
0 4 W 0x600E1C0
0 4 R 0x6000200
0 4 W 0x6000200
0 4 R 0x6002240
0 4 W 0x6002240
0 4 R 0x6004280
0 4 W 0x6004280
0 4 R 0x60062C0
0 4 W 0x60062C0
0 4 R 0x6008300
0 4 W 0x6008300
0 4 R 0x600A340
0 4 W 0x600A340
0 4 R 0x600C380
0 4 W 0x600C380
0 4 R 0x600E3C0
0 4 W 0x600E3C0
0 4 R 0x6000400
0 4 W 0x6000400
0 4 R 0x6002440
0 4 W 0x6002440
0 4 R 0x6004480
0 4 W 0x6004480
0 4 R 0x60064C0
0 4 W 0x60064C0
0 4 R 0x6008500
0 4 W 0x6008500
0 4 R 0x600A540
0 4 W 0x600A540
0 4 R 0x600C580
0 4 W 0x600C580
0 4 R 0x600E5C0
0 4 W 0x600E5C0
0 4 R 0x6000600
0 4 W 0x6000600
0 4 R 0x6002640
0 4 W 0x6002640
0 4 R 0x6004680
0 4 W 0x6004680
0 4 R 0x60066C0
0 4 W 0x60066C0
0 4 R 0x6008700
0 4 W 0x6008700
0 4 R 0x600A740
0 4 W 0x600A740
0 4 R 0x600C780
0 4 W 0x600C780
0 4 R 0x600E7C0
0 4 W 0x600E7C0
0 4 R 0x6000000
0 4 W 0x6000000
0 4 R 0x6002040
0 4 W 0x6002040
0 4 R 0x6004080
0 4 W 0x6004080
0 4 R 0x60060C0
0 4 W 0x60060C0
0 4 R 0x6008100
0 4 W 0x6008100
0 4 R 0x600A140
0 4 W 0x600A140
0 4 R 0x600C180
0 4 W 0x600C180
0 4 R 0x600E1C0
0 4 W 0x600E1C0
0 4 R 0x6000200
0 4 W 0x6000200
0 4 R 0x6002240
0 4 W 0x6002240
0 4 R 0x6004280
0 4 W 0x6004280
0 4 R 0x60062C0
0 4 W 0x60062C0
0 4 R 0x6008300
0 4 W 0x6008300
0 4 R 0x600A340
0 4 W 0x600A340
0 4 R 0x600C380
0 4 W 0x600C380
0 4 R 0x600E3C0
0 4 W 0x600E3C0
0 4 R 0x6000400
0 4 W 0x6000400
0 4 R 0x6002440
0 4 W 0x6002440
0 4 R 0x6004480
0 4 W 0x6004480
0 4 R 0x60064C0
0 4 W 0x60064C0
0 4 R 0x6008500
0 4 W 0x6008500
0 4 R 0x600A540
0 4 W 0x600A540
0 4 R 0x600C580
0 4 W 0x600C580
0 4 R 0x600E5C0
0 4 W 0x600E5C0
0 4 R 0x6000600
0 4 W 0x6000600
0 4 R 0x6002640
0 4 W 0x6002640
0 4 R 0x6004680
0 4 W 0x6004680
0 4 R 0x60066C0
0 4 W 0x60066C0
0 4 R 0x6008700
0 4 W 0x6008700
0 4 R 0x600A740
0 4 W 0x600A740
0 4 R 0x600C780
0 4 W 0x600C780
0 4 R 0x600E7C0
0 4 W 0x600E7C0
0 4 R 0x6000000
0 4 W 0x6000000
0 4 R 0x6002040
0 4 W 0x6002040
0 4 R 0x6004080
0 4 W 0x6004080
0 4 R 0x60060C0
0 4 W 0x60060C0
0 4 R 0x6008100
0 4 W 0x6008100
0 4 R 0x600A140
0 4 W 0x600A140
0 4 R 0x600C180
0 4 W 0x600C180
0 4 R 0x600E1C0
0 4 W 0x600E1C0
0 4 R 0x6000200
0 4 W 0x6000200
0 4 R 0x6002240
0 4 W 0x6002240
0 4 R 0x6004280
0 4 W 0x6004280
0 4 R 0x60062C0
0 4 W 0x60062C0
0 4 R 0x6008300
0 4 W 0x6008300
0 4 R 0x600A340
0 4 W 0x600A340
0 4 R 0x600C380
0 4 W 0x600C380
0 4 R 0x600E3C0
0 4 W 0x600E3C0
0 4 R 0x6000400
0 4 W 0x6000400
0 4 R 0x6002440
0 4 W 0x6002440
0 4 R 0x6004480
0 4 W 0x6004480
0 4 R 0x60064C0
0 4 W 0x60064C0
0 4 R 0x6008500
0 4 W 0x6008500
0 4 R 0x600A540
0 4 W 0x600A540
0 4 R 0x600C580
0 4 W 0x600C580
0 4 R 0x600E5C0
0 4 W 0x600E5C0
0 4 R 0x6000600
0 4 W 0x6000600
0 4 R 0x6002640
0 4 W 0x6002640
0 4 R 0x6004680
0 4 W 0x6004680
0 4 R 0x60066C0
0 4 W 0x60066C0
0 4 R 0x6008700
0 4 W 0x6008700
0 4 R 0x600A740
0 4 W 0x600A740
0 4 R 0x600C780
0 4 W 0x600C780
0 4 R 0x600E7C0
0 4 W 0x600E7C0
0 4 R 0x6000000
0 4 W 0x6000000
0 4 R 0x6002040
0 4 W 0x6002040
0 4 R 0x6004080
0 4 W 0x6004080
0 4 R 0x60060C0
0 4 W 0x60060C0
0 4 R 0x6008100
0 4 W 0x6008100
0 4 R 0x600A140
0 4 W 0x600A140
0 4 R 0x600C180
0 4 W 0x600C180
0 4 R 0x600E1C0
0 4 W 0x600E1C0
0 4 R 0x6000200
0 4 W 0x6000200
0 4 R 0x6002240
0 4 W 0x6002240
0 4 R 0x6004280
0 4 W 0x6004280
0 4 R 0x60062C0
0 4 W 0x60062C0
0 4 R 0x6008300
0 4 W 0x6008300
0 4 R 0x600A340
0 4 W 0x600A340
0 4 R 0x600C380
0 4 W 0x600C380
0 4 R 0x600E3C0
0 4 W 0x600E3C0
0 4 R 0x6000400
0 4 W 0x6000400
0 4 R 0x6002440
0 4 W 0x6002440
0 4 R 0x6004480
0 4 W 0x6004480
0 4 R 0x60064C0
0 4 W 0x60064C0
0 4 R 0x6008500
0 4 W 0x6008500
0 4 R 0x600A540
0 4 W 0x600A540
0 4 R 0x600C580
0 4 W 0x600C580
0 4 R 0x600E5C0
0 4 W 0x600E5C0
0 4 R 0x6000600
0 4 W 0x6000600
0 4 R 0x6002640
0 4 W 0x6002640
0 4 R 0x6004680
0 4 W 0x6004680
0 4 R 0x60066C0
0 4 W 0x60066C0
0 4 R 0x6008700
0 4 W 0x6008700
0 4 R 0x600A740
0 4 W 0x600A740
0 4 R 0x600C780
0 4 W 0x600C780
0 4 R 0x600E7C0
0 4 W 0x600E7C0
0 4 R 0x6000000
0 4 W 0x6000000
0 4 R 0x6002040
0 4 W 0x6002040
0 4 R 0x6004080
0 4 W 0x6004080
0 4 R 0x60060C0
0 4 W 0x60060C0
0 5 R 0x600A140
0 5 W 0x600A140
0 5 R 0x600C180
0 5 W 0x600C180
0 5 R 0x600E1C0
0 5 W 0x600E1C0
0 5 R 0x6000200
0 5 W 0x6000200
0 5 R 0x6002240
0 5 W 0x6002240
0 5 R 0x6004280
0 5 W 0x6004280
0 5 R 0x60062C0
0 5 W 0x60062C0
0 5 R 0x6008300
0 5 W 0x6008300
0 5 R 0x600A340
0 5 W 0x600A340
0 5 R 0x600C380
0 5 W 0x600C380
0 5 R 0x600E3C0
0 5 W 0x600E3C0
0 5 R 0x6000400
0 5 W 0x6000400
0 5 R 0x6002440
0 5 W 0x6002440
0 5 R 0x6004480
0 5 W 0x6004480
0 5 R 0x60064C0
0 5 W 0x60064C0
0 5 R 0x6008500
0 5 W 0x6008500
0 5 R 0x600A540
0 5 W 0x600A540
0 5 R 0x600C580
0 5 W 0x600C580
0 5 R 0x600E5C0
0 5 W 0x600E5C0
0 5 R 0x6000600
0 5 W 0x6000600
0 5 R 0x6002640
0 5 W 0x6002640
0 5 R 0x6004680
0 5 W 0x6004680
0 5 R 0x60066C0
0 5 W 0x60066C0
0 5 R 0x6008700
0 5 W 0x6008700
0 5 R 0x600A740
0 5 W 0x600A740
0 5 R 0x600C780
0 5 W 0x600C780
0 5 R 0x600E7C0
0 5 W 0x600E7C0
0 5 R 0x6000000
0 5 W 0x6000000
0 5 R 0x6002040
0 5 W 0x6002040
0 5 R 0x6004080
0 5 W 0x6004080
0 5 R 0x60060C0
0 5 W 0x60060C0
0 5 R 0x6008100
0 5 W 0x6008100
0 5 R 0x600A140
0 5 W 0x600A140
0 5 R 0x600C180
0 5 W 0x600C180
0 5 R 0x600E1C0
0 5 W 0x600E1C0
0 5 R 0x6000200
0 5 W 0x6000200
0 5 R 0x6002240
0 5 W 0x6002240
0 5 R 0x6004280
0 5 W 0x6004280
0 5 R 0x60062C0
0 5 W 0x60062C0
0 5 R 0x6008300
0 5 W 0x6008300
0 5 R 0x600A340
0 5 W 0x600A340
0 5 R 0x600C380
0 5 W 0x600C380
0 5 R 0x600E3C0
0 5 W 0x600E3C0
0 5 R 0x6000400
0 5 W 0x6000400
0 5 R 0x6002440
0 5 W 0x6002440
0 5 R 0x6004480
0 5 W 0x6004480
0 5 R 0x60064C0
0 5 W 0x60064C0
0 5 R 0x6008500
0 5 W 0x6008500
0 5 R 0x600A540
0 5 W 0x600A540
0 5 R 0x600C580
0 5 W 0x600C580
0 5 R 0x600E5C0
0 5 W 0x600E5C0
0 5 R 0x6000600
0 5 W 0x6000600
0 5 R 0x6002640
0 5 W 0x6002640
0 5 R 0x6004680
0 5 W 0x6004680
0 5 R 0x60066C0
0 5 W 0x60066C0
0 5 R 0x6008700
0 5 W 0x6008700
0 5 R 0x600A740
0 5 W 0x600A740
0 5 R 0x600C780
0 5 W 0x600C780
0 5 R 0x600E7C0
0 5 W 0x600E7C0
0 5 R 0x6000000
0 5 W 0x6000000
0 5 R 0x6002040
0 5 W 0x6002040
0 5 R 0x6004080
0 5 W 0x6004080
0 5 R 0x60060C0
0 5 W 0x60060C0
0 5 R 0x6008100
0 5 W 0x6008100
0 5 R 0x600A140
0 5 W 0x600A140
0 5 R 0x600C180
0 5 W 0x600C180
0 5 R 0x600E1C0
0 5 W 0x600E1C0
0 5 R 0x6000200
0 5 W 0x6000200
0 5 R 0x6002240
0 5 W 0x6002240
0 5 R 0x6004280
0 5 W 0x6004280
0 5 R 0x60062C0
0 5 W 0x60062C0
0 5 R 0x6008300
0 5 W 0x6008300
0 5 R 0x600A340
0 5 W 0x600A340
0 5 R 0x600C380
0 5 W 0x600C380
0 5 R 0x600E3C0
0 5 W 0x600E3C0
0 5 R 0x6000400
0 5 W 0x6000400
0 5 R 0x6002440
0 5 W 0x6002440
0 5 R 0x6004480
0 5 W 0x6004480
0 5 R 0x60064C0
0 5 W 0x60064C0
0 5 R 0x6008500
0 5 W 0x6008500
0 5 R 0x600A540
0 5 W 0x600A540
0 5 R 0x600C580
0 5 W 0x600C580
0 5 R 0x600E5C0
0 5 W 0x600E5C0
0 5 R 0x6000600
0 5 W 0x6000600
0 5 R 0x6002640
0 5 W 0x6002640
0 5 R 0x6004680
0 5 W 0x6004680
0 5 R 0x60066C0
0 5 W 0x60066C0
0 5 R 0x6008700
0 5 W 0x6008700
0 5 R 0x600A740
0 5 W 0x600A740
0 5 R 0x600C780
0 5 W 0x600C780
0 5 R 0x600E7C0
0 5 W 0x600E7C0
0 5 R 0x6000000
0 5 W 0x6000000
0 5 R 0x6002040
0 5 W 0x6002040
0 5 R 0x6004080
0 5 W 0x6004080
0 5 R 0x60060C0
0 5 W 0x60060C0
0 5 R 0x6008100
0 5 W 0x6008100
0 5 R 0x600A140
0 5 W 0x600A140
0 5 R 0x600C180
0 5 W 0x600C180
0 5 R 0x600E1C0
0 5 W 0x600E1C0
0 5 R 0x6000200
0 5 W 0x6000200
0 5 R 0x6002240
0 5 W 0x6002240
0 5 R 0x6004280
0 5 W 0x6004280
0 5 R 0x60062C0
0 5 W 0x60062C0
0 5 R 0x6008300
0 5 W 0x6008300
0 5 R 0x600A340
0 5 W 0x600A340
0 5 R 0x600C380
0 5 W 0x600C380
0 5 R 0x600E3C0
0 5 W 0x600E3C0
0 5 R 0x6000400
0 5 W 0x6000400
0 5 R 0x6002440
0 5 W 0x6002440
0 5 R 0x6004480
0 5 W 0x6004480
0 5 R 0x60064C0
0 5 W 0x60064C0
0 5 R 0x6008500
0 5 W 0x6008500
0 5 R 0x600A540
0 5 W 0x600A540
0 5 R 0x600C580
0 5 W 0x600C580
0 5 R 0x600E5C0
0 5 W 0x600E5C0
0 5 R 0x6000600
0 5 W 0x6000600
0 5 R 0x6002640
0 5 W 0x6002640
0 5 R 0x6004680
0 5 W 0x6004680
0 5 R 0x60066C0
0 5 W 0x60066C0
0 5 R 0x6008700
0 5 W 0x6008700
0 5 R 0x600A740
0 5 W 0x600A740
0 5 R 0x600C780
0 5 W 0x600C780
0 5 R 0x600E7C0
0 5 W 0x600E7C0
0 5 R 0x6000000
0 5 W 0x6000000
0 5 R 0x6002040
0 5 W 0x6002040
0 5 R 0x6004080
0 5 W 0x6004080
0 5 R 0x60060C0
0 5 W 0x60060C0
0 5 R 0x6008100
0 5 W 0x6008100
0 5 R 0x600A140
0 5 W 0x600A140
0 5 R 0x600C180
0 5 W 0x600C180
0 5 R 0x600E1C0
0 5 W 0x600E1C0
0 5 R 0x6000200
0 5 W 0x6000200
0 5 R 0x6002240
0 5 W 0x6002240
0 5 R 0x6004280
0 5 W 0x6004280
0 5 R 0x60062C0
0 5 W 0x60062C0
0 5 R 0x6008300
0 5 W 0x6008300
0 5 R 0x600A340
0 5 W 0x600A340
0 5 R 0x600C380
0 5 W 0x600C380
0 5 R 0x600E3C0
0 5 W 0x600E3C0
0 5 R 0x6000400
0 5 W 0x6000400
0 5 R 0x6002440
0 5 W 0x6002440
0 5 R 0x6004480
0 5 W 0x6004480
0 5 R 0x60064C0
0 5 W 0x60064C0
0 5 R 0x6008500
0 5 W 0x6008500
0 5 R 0x600A540
0 5 W 0x600A540
0 5 R 0x600C580
0 5 W 0x600C580
0 5 R 0x600E5C0
0 5 W 0x600E5C0
0 5 R 0x6000600
0 5 W 0x6000600
0 5 R 0x6002640
0 5 W 0x6002640
0 5 R 0x6004680
0 5 W 0x6004680
0 5 R 0x60066C0
0 5 W 0x60066C0
0 5 R 0x6008700
0 5 W 0x6008700
0 5 R 0x600A740
0 5 W 0x600A740
0 5 R 0x600C780
0 5 W 0x600C780
0 5 R 0x600E7C0
0 5 W 0x600E7C0
0 5 R 0x6000000
0 5 W 0x6000000
0 5 R 0x6002040
0 5 W 0x6002040
0 5 R 0x6004080
0 5 W 0x6004080
0 5 R 0x60060C0
0 5 W 0x60060C0
0 5 R 0x6008100
0 5 W 0x6008100
0 5 R 0x600A140
0 5 W 0x600A140
0 5 R 0x600C180
0 5 W 0x600C180
0 5 R 0x600E1C0
0 5 W 0x600E1C0
0 5 R 0x6000200
0 5 W 0x6000200
0 5 R 0x6002240
0 5 W 0x6002240
0 5 R 0x6004280
0 5 W 0x6004280
0 5 R 0x60062C0
0 5 W 0x60062C0
0 5 R 0x6008300
0 5 W 0x6008300
0 5 R 0x600A340
0 5 W 0x600A340
0 5 R 0x600C380
0 5 W 0x600C380
0 5 R 0x600E3C0
0 5 W 0x600E3C0
0 5 R 0x6000400
0 5 W 0x6000400
0 5 R 0x6002440
0 5 W 0x6002440
0 5 R 0x6004480
0 5 W 0x6004480
0 5 R 0x60064C0
0 5 W 0x60064C0
0 5 R 0x6008500
0 5 W 0x6008500
0 5 R 0x600A540
0 5 W 0x600A540
0 5 R 0x600C580
0 5 W 0x600C580
0 5 R 0x600E5C0
0 5 W 0x600E5C0
0 5 R 0x6000600
0 5 W 0x6000600
0 5 R 0x6002640
0 5 W 0x6002640
0 5 R 0x6004680
0 5 W 0x6004680
0 5 R 0x60066C0
0 5 W 0x60066C0
0 5 R 0x6008700
0 5 W 0x6008700
0 5 R 0x600A740
0 5 W 0x600A740
0 5 R 0x600C780
0 5 W 0x600C780
0 5 R 0x600E7C0
0 5 W 0x600E7C0
0 5 R 0x6000000
0 5 W 0x6000000
0 5 R 0x6002040
0 5 W 0x6002040
0 5 R 0x6004080
0 5 W 0x6004080
0 5 R 0x60060C0
0 5 W 0x60060C0
0 5 R 0x6008100
0 5 W 0x6008100
0 5 R 0x600A140
0 5 W 0x600A140
0 5 R 0x600C180
0 5 W 0x600C180
0 5 R 0x600E1C0
0 5 W 0x600E1C0
0 5 R 0x6000200
0 5 W 0x6000200
0 5 R 0x6002240
0 5 W 0x6002240
0 5 R 0x6004280
0 5 W 0x6004280
0 5 R 0x60062C0
0 5 W 0x60062C0
0 5 R 0x6008300
0 5 W 0x6008300
0 5 R 0x600A340
0 5 W 0x600A340
0 5 R 0x600C380
0 5 W 0x600C380
0 5 R 0x600E3C0
0 5 W 0x600E3C0
0 5 R 0x6000400
0 5 W 0x6000400
0 5 R 0x6002440
0 5 W 0x6002440
0 5 R 0x6004480
0 5 W 0x6004480
0 5 R 0x60064C0
0 5 W 0x60064C0
0 5 R 0x6008500
0 5 W 0x6008500
0 5 R 0x600A540
0 5 W 0x600A540
0 5 R 0x600C580
0 5 W 0x600C580
0 5 R 0x600E5C0
0 5 W 0x600E5C0
0 5 R 0x6000600
0 5 W 0x6000600
0 5 R 0x6002640
0 5 W 0x6002640
0 5 R 0x6004680
0 5 W 0x6004680
0 5 R 0x60066C0
0 5 W 0x60066C0
0 5 R 0x6008700
0 5 W 0x6008700
0 5 R 0x600A740
0 5 W 0x600A740
0 5 R 0x600C780
0 5 W 0x600C780
0 5 R 0x600E7C0
0 5 W 0x600E7C0
0 5 R 0x6000000
0 5 W 0x6000000
0 5 R 0x6002040
0 5 W 0x6002040
0 5 R 0x6004080
0 5 W 0x6004080
0 5 R 0x60060C0
0 5 W 0x60060C0
0 5 R 0x6008100
0 5 W 0x6008100
0 5 R 0x600A140
0 5 W 0x600A140
0 5 R 0x600C180
0 5 W 0x600C180
0 5 R 0x600E1C0
0 5 W 0x600E1C0
0 5 R 0x6000200
0 5 W 0x6000200
0 5 R 0x6002240
0 5 W 0x6002240
0 5 R 0x6004280
0 5 W 0x6004280
0 5 R 0x60062C0
0 5 W 0x60062C0
0 5 R 0x6008300
0 5 W 0x6008300
0 5 R 0x600A340
0 5 W 0x600A340
0 5 R 0x600C380
0 5 W 0x600C380
0 5 R 0x600E3C0
0 5 W 0x600E3C0
0 5 R 0x6000400
0 5 W 0x6000400
0 5 R 0x6002440
0 5 W 0x6002440
0 5 R 0x6004480
0 5 W 0x6004480
0 5 R 0x60064C0
0 5 W 0x60064C0
0 5 R 0x6008500
0 5 W 0x6008500
0 5 R 0x600A540
0 5 W 0x600A540
0 5 R 0x600C580
0 5 W 0x600C580
0 5 R 0x600E5C0
0 5 W 0x600E5C0
0 5 R 0x6000600
0 5 W 0x6000600
0 5 R 0x6002640
0 5 W 0x6002640
0 5 R 0x6004680
0 5 W 0x6004680
0 5 R 0x60066C0
0 5 W 0x60066C0
0 5 R 0x6008700
0 5 W 0x6008700
0 5 R 0x600A740
0 5 W 0x600A740
0 5 R 0x600C780
0 5 W 0x600C780
0 5 R 0x600E7C0
0 5 W 0x600E7C0
0 5 R 0x6000000
0 5 W 0x6000000
0 5 R 0x6002040
0 5 W 0x6002040
0 5 R 0x6004080
0 5 W 0x6004080
0 5 R 0x60060C0
0 5 W 0x60060C0
0 5 R 0x6008100
0 5 W 0x6008100
0 6 R 0x600C180
0 6 W 0x600C180
0 6 R 0x600E1C0
0 6 W 0x600E1C0
0 6 R 0x6000200
0 6 W 0x6000200
0 6 R 0x6002240
0 6 W 0x6002240
0 6 R 0x6004280
0 6 W 0x6004280
0 6 R 0x60062C0
0 6 W 0x60062C0
0 6 R 0x6008300
0 6 W 0x6008300
0 6 R 0x600A340
0 6 W 0x600A340
0 6 R 0x600C380
0 6 W 0x600C380
0 6 R 0x600E3C0
0 6 W 0x600E3C0
0 6 R 0x6000400
0 6 W 0x6000400
0 6 R 0x6002440
0 6 W 0x6002440
0 6 R 0x6004480
0 6 W 0x6004480
0 6 R 0x60064C0
0 6 W 0x60064C0
0 6 R 0x6008500
0 6 W 0x6008500
0 6 R 0x600A540
0 6 W 0x600A540
0 6 R 0x600C580
0 6 W 0x600C580
0 6 R 0x600E5C0
0 6 W 0x600E5C0
0 6 R 0x6000600
0 6 W 0x6000600
0 6 R 0x6002640
0 6 W 0x6002640
0 6 R 0x6004680
0 6 W 0x6004680
0 6 R 0x60066C0
0 6 W 0x60066C0
0 6 R 0x6008700
0 6 W 0x6008700
0 6 R 0x600A740
0 6 W 0x600A740
0 6 R 0x600C780
0 6 W 0x600C780
0 6 R 0x600E7C0
0 6 W 0x600E7C0
0 6 R 0x6000000
0 6 W 0x6000000
0 6 R 0x6002040
0 6 W 0x6002040
0 6 R 0x6004080
0 6 W 0x6004080
0 6 R 0x60060C0
0 6 W 0x60060C0
0 6 R 0x6008100
0 6 W 0x6008100
0 6 R 0x600A140
0 6 W 0x600A140
0 6 R 0x600C180
0 6 W 0x600C180
0 6 R 0x600E1C0
0 6 W 0x600E1C0
0 6 R 0x6000200
0 6 W 0x6000200
0 6 R 0x6002240
0 6 W 0x6002240
0 6 R 0x6004280
0 6 W 0x6004280
0 6 R 0x60062C0
0 6 W 0x60062C0
0 6 R 0x6008300
0 6 W 0x6008300
0 6 R 0x600A340
0 6 W 0x600A340
0 6 R 0x600C380
0 6 W 0x600C380
0 6 R 0x600E3C0
0 6 W 0x600E3C0
0 6 R 0x6000400
0 6 W 0x6000400
0 6 R 0x6002440
0 6 W 0x6002440
0 6 R 0x6004480
0 6 W 0x6004480
0 6 R 0x60064C0
0 6 W 0x60064C0
0 6 R 0x6008500
0 6 W 0x6008500
0 6 R 0x600A540
0 6 W 0x600A540
0 6 R 0x600C580
0 6 W 0x600C580
0 6 R 0x600E5C0
0 6 W 0x600E5C0
0 6 R 0x6000600
0 6 W 0x6000600
0 6 R 0x6002640
0 6 W 0x6002640
0 6 R 0x6004680
0 6 W 0x6004680
0 6 R 0x60066C0
0 6 W 0x60066C0
0 6 R 0x6008700
0 6 W 0x6008700
0 6 R 0x600A740
0 6 W 0x600A740
0 6 R 0x600C780
0 6 W 0x600C780
0 6 R 0x600E7C0
0 6 W 0x600E7C0
0 6 R 0x6000000
0 6 W 0x6000000
0 6 R 0x6002040
0 6 W 0x6002040
0 6 R 0x6004080
0 6 W 0x6004080
0 6 R 0x60060C0
0 6 W 0x60060C0
0 6 R 0x6008100
0 6 W 0x6008100
0 6 R 0x600A140
0 6 W 0x600A140
0 6 R 0x600C180
0 6 W 0x600C180
0 6 R 0x600E1C0
0 6 W 0x600E1C0
0 6 R 0x6000200
0 6 W 0x6000200
0 6 R 0x6002240
0 6 W 0x6002240
0 6 R 0x6004280
0 6 W 0x6004280
0 6 R 0x60062C0
0 6 W 0x60062C0
0 6 R 0x6008300
0 6 W 0x6008300
0 6 R 0x600A340
0 6 W 0x600A340
0 6 R 0x600C380
0 6 W 0x600C380
0 6 R 0x600E3C0
0 6 W 0x600E3C0
0 6 R 0x6000400
0 6 W 0x6000400
0 6 R 0x6002440
0 6 W 0x6002440
0 6 R 0x6004480
0 6 W 0x6004480
0 6 R 0x60064C0
0 6 W 0x60064C0
0 6 R 0x6008500
0 6 W 0x6008500
0 6 R 0x600A540
0 6 W 0x600A540
0 6 R 0x600C580
0 6 W 0x600C580
0 6 R 0x600E5C0
0 6 W 0x600E5C0
0 6 R 0x6000600
0 6 W 0x6000600
0 6 R 0x6002640
0 6 W 0x6002640
0 6 R 0x6004680
0 6 W 0x6004680
0 6 R 0x60066C0
0 6 W 0x60066C0
0 6 R 0x6008700
0 6 W 0x6008700
0 6 R 0x600A740
0 6 W 0x600A740
0 6 R 0x600C780
0 6 W 0x600C780
0 6 R 0x600E7C0
0 6 W 0x600E7C0
0 6 R 0x6000000
0 6 W 0x6000000
0 6 R 0x6002040
0 6 W 0x6002040
0 6 R 0x6004080
0 6 W 0x6004080
0 6 R 0x60060C0
0 6 W 0x60060C0
0 6 R 0x6008100
0 6 W 0x6008100
0 6 R 0x600A140
0 6 W 0x600A140
0 6 R 0x600C180
0 6 W 0x600C180
0 6 R 0x600E1C0
0 6 W 0x600E1C0
0 6 R 0x6000200
0 6 W 0x6000200
0 6 R 0x6002240
0 6 W 0x6002240
0 6 R 0x6004280
0 6 W 0x6004280
0 6 R 0x60062C0
0 6 W 0x60062C0
0 6 R 0x6008300
0 6 W 0x6008300
0 6 R 0x600A340
0 6 W 0x600A340
0 6 R 0x600C380
0 6 W 0x600C380
0 6 R 0x600E3C0
0 6 W 0x600E3C0
0 6 R 0x6000400
0 6 W 0x6000400
0 6 R 0x6002440
0 6 W 0x6002440
0 6 R 0x6004480
0 6 W 0x6004480
0 6 R 0x60064C0
0 6 W 0x60064C0
0 6 R 0x6008500
0 6 W 0x6008500
0 6 R 0x600A540
0 6 W 0x600A540
0 6 R 0x600C580
0 6 W 0x600C580
0 6 R 0x600E5C0
0 6 W 0x600E5C0
0 6 R 0x6000600
0 6 W 0x6000600
0 6 R 0x6002640
0 6 W 0x6002640
0 6 R 0x6004680
0 6 W 0x6004680
0 6 R 0x60066C0
0 6 W 0x60066C0
0 6 R 0x6008700
0 6 W 0x6008700
0 6 R 0x600A740
0 6 W 0x600A740
0 6 R 0x600C780
0 6 W 0x600C780
0 6 R 0x600E7C0
0 6 W 0x600E7C0
0 6 R 0x6000000
0 6 W 0x6000000
0 6 R 0x6002040
0 6 W 0x6002040
0 6 R 0x6004080
0 6 W 0x6004080
0 6 R 0x60060C0
0 6 W 0x60060C0
0 6 R 0x6008100
0 6 W 0x6008100
0 6 R 0x600A140
0 6 W 0x600A140
0 6 R 0x600C180
0 6 W 0x600C180
0 6 R 0x600E1C0
0 6 W 0x600E1C0
0 6 R 0x6000200
0 6 W 0x6000200
0 6 R 0x6002240
0 6 W 0x6002240
0 6 R 0x6004280
0 6 W 0x6004280
0 6 R 0x60062C0
0 6 W 0x60062C0
0 6 R 0x6008300
0 6 W 0x6008300
0 6 R 0x600A340
0 6 W 0x600A340
0 6 R 0x600C380
0 6 W 0x600C380
0 6 R 0x600E3C0
0 6 W 0x600E3C0
0 6 R 0x6000400
0 6 W 0x6000400
0 6 R 0x6002440
0 6 W 0x6002440
0 6 R 0x6004480
0 6 W 0x6004480
0 6 R 0x60064C0
0 6 W 0x60064C0
0 6 R 0x6008500
0 6 W 0x6008500
0 6 R 0x600A540
0 6 W 0x600A540
0 6 R 0x600C580
0 6 W 0x600C580
0 6 R 0x600E5C0
0 6 W 0x600E5C0
0 6 R 0x6000600
0 6 W 0x6000600
0 6 R 0x6002640
0 6 W 0x6002640
0 6 R 0x6004680
0 6 W 0x6004680
0 6 R 0x60066C0
0 6 W 0x60066C0
0 6 R 0x6008700
0 6 W 0x6008700
0 6 R 0x600A740
0 6 W 0x600A740
0 6 R 0x600C780
0 6 W 0x600C780
0 6 R 0x600E7C0
0 6 W 0x600E7C0
0 6 R 0x6000000
0 6 W 0x6000000
0 6 R 0x6002040
0 6 W 0x6002040
0 6 R 0x6004080
0 6 W 0x6004080
0 6 R 0x60060C0
0 6 W 0x60060C0
0 6 R 0x6008100
0 6 W 0x6008100
0 6 R 0x600A140
0 6 W 0x600A140
0 6 R 0x600C180
0 6 W 0x600C180
0 6 R 0x600E1C0
0 6 W 0x600E1C0
0 6 R 0x6000200
0 6 W 0x6000200
0 6 R 0x6002240
0 6 W 0x6002240
0 6 R 0x6004280
0 6 W 0x6004280
0 6 R 0x60062C0
0 6 W 0x60062C0
0 6 R 0x6008300
0 6 W 0x6008300
0 6 R 0x600A340
0 6 W 0x600A340
0 6 R 0x600C380
0 6 W 0x600C380
0 6 R 0x600E3C0
0 6 W 0x600E3C0
0 6 R 0x6000400
0 6 W 0x6000400
0 6 R 0x6002440
0 6 W 0x6002440
0 6 R 0x6004480
0 6 W 0x6004480
0 6 R 0x60064C0
0 6 W 0x60064C0
0 6 R 0x6008500
0 6 W 0x6008500
0 6 R 0x600A540
0 6 W 0x600A540
0 6 R 0x600C580
0 6 W 0x600C580
0 6 R 0x600E5C0
0 6 W 0x600E5C0
0 6 R 0x6000600
0 6 W 0x6000600
0 6 R 0x6002640
0 6 W 0x6002640
0 6 R 0x6004680
0 6 W 0x6004680
0 6 R 0x60066C0
0 6 W 0x60066C0
0 6 R 0x6008700
0 6 W 0x6008700
0 6 R 0x600A740
0 6 W 0x600A740
0 6 R 0x600C780
0 6 W 0x600C780
0 6 R 0x600E7C0
0 6 W 0x600E7C0
0 6 R 0x6000000
0 6 W 0x6000000
0 6 R 0x6002040
0 6 W 0x6002040
0 6 R 0x6004080
0 6 W 0x6004080
0 6 R 0x60060C0
0 6 W 0x60060C0
0 6 R 0x6008100
0 6 W 0x6008100
0 6 R 0x600A140
0 6 W 0x600A140
0 6 R 0x600C180
0 6 W 0x600C180
0 6 R 0x600E1C0
0 6 W 0x600E1C0
0 6 R 0x6000200
0 6 W 0x6000200
0 6 R 0x6002240
0 6 W 0x6002240
0 6 R 0x6004280
0 6 W 0x6004280
0 6 R 0x60062C0
0 6 W 0x60062C0
0 6 R 0x6008300
0 6 W 0x6008300
0 6 R 0x600A340
0 6 W 0x600A340
0 6 R 0x600C380
0 6 W 0x600C380
0 6 R 0x600E3C0
0 6 W 0x600E3C0
0 6 R 0x6000400
0 6 W 0x6000400
0 6 R 0x6002440
0 6 W 0x6002440
0 6 R 0x6004480
0 6 W 0x6004480
0 6 R 0x60064C0
0 6 W 0x60064C0
0 6 R 0x6008500
0 6 W 0x6008500
0 6 R 0x600A540
0 6 W 0x600A540
0 6 R 0x600C580
0 6 W 0x600C580
0 6 R 0x600E5C0
0 6 W 0x600E5C0
0 6 R 0x6000600
0 6 W 0x6000600
0 6 R 0x6002640
0 6 W 0x6002640
0 6 R 0x6004680
0 6 W 0x6004680
0 6 R 0x60066C0
0 6 W 0x60066C0
0 6 R 0x6008700
0 6 W 0x6008700
0 6 R 0x600A740
0 6 W 0x600A740
0 6 R 0x600C780
0 6 W 0x600C780
0 6 R 0x600E7C0
0 6 W 0x600E7C0
0 6 R 0x6000000
0 6 W 0x6000000
0 6 R 0x6002040
0 6 W 0x6002040
0 6 R 0x6004080
0 6 W 0x6004080
0 6 R 0x60060C0
0 6 W 0x60060C0
0 6 R 0x6008100
0 6 W 0x6008100
0 6 R 0x600A140
0 6 W 0x600A140
0 6 R 0x600C180
0 6 W 0x600C180
0 6 R 0x600E1C0
0 6 W 0x600E1C0
0 6 R 0x6000200
0 6 W 0x6000200
0 6 R 0x6002240
0 6 W 0x6002240
0 6 R 0x6004280
0 6 W 0x6004280
0 6 R 0x60062C0
0 6 W 0x60062C0
0 6 R 0x6008300
0 6 W 0x6008300
0 6 R 0x600A340
0 6 W 0x600A340
0 6 R 0x600C380
0 6 W 0x600C380
0 6 R 0x600E3C0
0 6 W 0x600E3C0
0 6 R 0x6000400
0 6 W 0x6000400
0 6 R 0x6002440
0 6 W 0x6002440
0 6 R 0x6004480
0 6 W 0x6004480
0 6 R 0x60064C0
0 6 W 0x60064C0
0 6 R 0x6008500
0 6 W 0x6008500
0 6 R 0x600A540
0 6 W 0x600A540
0 6 R 0x600C580
0 6 W 0x600C580
0 6 R 0x600E5C0
0 6 W 0x600E5C0
0 6 R 0x6000600
0 6 W 0x6000600
0 6 R 0x6002640
0 6 W 0x6002640
0 6 R 0x6004680
0 6 W 0x6004680
0 6 R 0x60066C0
0 6 W 0x60066C0
0 6 R 0x6008700
0 6 W 0x6008700
0 6 R 0x600A740
0 6 W 0x600A740
0 6 R 0x600C780
0 6 W 0x600C780
0 6 R 0x600E7C0
0 6 W 0x600E7C0
0 6 R 0x6000000
0 6 W 0x6000000
0 6 R 0x6002040
0 6 W 0x6002040
0 6 R 0x6004080
0 6 W 0x6004080
0 6 R 0x60060C0
0 6 W 0x60060C0
0 6 R 0x6008100
0 6 W 0x6008100
0 6 R 0x600A140
0 6 W 0x600A140
0 7 R 0x600E1C0
0 7 W 0x600E1C0
0 7 R 0x6000200
0 7 W 0x6000200
0 7 R 0x6002240
0 7 W 0x6002240
0 7 R 0x6004280
0 7 W 0x6004280
0 7 R 0x60062C0
0 7 W 0x60062C0
0 7 R 0x6008300
0 7 W 0x6008300
0 7 R 0x600A340
0 7 W 0x600A340
0 7 R 0x600C380
0 7 W 0x600C380
0 7 R 0x600E3C0
0 7 W 0x600E3C0
0 7 R 0x6000400
0 7 W 0x6000400
0 7 R 0x6002440
0 7 W 0x6002440
0 7 R 0x6004480
0 7 W 0x6004480
0 7 R 0x60064C0
0 7 W 0x60064C0
0 7 R 0x6008500
0 7 W 0x6008500
0 7 R 0x600A540
0 7 W 0x600A540
0 7 R 0x600C580
0 7 W 0x600C580
0 7 R 0x600E5C0
0 7 W 0x600E5C0
0 7 R 0x6000600
0 7 W 0x6000600
0 7 R 0x6002640
0 7 W 0x6002640
0 7 R 0x6004680
0 7 W 0x6004680
0 7 R 0x60066C0
0 7 W 0x60066C0
0 7 R 0x6008700
0 7 W 0x6008700
0 7 R 0x600A740
0 7 W 0x600A740
0 7 R 0x600C780
0 7 W 0x600C780
0 7 R 0x600E7C0
0 7 W 0x600E7C0
0 7 R 0x6000000
0 7 W 0x6000000
0 7 R 0x6002040
0 7 W 0x6002040
0 7 R 0x6004080
0 7 W 0x6004080
0 7 R 0x60060C0
0 7 W 0x60060C0
0 7 R 0x6008100
0 7 W 0x6008100
0 7 R 0x600A140
0 7 W 0x600A140
0 7 R 0x600C180
0 7 W 0x600C180
0 7 R 0x600E1C0
0 7 W 0x600E1C0
0 7 R 0x6000200
0 7 W 0x6000200
0 7 R 0x6002240
0 7 W 0x6002240
0 7 R 0x6004280
0 7 W 0x6004280
0 7 R 0x60062C0
0 7 W 0x60062C0
0 7 R 0x6008300
0 7 W 0x6008300
0 7 R 0x600A340
0 7 W 0x600A340
0 7 R 0x600C380
0 7 W 0x600C380
0 7 R 0x600E3C0
0 7 W 0x600E3C0
0 7 R 0x6000400
0 7 W 0x6000400
0 7 R 0x6002440
0 7 W 0x6002440
0 7 R 0x6004480
0 7 W 0x6004480
0 7 R 0x60064C0
0 7 W 0x60064C0
0 7 R 0x6008500
0 7 W 0x6008500
0 7 R 0x600A540
0 7 W 0x600A540
0 7 R 0x600C580
0 7 W 0x600C580
0 7 R 0x600E5C0
0 7 W 0x600E5C0
0 7 R 0x6000600
0 7 W 0x6000600
0 7 R 0x6002640
0 7 W 0x6002640
0 7 R 0x6004680
0 7 W 0x6004680
0 7 R 0x60066C0
0 7 W 0x60066C0
0 7 R 0x6008700
0 7 W 0x6008700
0 7 R 0x600A740
0 7 W 0x600A740
0 7 R 0x600C780
0 7 W 0x600C780
0 7 R 0x600E7C0
0 7 W 0x600E7C0
0 7 R 0x6000000
0 7 W 0x6000000
0 7 R 0x6002040
0 7 W 0x6002040
0 7 R 0x6004080
0 7 W 0x6004080
0 7 R 0x60060C0
0 7 W 0x60060C0
0 7 R 0x6008100
0 7 W 0x6008100
0 7 R 0x600A140
0 7 W 0x600A140
0 7 R 0x600C180
0 7 W 0x600C180
0 7 R 0x600E1C0
0 7 W 0x600E1C0
0 7 R 0x6000200
0 7 W 0x6000200
0 7 R 0x6002240
0 7 W 0x6002240
0 7 R 0x6004280
0 7 W 0x6004280
0 7 R 0x60062C0
0 7 W 0x60062C0
0 7 R 0x6008300
0 7 W 0x6008300
0 7 R 0x600A340
0 7 W 0x600A340
0 7 R 0x600C380
0 7 W 0x600C380
0 7 R 0x600E3C0
0 7 W 0x600E3C0
0 7 R 0x6000400
0 7 W 0x6000400
0 7 R 0x6002440
0 7 W 0x6002440
0 7 R 0x6004480
0 7 W 0x6004480
0 7 R 0x60064C0
0 7 W 0x60064C0
0 7 R 0x6008500
0 7 W 0x6008500
0 7 R 0x600A540
0 7 W 0x600A540
0 7 R 0x600C580
0 7 W 0x600C580
0 7 R 0x600E5C0
0 7 W 0x600E5C0
0 7 R 0x6000600
0 7 W 0x6000600
0 7 R 0x6002640
0 7 W 0x6002640
0 7 R 0x6004680
0 7 W 0x6004680
0 7 R 0x60066C0
0 7 W 0x60066C0
0 7 R 0x6008700
0 7 W 0x6008700
0 7 R 0x600A740
0 7 W 0x600A740
0 7 R 0x600C780
0 7 W 0x600C780
0 7 R 0x600E7C0
0 7 W 0x600E7C0
0 7 R 0x6000000
0 7 W 0x6000000
0 7 R 0x6002040
0 7 W 0x6002040
0 7 R 0x6004080
0 7 W 0x6004080
0 7 R 0x60060C0
0 7 W 0x60060C0
0 7 R 0x6008100
0 7 W 0x6008100
0 7 R 0x600A140
0 7 W 0x600A140
0 7 R 0x600C180
0 7 W 0x600C180
0 7 R 0x600E1C0
0 7 W 0x600E1C0
0 7 R 0x6000200
0 7 W 0x6000200
0 7 R 0x6002240
0 7 W 0x6002240
0 7 R 0x6004280
0 7 W 0x6004280
0 7 R 0x60062C0
0 7 W 0x60062C0
0 7 R 0x6008300
0 7 W 0x6008300
0 7 R 0x600A340
0 7 W 0x600A340
0 7 R 0x600C380
0 7 W 0x600C380
0 7 R 0x600E3C0
0 7 W 0x600E3C0
0 7 R 0x6000400
0 7 W 0x6000400
0 7 R 0x6002440
0 7 W 0x6002440
0 7 R 0x6004480
0 7 W 0x6004480
0 7 R 0x60064C0
0 7 W 0x60064C0
0 7 R 0x6008500
0 7 W 0x6008500
0 7 R 0x600A540
0 7 W 0x600A540
0 7 R 0x600C580
0 7 W 0x600C580
0 7 R 0x600E5C0
0 7 W 0x600E5C0
0 7 R 0x6000600
0 7 W 0x6000600
0 7 R 0x6002640
0 7 W 0x6002640
0 7 R 0x6004680
0 7 W 0x6004680
0 7 R 0x60066C0
0 7 W 0x60066C0
0 7 R 0x6008700
0 7 W 0x6008700
0 7 R 0x600A740
0 7 W 0x600A740
0 7 R 0x600C780
0 7 W 0x600C780
0 7 R 0x600E7C0
0 7 W 0x600E7C0
0 7 R 0x6000000
0 7 W 0x6000000
0 7 R 0x6002040
0 7 W 0x6002040
0 7 R 0x6004080
0 7 W 0x6004080
0 7 R 0x60060C0
0 7 W 0x60060C0
0 7 R 0x6008100
0 7 W 0x6008100
0 7 R 0x600A140
0 7 W 0x600A140
0 7 R 0x600C180
0 7 W 0x600C180
0 7 R 0x600E1C0
0 7 W 0x600E1C0
0 7 R 0x6000200
0 7 W 0x6000200
0 7 R 0x6002240
0 7 W 0x6002240
0 7 R 0x6004280
0 7 W 0x6004280
0 7 R 0x60062C0
0 7 W 0x60062C0
0 7 R 0x6008300
0 7 W 0x6008300
0 7 R 0x600A340
0 7 W 0x600A340
0 7 R 0x600C380
0 7 W 0x600C380
0 7 R 0x600E3C0
0 7 W 0x600E3C0
0 7 R 0x6000400
0 7 W 0x6000400
0 7 R 0x6002440
0 7 W 0x6002440
0 7 R 0x6004480
0 7 W 0x6004480
0 7 R 0x60064C0
0 7 W 0x60064C0
0 7 R 0x6008500
0 7 W 0x6008500
0 7 R 0x600A540
0 7 W 0x600A540
0 7 R 0x600C580
0 7 W 0x600C580
0 7 R 0x600E5C0
0 7 W 0x600E5C0
0 7 R 0x6000600
0 7 W 0x6000600
0 7 R 0x6002640
0 7 W 0x6002640
0 7 R 0x6004680
0 7 W 0x6004680
0 7 R 0x60066C0
0 7 W 0x60066C0
0 7 R 0x6008700
0 7 W 0x6008700
0 7 R 0x600A740
0 7 W 0x600A740
0 7 R 0x600C780
0 7 W 0x600C780
0 7 R 0x600E7C0
0 7 W 0x600E7C0
0 7 R 0x6000000
0 7 W 0x6000000
0 7 R 0x6002040
0 7 W 0x6002040
0 7 R 0x6004080
0 7 W 0x6004080
0 7 R 0x60060C0
0 7 W 0x60060C0
0 7 R 0x6008100
0 7 W 0x6008100
0 7 R 0x600A140
0 7 W 0x600A140
0 7 R 0x600C180
0 7 W 0x600C180
0 7 R 0x600E1C0
0 7 W 0x600E1C0
0 7 R 0x6000200
0 7 W 0x6000200
0 7 R 0x6002240
0 7 W 0x6002240
0 7 R 0x6004280
0 7 W 0x6004280
0 7 R 0x60062C0
0 7 W 0x60062C0
0 7 R 0x6008300
0 7 W 0x6008300
0 7 R 0x600A340
0 7 W 0x600A340
0 7 R 0x600C380
0 7 W 0x600C380
0 7 R 0x600E3C0
0 7 W 0x600E3C0
0 7 R 0x6000400
0 7 W 0x6000400
0 7 R 0x6002440
0 7 W 0x6002440
0 7 R 0x6004480
0 7 W 0x6004480
0 7 R 0x60064C0
0 7 W 0x60064C0
0 7 R 0x6008500
0 7 W 0x6008500
0 7 R 0x600A540
0 7 W 0x600A540
0 7 R 0x600C580
0 7 W 0x600C580
0 7 R 0x600E5C0
0 7 W 0x600E5C0
0 7 R 0x6000600
0 7 W 0x6000600
0 7 R 0x6002640
0 7 W 0x6002640
0 7 R 0x6004680
0 7 W 0x6004680
0 7 R 0x60066C0
0 7 W 0x60066C0
0 7 R 0x6008700
0 7 W 0x6008700
0 7 R 0x600A740
0 7 W 0x600A740
0 7 R 0x600C780
0 7 W 0x600C780
0 7 R 0x600E7C0
0 7 W 0x600E7C0
0 7 R 0x6000000
0 7 W 0x6000000
0 7 R 0x6002040
0 7 W 0x6002040
0 7 R 0x6004080
0 7 W 0x6004080
0 7 R 0x60060C0
0 7 W 0x60060C0
0 7 R 0x6008100
0 7 W 0x6008100
0 7 R 0x600A140
0 7 W 0x600A140
0 7 R 0x600C180
0 7 W 0x600C180
0 7 R 0x600E1C0
0 7 W 0x600E1C0
0 7 R 0x6000200
0 7 W 0x6000200
0 7 R 0x6002240
0 7 W 0x6002240
0 7 R 0x6004280
0 7 W 0x6004280
0 7 R 0x60062C0
0 7 W 0x60062C0
0 7 R 0x6008300
0 7 W 0x6008300
0 7 R 0x600A340
0 7 W 0x600A340
0 7 R 0x600C380
0 7 W 0x600C380
0 7 R 0x600E3C0
0 7 W 0x600E3C0
0 7 R 0x6000400
0 7 W 0x6000400
0 7 R 0x6002440
0 7 W 0x6002440
0 7 R 0x6004480
0 7 W 0x6004480
0 7 R 0x60064C0
0 7 W 0x60064C0
0 7 R 0x6008500
0 7 W 0x6008500
0 7 R 0x600A540
0 7 W 0x600A540
0 7 R 0x600C580
0 7 W 0x600C580
0 7 R 0x600E5C0
0 7 W 0x600E5C0
0 7 R 0x6000600
0 7 W 0x6000600
0 7 R 0x6002640
0 7 W 0x6002640
0 7 R 0x6004680
0 7 W 0x6004680
0 7 R 0x60066C0
0 7 W 0x60066C0
0 7 R 0x6008700
0 7 W 0x6008700
0 7 R 0x600A740
0 7 W 0x600A740
0 7 R 0x600C780
0 7 W 0x600C780
0 7 R 0x600E7C0
0 7 W 0x600E7C0
0 7 R 0x6000000
0 7 W 0x6000000
0 7 R 0x6002040
0 7 W 0x6002040
0 7 R 0x6004080
0 7 W 0x6004080
0 7 R 0x60060C0
0 7 W 0x60060C0
0 7 R 0x6008100
0 7 W 0x6008100
0 7 R 0x600A140
0 7 W 0x600A140
0 7 R 0x600C180
0 7 W 0x600C180
0 7 R 0x600E1C0
0 7 W 0x600E1C0
0 7 R 0x6000200
0 7 W 0x6000200
0 7 R 0x6002240
0 7 W 0x6002240
0 7 R 0x6004280
0 7 W 0x6004280
0 7 R 0x60062C0
0 7 W 0x60062C0
0 7 R 0x6008300
0 7 W 0x6008300
0 7 R 0x600A340
0 7 W 0x600A340
0 7 R 0x600C380
0 7 W 0x600C380
0 7 R 0x600E3C0
0 7 W 0x600E3C0
0 7 R 0x6000400
0 7 W 0x6000400
0 7 R 0x6002440
0 7 W 0x6002440
0 7 R 0x6004480
0 7 W 0x6004480
0 7 R 0x60064C0
0 7 W 0x60064C0
0 7 R 0x6008500
0 7 W 0x6008500
0 7 R 0x600A540
0 7 W 0x600A540
0 7 R 0x600C580
0 7 W 0x600C580
0 7 R 0x600E5C0
0 7 W 0x600E5C0
0 7 R 0x6000600
0 7 W 0x6000600
0 7 R 0x6002640
0 7 W 0x6002640
0 7 R 0x6004680
0 7 W 0x6004680
0 7 R 0x60066C0
0 7 W 0x60066C0
0 7 R 0x6008700
0 7 W 0x6008700
0 7 R 0x600A740
0 7 W 0x600A740
0 7 R 0x600C780
0 7 W 0x600C780
0 7 R 0x600E7C0
0 7 W 0x600E7C0
0 7 R 0x6000000
0 7 W 0x6000000
0 7 R 0x6002040
0 7 W 0x6002040
0 7 R 0x6004080
0 7 W 0x6004080
0 7 R 0x60060C0
0 7 W 0x60060C0
0 7 R 0x6008100
0 7 W 0x6008100
0 7 R 0x600A140
0 7 W 0x600A140
0 7 R 0x600C180
0 7 W 0x600C180
0 8 R 0x6000200
0 8 W 0x6000200
0 8 R 0x6002240
0 8 W 0x6002240
0 8 R 0x6004280
0 8 W 0x6004280
0 8 R 0x60062C0
0 8 W 0x60062C0
0 8 R 0x6008300
0 8 W 0x6008300
0 8 R 0x600A340
0 8 W 0x600A340
0 8 R 0x600C380
0 8 W 0x600C380
0 8 R 0x600E3C0
0 8 W 0x600E3C0
0 8 R 0x6000400
0 8 W 0x6000400
0 8 R 0x6002440
0 8 W 0x6002440
0 8 R 0x6004480
0 8 W 0x6004480
0 8 R 0x60064C0
0 8 W 0x60064C0
0 8 R 0x6008500
0 8 W 0x6008500
0 8 R 0x600A540
0 8 W 0x600A540
0 8 R 0x600C580
0 8 W 0x600C580
0 8 R 0x600E5C0
0 8 W 0x600E5C0
0 8 R 0x6000600
0 8 W 0x6000600
0 8 R 0x6002640
0 8 W 0x6002640
0 8 R 0x6004680
0 8 W 0x6004680
0 8 R 0x60066C0
0 8 W 0x60066C0
0 8 R 0x6008700
0 8 W 0x6008700
0 8 R 0x600A740
0 8 W 0x600A740
0 8 R 0x600C780
0 8 W 0x600C780
0 8 R 0x600E7C0
0 8 W 0x600E7C0
0 8 R 0x6000000
0 8 W 0x6000000
0 8 R 0x6002040
0 8 W 0x6002040
0 8 R 0x6004080
0 8 W 0x6004080
0 8 R 0x60060C0
0 8 W 0x60060C0
0 8 R 0x6008100
0 8 W 0x6008100
0 8 R 0x600A140
0 8 W 0x600A140
0 8 R 0x600C180
0 8 W 0x600C180
0 8 R 0x600E1C0
0 8 W 0x600E1C0
0 8 R 0x6000200
0 8 W 0x6000200
0 8 R 0x6002240
0 8 W 0x6002240
0 8 R 0x6004280
0 8 W 0x6004280
0 8 R 0x60062C0
0 8 W 0x60062C0
0 8 R 0x6008300
0 8 W 0x6008300
0 8 R 0x600A340
0 8 W 0x600A340
0 8 R 0x600C380
0 8 W 0x600C380
0 8 R 0x600E3C0
0 8 W 0x600E3C0
0 8 R 0x6000400
0 8 W 0x6000400
0 8 R 0x6002440
0 8 W 0x6002440
0 8 R 0x6004480
0 8 W 0x6004480
0 8 R 0x60064C0
0 8 W 0x60064C0
0 8 R 0x6008500
0 8 W 0x6008500
0 8 R 0x600A540
0 8 W 0x600A540
0 8 R 0x600C580
0 8 W 0x600C580
0 8 R 0x600E5C0
0 8 W 0x600E5C0
0 8 R 0x6000600
0 8 W 0x6000600
0 8 R 0x6002640
0 8 W 0x6002640
0 8 R 0x6004680
0 8 W 0x6004680
0 8 R 0x60066C0
0 8 W 0x60066C0
0 8 R 0x6008700
0 8 W 0x6008700
0 8 R 0x600A740
0 8 W 0x600A740
0 8 R 0x600C780
0 8 W 0x600C780
0 8 R 0x600E7C0
0 8 W 0x600E7C0
0 8 R 0x6000000
0 8 W 0x6000000
0 8 R 0x6002040
0 8 W 0x6002040
0 8 R 0x6004080
0 8 W 0x6004080
0 8 R 0x60060C0
0 8 W 0x60060C0
0 8 R 0x6008100
0 8 W 0x6008100
0 8 R 0x600A140
0 8 W 0x600A140
0 8 R 0x600C180
0 8 W 0x600C180
0 8 R 0x600E1C0
0 8 W 0x600E1C0
0 8 R 0x6000200
0 8 W 0x6000200
0 8 R 0x6002240
0 8 W 0x6002240
0 8 R 0x6004280
0 8 W 0x6004280
0 8 R 0x60062C0
0 8 W 0x60062C0
0 8 R 0x6008300
0 8 W 0x6008300
0 8 R 0x600A340
0 8 W 0x600A340
0 8 R 0x600C380
0 8 W 0x600C380
0 8 R 0x600E3C0
0 8 W 0x600E3C0
0 8 R 0x6000400
0 8 W 0x6000400
0 8 R 0x6002440
0 8 W 0x6002440
0 8 R 0x6004480
0 8 W 0x6004480
0 8 R 0x60064C0
0 8 W 0x60064C0
0 8 R 0x6008500
0 8 W 0x6008500
0 8 R 0x600A540
0 8 W 0x600A540
0 8 R 0x600C580
0 8 W 0x600C580
0 8 R 0x600E5C0
0 8 W 0x600E5C0
0 8 R 0x6000600
0 8 W 0x6000600
0 8 R 0x6002640
0 8 W 0x6002640
0 8 R 0x6004680
0 8 W 0x6004680
0 8 R 0x60066C0
0 8 W 0x60066C0
0 8 R 0x6008700
0 8 W 0x6008700
0 8 R 0x600A740
0 8 W 0x600A740
0 8 R 0x600C780
0 8 W 0x600C780
0 8 R 0x600E7C0
0 8 W 0x600E7C0
0 8 R 0x6000000
0 8 W 0x6000000
0 8 R 0x6002040
0 8 W 0x6002040
0 8 R 0x6004080
0 8 W 0x6004080
0 8 R 0x60060C0
0 8 W 0x60060C0
0 8 R 0x6008100
0 8 W 0x6008100
0 8 R 0x600A140
0 8 W 0x600A140
0 8 R 0x600C180
0 8 W 0x600C180
0 8 R 0x600E1C0
0 8 W 0x600E1C0
0 8 R 0x6000200
0 8 W 0x6000200
0 8 R 0x6002240
0 8 W 0x6002240
0 8 R 0x6004280
0 8 W 0x6004280
0 8 R 0x60062C0
0 8 W 0x60062C0
0 8 R 0x6008300
0 8 W 0x6008300
0 8 R 0x600A340
0 8 W 0x600A340
0 8 R 0x600C380
0 8 W 0x600C380
0 8 R 0x600E3C0
0 8 W 0x600E3C0
0 8 R 0x6000400
0 8 W 0x6000400
0 8 R 0x6002440
0 8 W 0x6002440
0 8 R 0x6004480
0 8 W 0x6004480
0 8 R 0x60064C0
0 8 W 0x60064C0
0 8 R 0x6008500
0 8 W 0x6008500
0 8 R 0x600A540
0 8 W 0x600A540
0 8 R 0x600C580
0 8 W 0x600C580
0 8 R 0x600E5C0
0 8 W 0x600E5C0
0 8 R 0x6000600
0 8 W 0x6000600
0 8 R 0x6002640
0 8 W 0x6002640
0 8 R 0x6004680
0 8 W 0x6004680
0 8 R 0x60066C0
0 8 W 0x60066C0
0 8 R 0x6008700
0 8 W 0x6008700
0 8 R 0x600A740
0 8 W 0x600A740
0 8 R 0x600C780
0 8 W 0x600C780
0 8 R 0x600E7C0
0 8 W 0x600E7C0
0 8 R 0x6000000
0 8 W 0x6000000
0 8 R 0x6002040
0 8 W 0x6002040
0 8 R 0x6004080
0 8 W 0x6004080
0 8 R 0x60060C0
0 8 W 0x60060C0
0 8 R 0x6008100
0 8 W 0x6008100
0 8 R 0x600A140
0 8 W 0x600A140
0 8 R 0x600C180
0 8 W 0x600C180
0 8 R 0x600E1C0
0 8 W 0x600E1C0
0 8 R 0x6000200
0 8 W 0x6000200
0 8 R 0x6002240
0 8 W 0x6002240
0 8 R 0x6004280
0 8 W 0x6004280
0 8 R 0x60062C0
0 8 W 0x60062C0
0 8 R 0x6008300
0 8 W 0x6008300
0 8 R 0x600A340
0 8 W 0x600A340
0 8 R 0x600C380
0 8 W 0x600C380
0 8 R 0x600E3C0
0 8 W 0x600E3C0
0 8 R 0x6000400
0 8 W 0x6000400
0 8 R 0x6002440
0 8 W 0x6002440
0 8 R 0x6004480
0 8 W 0x6004480
0 8 R 0x60064C0
0 8 W 0x60064C0
0 8 R 0x6008500
0 8 W 0x6008500
0 8 R 0x600A540
0 8 W 0x600A540
0 8 R 0x600C580
0 8 W 0x600C580
0 8 R 0x600E5C0
0 8 W 0x600E5C0
0 8 R 0x6000600
0 8 W 0x6000600
0 8 R 0x6002640
0 8 W 0x6002640
0 8 R 0x6004680
0 8 W 0x6004680
0 8 R 0x60066C0
0 8 W 0x60066C0
0 8 R 0x6008700
0 8 W 0x6008700
0 8 R 0x600A740
0 8 W 0x600A740
0 8 R 0x600C780
0 8 W 0x600C780
0 8 R 0x600E7C0
0 8 W 0x600E7C0
0 8 R 0x6000000
0 8 W 0x6000000
0 8 R 0x6002040
0 8 W 0x6002040
0 8 R 0x6004080
0 8 W 0x6004080
0 8 R 0x60060C0
0 8 W 0x60060C0
0 8 R 0x6008100
0 8 W 0x6008100
0 8 R 0x600A140
0 8 W 0x600A140
0 8 R 0x600C180
0 8 W 0x600C180
0 8 R 0x600E1C0
0 8 W 0x600E1C0
0 8 R 0x6000200
0 8 W 0x6000200
0 8 R 0x6002240
0 8 W 0x6002240
0 8 R 0x6004280
0 8 W 0x6004280
0 8 R 0x60062C0
0 8 W 0x60062C0
0 8 R 0x6008300
0 8 W 0x6008300
0 8 R 0x600A340
0 8 W 0x600A340
0 8 R 0x600C380
0 8 W 0x600C380
0 8 R 0x600E3C0
0 8 W 0x600E3C0
0 8 R 0x6000400
0 8 W 0x6000400
0 8 R 0x6002440
0 8 W 0x6002440
0 8 R 0x6004480
0 8 W 0x6004480
0 8 R 0x60064C0
0 8 W 0x60064C0
0 8 R 0x6008500
0 8 W 0x6008500
0 8 R 0x600A540
0 8 W 0x600A540
0 8 R 0x600C580
0 8 W 0x600C580
0 8 R 0x600E5C0
0 8 W 0x600E5C0
0 8 R 0x6000600
0 8 W 0x6000600
0 8 R 0x6002640
0 8 W 0x6002640
0 8 R 0x6004680
0 8 W 0x6004680
0 8 R 0x60066C0
0 8 W 0x60066C0
0 8 R 0x6008700
0 8 W 0x6008700
0 8 R 0x600A740
0 8 W 0x600A740
0 8 R 0x600C780
0 8 W 0x600C780
0 8 R 0x600E7C0
0 8 W 0x600E7C0
0 8 R 0x6000000
0 8 W 0x6000000
0 8 R 0x6002040
0 8 W 0x6002040
0 8 R 0x6004080
0 8 W 0x6004080
0 8 R 0x60060C0
0 8 W 0x60060C0
0 8 R 0x6008100
0 8 W 0x6008100
0 8 R 0x600A140
0 8 W 0x600A140
0 8 R 0x600C180
0 8 W 0x600C180
0 8 R 0x600E1C0
0 8 W 0x600E1C0
0 8 R 0x6000200
0 8 W 0x6000200
0 8 R 0x6002240
0 8 W 0x6002240
0 8 R 0x6004280
0 8 W 0x6004280
0 8 R 0x60062C0
0 8 W 0x60062C0
0 8 R 0x6008300
0 8 W 0x6008300
0 8 R 0x600A340
0 8 W 0x600A340
0 8 R 0x600C380
0 8 W 0x600C380
0 8 R 0x600E3C0
0 8 W 0x600E3C0
0 8 R 0x6000400
0 8 W 0x6000400
0 8 R 0x6002440
0 8 W 0x6002440
0 8 R 0x6004480
0 8 W 0x6004480
0 8 R 0x60064C0
0 8 W 0x60064C0
0 8 R 0x6008500
0 8 W 0x6008500
0 8 R 0x600A540
0 8 W 0x600A540
0 8 R 0x600C580
0 8 W 0x600C580
0 8 R 0x600E5C0
0 8 W 0x600E5C0
0 8 R 0x6000600
0 8 W 0x6000600
0 8 R 0x6002640
0 8 W 0x6002640
0 8 R 0x6004680
0 8 W 0x6004680
0 8 R 0x60066C0
0 8 W 0x60066C0
0 8 R 0x6008700
0 8 W 0x6008700
0 8 R 0x600A740
0 8 W 0x600A740
0 8 R 0x600C780
0 8 W 0x600C780
0 8 R 0x600E7C0
0 8 W 0x600E7C0
0 8 R 0x6000000
0 8 W 0x6000000
0 8 R 0x6002040
0 8 W 0x6002040
0 8 R 0x6004080
0 8 W 0x6004080
0 8 R 0x60060C0
0 8 W 0x60060C0
0 8 R 0x6008100
0 8 W 0x6008100
0 8 R 0x600A140
0 8 W 0x600A140
0 8 R 0x600C180
0 8 W 0x600C180
0 8 R 0x600E1C0
0 8 W 0x600E1C0
0 8 R 0x6000200
0 8 W 0x6000200
0 8 R 0x6002240
0 8 W 0x6002240
0 8 R 0x6004280
0 8 W 0x6004280
0 8 R 0x60062C0
0 8 W 0x60062C0
0 8 R 0x6008300
0 8 W 0x6008300
0 8 R 0x600A340
0 8 W 0x600A340
0 8 R 0x600C380
0 8 W 0x600C380
0 8 R 0x600E3C0
0 8 W 0x600E3C0
0 8 R 0x6000400
0 8 W 0x6000400
0 8 R 0x6002440
0 8 W 0x6002440
0 8 R 0x6004480
0 8 W 0x6004480
0 8 R 0x60064C0
0 8 W 0x60064C0
0 8 R 0x6008500
0 8 W 0x6008500
0 8 R 0x600A540
0 8 W 0x600A540
0 8 R 0x600C580
0 8 W 0x600C580
0 8 R 0x600E5C0
0 8 W 0x600E5C0
0 8 R 0x6000600
0 8 W 0x6000600
0 8 R 0x6002640
0 8 W 0x6002640
0 8 R 0x6004680
0 8 W 0x6004680
0 8 R 0x60066C0
0 8 W 0x60066C0
0 8 R 0x6008700
0 8 W 0x6008700
0 8 R 0x600A740
0 8 W 0x600A740
0 8 R 0x600C780
0 8 W 0x600C780
0 8 R 0x600E7C0
0 8 W 0x600E7C0
0 8 R 0x6000000
0 8 W 0x6000000
0 8 R 0x6002040
0 8 W 0x6002040
0 8 R 0x6004080
0 8 W 0x6004080
0 8 R 0x60060C0
0 8 W 0x60060C0
0 8 R 0x6008100
0 8 W 0x6008100
0 8 R 0x600A140
0 8 W 0x600A140
0 8 R 0x600C180
0 8 W 0x600C180
0 8 R 0x600E1C0
0 8 W 0x600E1C0
0 9 R 0x6002240
0 9 W 0x6002240
0 9 R 0x6004280
0 9 W 0x6004280
0 9 R 0x60062C0
0 9 W 0x60062C0
0 9 R 0x6008300
0 9 W 0x6008300
0 9 R 0x600A340
0 9 W 0x600A340
0 9 R 0x600C380
0 9 W 0x600C380
0 9 R 0x600E3C0
0 9 W 0x600E3C0
0 9 R 0x6000400
0 9 W 0x6000400
0 9 R 0x6002440
0 9 W 0x6002440
0 9 R 0x6004480
0 9 W 0x6004480
0 9 R 0x60064C0
0 9 W 0x60064C0
0 9 R 0x6008500
0 9 W 0x6008500
0 9 R 0x600A540
0 9 W 0x600A540
0 9 R 0x600C580
0 9 W 0x600C580
0 9 R 0x600E5C0
0 9 W 0x600E5C0
0 9 R 0x6000600
0 9 W 0x6000600
0 9 R 0x6002640
0 9 W 0x6002640
0 9 R 0x6004680
0 9 W 0x6004680
0 9 R 0x60066C0
0 9 W 0x60066C0
0 9 R 0x6008700
0 9 W 0x6008700
0 9 R 0x600A740
0 9 W 0x600A740
0 9 R 0x600C780
0 9 W 0x600C780
0 9 R 0x600E7C0
0 9 W 0x600E7C0
0 9 R 0x6000000
0 9 W 0x6000000
0 9 R 0x6002040
0 9 W 0x6002040
0 9 R 0x6004080
0 9 W 0x6004080
0 9 R 0x60060C0
0 9 W 0x60060C0
0 9 R 0x6008100
0 9 W 0x6008100
0 9 R 0x600A140
0 9 W 0x600A140
0 9 R 0x600C180
0 9 W 0x600C180
0 9 R 0x600E1C0
0 9 W 0x600E1C0
0 9 R 0x6000200
0 9 W 0x6000200
0 9 R 0x6002240
0 9 W 0x6002240
0 9 R 0x6004280
0 9 W 0x6004280
0 9 R 0x60062C0
0 9 W 0x60062C0
0 9 R 0x6008300
0 9 W 0x6008300
0 9 R 0x600A340
0 9 W 0x600A340
0 9 R 0x600C380
0 9 W 0x600C380
0 9 R 0x600E3C0
0 9 W 0x600E3C0
0 9 R 0x6000400
0 9 W 0x6000400
0 9 R 0x6002440
0 9 W 0x6002440
0 9 R 0x6004480
0 9 W 0x6004480
0 9 R 0x60064C0
0 9 W 0x60064C0
0 9 R 0x6008500
0 9 W 0x6008500
0 9 R 0x600A540
0 9 W 0x600A540
0 9 R 0x600C580
0 9 W 0x600C580
0 9 R 0x600E5C0
0 9 W 0x600E5C0
0 9 R 0x6000600
0 9 W 0x6000600
0 9 R 0x6002640
0 9 W 0x6002640
0 9 R 0x6004680
0 9 W 0x6004680
0 9 R 0x60066C0
0 9 W 0x60066C0
0 9 R 0x6008700
0 9 W 0x6008700
0 9 R 0x600A740
0 9 W 0x600A740
0 9 R 0x600C780
0 9 W 0x600C780
0 9 R 0x600E7C0
0 9 W 0x600E7C0
0 9 R 0x6000000
0 9 W 0x6000000
0 9 R 0x6002040
0 9 W 0x6002040
0 9 R 0x6004080
0 9 W 0x6004080
0 9 R 0x60060C0
0 9 W 0x60060C0
0 9 R 0x6008100
0 9 W 0x6008100
0 9 R 0x600A140
0 9 W 0x600A140
0 9 R 0x600C180
0 9 W 0x600C180
0 9 R 0x600E1C0
0 9 W 0x600E1C0
0 9 R 0x6000200
0 9 W 0x6000200
0 9 R 0x6002240
0 9 W 0x6002240
0 9 R 0x6004280
0 9 W 0x6004280
0 9 R 0x60062C0
0 9 W 0x60062C0
0 9 R 0x6008300
0 9 W 0x6008300
0 9 R 0x600A340
0 9 W 0x600A340
0 9 R 0x600C380
0 9 W 0x600C380
0 9 R 0x600E3C0
0 9 W 0x600E3C0
0 9 R 0x6000400
0 9 W 0x6000400
0 9 R 0x6002440
0 9 W 0x6002440
0 9 R 0x6004480
0 9 W 0x6004480
0 9 R 0x60064C0
0 9 W 0x60064C0
0 9 R 0x6008500
0 9 W 0x6008500
0 9 R 0x600A540
0 9 W 0x600A540
0 9 R 0x600C580
0 9 W 0x600C580
0 9 R 0x600E5C0
0 9 W 0x600E5C0
0 9 R 0x6000600
0 9 W 0x6000600
0 9 R 0x6002640
0 9 W 0x6002640
0 9 R 0x6004680
0 9 W 0x6004680
0 9 R 0x60066C0
0 9 W 0x60066C0
0 9 R 0x6008700
0 9 W 0x6008700
0 9 R 0x600A740
0 9 W 0x600A740
0 9 R 0x600C780
0 9 W 0x600C780
0 9 R 0x600E7C0
0 9 W 0x600E7C0
0 9 R 0x6000000
0 9 W 0x6000000
0 9 R 0x6002040
0 9 W 0x6002040
0 9 R 0x6004080
0 9 W 0x6004080
0 9 R 0x60060C0
0 9 W 0x60060C0
0 9 R 0x6008100
0 9 W 0x6008100
0 9 R 0x600A140
0 9 W 0x600A140
0 9 R 0x600C180
0 9 W 0x600C180
0 9 R 0x600E1C0
0 9 W 0x600E1C0
0 9 R 0x6000200
0 9 W 0x6000200
0 9 R 0x6002240
0 9 W 0x6002240
0 9 R 0x6004280
0 9 W 0x6004280
0 9 R 0x60062C0
0 9 W 0x60062C0
0 9 R 0x6008300
0 9 W 0x6008300
0 9 R 0x600A340
0 9 W 0x600A340
0 9 R 0x600C380
0 9 W 0x600C380
0 9 R 0x600E3C0
0 9 W 0x600E3C0
0 9 R 0x6000400
0 9 W 0x6000400
0 9 R 0x6002440
0 9 W 0x6002440
0 9 R 0x6004480
0 9 W 0x6004480
0 9 R 0x60064C0
0 9 W 0x60064C0
0 9 R 0x6008500
0 9 W 0x6008500
0 9 R 0x600A540
0 9 W 0x600A540
0 9 R 0x600C580
0 9 W 0x600C580
0 9 R 0x600E5C0
0 9 W 0x600E5C0
0 9 R 0x6000600
0 9 W 0x6000600
0 9 R 0x6002640
0 9 W 0x6002640
0 9 R 0x6004680
0 9 W 0x6004680
0 9 R 0x60066C0
0 9 W 0x60066C0
0 9 R 0x6008700
0 9 W 0x6008700
0 9 R 0x600A740
0 9 W 0x600A740
0 9 R 0x600C780
0 9 W 0x600C780
0 9 R 0x600E7C0
0 9 W 0x600E7C0
0 9 R 0x6000000
0 9 W 0x6000000
0 9 R 0x6002040
0 9 W 0x6002040
0 9 R 0x6004080
0 9 W 0x6004080
0 9 R 0x60060C0
0 9 W 0x60060C0
0 9 R 0x6008100
0 9 W 0x6008100
0 9 R 0x600A140
0 9 W 0x600A140
0 9 R 0x600C180
0 9 W 0x600C180
0 9 R 0x600E1C0
0 9 W 0x600E1C0
0 9 R 0x6000200
0 9 W 0x6000200
0 9 R 0x6002240
0 9 W 0x6002240
0 9 R 0x6004280
0 9 W 0x6004280
0 9 R 0x60062C0
0 9 W 0x60062C0
0 9 R 0x6008300
0 9 W 0x6008300
0 9 R 0x600A340
0 9 W 0x600A340
0 9 R 0x600C380
0 9 W 0x600C380
0 9 R 0x600E3C0
0 9 W 0x600E3C0
0 9 R 0x6000400
0 9 W 0x6000400
0 9 R 0x6002440
0 9 W 0x6002440
0 9 R 0x6004480
0 9 W 0x6004480
0 9 R 0x60064C0
0 9 W 0x60064C0
0 9 R 0x6008500
0 9 W 0x6008500
0 9 R 0x600A540
0 9 W 0x600A540
0 9 R 0x600C580
0 9 W 0x600C580
0 9 R 0x600E5C0
0 9 W 0x600E5C0
0 9 R 0x6000600
0 9 W 0x6000600
0 9 R 0x6002640
0 9 W 0x6002640
0 9 R 0x6004680
0 9 W 0x6004680
0 9 R 0x60066C0
0 9 W 0x60066C0
0 9 R 0x6008700
0 9 W 0x6008700
0 9 R 0x600A740
0 9 W 0x600A740
0 9 R 0x600C780
0 9 W 0x600C780
0 9 R 0x600E7C0
0 9 W 0x600E7C0
0 9 R 0x6000000
0 9 W 0x6000000
0 9 R 0x6002040
0 9 W 0x6002040
0 9 R 0x6004080
0 9 W 0x6004080
0 9 R 0x60060C0
0 9 W 0x60060C0
0 9 R 0x6008100
0 9 W 0x6008100
0 9 R 0x600A140
0 9 W 0x600A140
0 9 R 0x600C180
0 9 W 0x600C180
0 9 R 0x600E1C0
0 9 W 0x600E1C0
0 9 R 0x6000200
0 9 W 0x6000200
0 9 R 0x6002240
0 9 W 0x6002240
0 9 R 0x6004280
0 9 W 0x6004280
0 9 R 0x60062C0
0 9 W 0x60062C0
0 9 R 0x6008300
0 9 W 0x6008300
0 9 R 0x600A340
0 9 W 0x600A340
0 9 R 0x600C380
0 9 W 0x600C380
0 9 R 0x600E3C0
0 9 W 0x600E3C0
0 9 R 0x6000400
0 9 W 0x6000400
0 9 R 0x6002440
0 9 W 0x6002440
0 9 R 0x6004480
0 9 W 0x6004480
0 9 R 0x60064C0
0 9 W 0x60064C0
0 9 R 0x6008500
0 9 W 0x6008500
0 9 R 0x600A540
0 9 W 0x600A540
0 9 R 0x600C580
0 9 W 0x600C580
0 9 R 0x600E5C0
0 9 W 0x600E5C0
0 9 R 0x6000600
0 9 W 0x6000600
0 9 R 0x6002640
0 9 W 0x6002640
0 9 R 0x6004680
0 9 W 0x6004680
0 9 R 0x60066C0
0 9 W 0x60066C0
0 9 R 0x6008700
0 9 W 0x6008700
0 9 R 0x600A740
0 9 W 0x600A740
0 9 R 0x600C780
0 9 W 0x600C780
0 9 R 0x600E7C0
0 9 W 0x600E7C0
0 9 R 0x6000000
0 9 W 0x6000000
0 9 R 0x6002040
0 9 W 0x6002040
0 9 R 0x6004080
0 9 W 0x6004080
0 9 R 0x60060C0
0 9 W 0x60060C0
0 9 R 0x6008100
0 9 W 0x6008100
0 9 R 0x600A140
0 9 W 0x600A140
0 9 R 0x600C180
0 9 W 0x600C180
0 9 R 0x600E1C0
0 9 W 0x600E1C0
0 9 R 0x6000200
0 9 W 0x6000200
0 9 R 0x6002240
0 9 W 0x6002240
0 9 R 0x6004280
0 9 W 0x6004280
0 9 R 0x60062C0
0 9 W 0x60062C0
0 9 R 0x6008300
0 9 W 0x6008300
0 9 R 0x600A340
0 9 W 0x600A340
0 9 R 0x600C380
0 9 W 0x600C380
0 9 R 0x600E3C0
0 9 W 0x600E3C0
0 9 R 0x6000400
0 9 W 0x6000400
0 9 R 0x6002440
0 9 W 0x6002440
0 9 R 0x6004480
0 9 W 0x6004480
0 9 R 0x60064C0
0 9 W 0x60064C0
0 9 R 0x6008500
0 9 W 0x6008500
0 9 R 0x600A540
0 9 W 0x600A540
0 9 R 0x600C580
0 9 W 0x600C580
0 9 R 0x600E5C0
0 9 W 0x600E5C0
0 9 R 0x6000600
0 9 W 0x6000600
0 9 R 0x6002640
0 9 W 0x6002640
0 9 R 0x6004680
0 9 W 0x6004680
0 9 R 0x60066C0
0 9 W 0x60066C0
0 9 R 0x6008700
0 9 W 0x6008700
0 9 R 0x600A740
0 9 W 0x600A740
0 9 R 0x600C780
0 9 W 0x600C780
0 9 R 0x600E7C0
0 9 W 0x600E7C0
0 9 R 0x6000000
0 9 W 0x6000000
0 9 R 0x6002040
0 9 W 0x6002040
0 9 R 0x6004080
0 9 W 0x6004080
0 9 R 0x60060C0
0 9 W 0x60060C0
0 9 R 0x6008100
0 9 W 0x6008100
0 9 R 0x600A140
0 9 W 0x600A140
0 9 R 0x600C180
0 9 W 0x600C180
0 9 R 0x600E1C0
0 9 W 0x600E1C0
0 9 R 0x6000200
0 9 W 0x6000200
0 9 R 0x6002240
0 9 W 0x6002240
0 9 R 0x6004280
0 9 W 0x6004280
0 9 R 0x60062C0
0 9 W 0x60062C0
0 9 R 0x6008300
0 9 W 0x6008300
0 9 R 0x600A340
0 9 W 0x600A340
0 9 R 0x600C380
0 9 W 0x600C380
0 9 R 0x600E3C0
0 9 W 0x600E3C0
0 9 R 0x6000400
0 9 W 0x6000400
0 9 R 0x6002440
0 9 W 0x6002440
0 9 R 0x6004480
0 9 W 0x6004480
0 9 R 0x60064C0
0 9 W 0x60064C0
0 9 R 0x6008500
0 9 W 0x6008500
0 9 R 0x600A540
0 9 W 0x600A540
0 9 R 0x600C580
0 9 W 0x600C580
0 9 R 0x600E5C0
0 9 W 0x600E5C0
0 9 R 0x6000600
0 9 W 0x6000600
0 9 R 0x6002640
0 9 W 0x6002640
0 9 R 0x6004680
0 9 W 0x6004680
0 9 R 0x60066C0
0 9 W 0x60066C0
0 9 R 0x6008700
0 9 W 0x6008700
0 9 R 0x600A740
0 9 W 0x600A740
0 9 R 0x600C780
0 9 W 0x600C780
0 9 R 0x600E7C0
0 9 W 0x600E7C0
0 9 R 0x6000000
0 9 W 0x6000000
0 9 R 0x6002040
0 9 W 0x6002040
0 9 R 0x6004080
0 9 W 0x6004080
0 9 R 0x60060C0
0 9 W 0x60060C0
0 9 R 0x6008100
0 9 W 0x6008100
0 9 R 0x600A140
0 9 W 0x600A140
0 9 R 0x600C180
0 9 W 0x600C180
0 9 R 0x600E1C0
0 9 W 0x600E1C0
0 9 R 0x6000200
0 9 W 0x6000200
0 10 R 0x6004280
0 10 W 0x6004280
0 10 R 0x60062C0
0 10 W 0x60062C0
0 10 R 0x6008300
0 10 W 0x6008300
0 10 R 0x600A340
0 10 W 0x600A340
0 10 R 0x600C380
0 10 W 0x600C380
0 10 R 0x600E3C0
0 10 W 0x600E3C0
0 10 R 0x6000400
0 10 W 0x6000400
0 10 R 0x6002440
0 10 W 0x6002440
0 10 R 0x6004480
0 10 W 0x6004480
0 10 R 0x60064C0
0 10 W 0x60064C0
0 10 R 0x6008500
0 10 W 0x6008500
0 10 R 0x600A540
0 10 W 0x600A540
0 10 R 0x600C580
0 10 W 0x600C580
0 10 R 0x600E5C0
0 10 W 0x600E5C0
0 10 R 0x6000600
0 10 W 0x6000600
0 10 R 0x6002640
0 10 W 0x6002640
0 10 R 0x6004680
0 10 W 0x6004680
0 10 R 0x60066C0
0 10 W 0x60066C0
0 10 R 0x6008700
0 10 W 0x6008700
0 10 R 0x600A740
0 10 W 0x600A740
0 10 R 0x600C780
0 10 W 0x600C780
0 10 R 0x600E7C0
0 10 W 0x600E7C0
0 10 R 0x6000000
0 10 W 0x6000000
0 10 R 0x6002040
0 10 W 0x6002040
0 10 R 0x6004080
0 10 W 0x6004080
0 10 R 0x60060C0
0 10 W 0x60060C0
0 10 R 0x6008100
0 10 W 0x6008100
0 10 R 0x600A140
0 10 W 0x600A140
0 10 R 0x600C180
0 10 W 0x600C180
0 10 R 0x600E1C0
0 10 W 0x600E1C0
0 10 R 0x6000200
0 10 W 0x6000200
0 10 R 0x6002240
0 10 W 0x6002240
0 10 R 0x6004280
0 10 W 0x6004280
0 10 R 0x60062C0
0 10 W 0x60062C0
0 10 R 0x6008300
0 10 W 0x6008300
0 10 R 0x600A340
0 10 W 0x600A340
0 10 R 0x600C380
0 10 W 0x600C380
0 10 R 0x600E3C0
0 10 W 0x600E3C0
0 10 R 0x6000400
0 10 W 0x6000400
0 10 R 0x6002440
0 10 W 0x6002440
0 10 R 0x6004480
0 10 W 0x6004480
0 10 R 0x60064C0
0 10 W 0x60064C0
0 10 R 0x6008500
0 10 W 0x6008500
0 10 R 0x600A540
0 10 W 0x600A540
0 10 R 0x600C580
0 10 W 0x600C580
0 10 R 0x600E5C0
0 10 W 0x600E5C0
0 10 R 0x6000600
0 10 W 0x6000600
0 10 R 0x6002640
0 10 W 0x6002640
0 10 R 0x6004680
0 10 W 0x6004680
0 10 R 0x60066C0
0 10 W 0x60066C0
0 10 R 0x6008700
0 10 W 0x6008700
0 10 R 0x600A740
0 10 W 0x600A740
0 10 R 0x600C780
0 10 W 0x600C780
0 10 R 0x600E7C0
0 10 W 0x600E7C0
0 10 R 0x6000000
0 10 W 0x6000000
0 10 R 0x6002040
0 10 W 0x6002040
0 10 R 0x6004080
0 10 W 0x6004080
0 10 R 0x60060C0
0 10 W 0x60060C0
0 10 R 0x6008100
0 10 W 0x6008100
0 10 R 0x600A140
0 10 W 0x600A140
0 10 R 0x600C180
0 10 W 0x600C180
0 10 R 0x600E1C0
0 10 W 0x600E1C0
0 10 R 0x6000200
0 10 W 0x6000200
0 10 R 0x6002240
0 10 W 0x6002240
0 10 R 0x6004280
0 10 W 0x6004280
0 10 R 0x60062C0
0 10 W 0x60062C0
0 10 R 0x6008300
0 10 W 0x6008300
0 10 R 0x600A340
0 10 W 0x600A340
0 10 R 0x600C380
0 10 W 0x600C380
0 10 R 0x600E3C0
0 10 W 0x600E3C0
0 10 R 0x6000400
0 10 W 0x6000400
0 10 R 0x6002440
0 10 W 0x6002440
0 10 R 0x6004480
0 10 W 0x6004480
0 10 R 0x60064C0
0 10 W 0x60064C0
0 10 R 0x6008500
0 10 W 0x6008500
0 10 R 0x600A540
0 10 W 0x600A540
0 10 R 0x600C580
0 10 W 0x600C580
0 10 R 0x600E5C0
0 10 W 0x600E5C0
0 10 R 0x6000600
0 10 W 0x6000600
0 10 R 0x6002640
0 10 W 0x6002640
0 10 R 0x6004680
0 10 W 0x6004680
0 10 R 0x60066C0
0 10 W 0x60066C0
0 10 R 0x6008700
0 10 W 0x6008700
0 10 R 0x600A740
0 10 W 0x600A740
0 10 R 0x600C780
0 10 W 0x600C780
0 10 R 0x600E7C0
0 10 W 0x600E7C0
0 10 R 0x6000000
0 10 W 0x6000000
0 10 R 0x6002040
0 10 W 0x6002040
0 10 R 0x6004080
0 10 W 0x6004080
0 10 R 0x60060C0
0 10 W 0x60060C0
0 10 R 0x6008100
0 10 W 0x6008100
0 10 R 0x600A140
0 10 W 0x600A140
0 10 R 0x600C180
0 10 W 0x600C180
0 10 R 0x600E1C0
0 10 W 0x600E1C0
0 10 R 0x6000200
0 10 W 0x6000200
0 10 R 0x6002240
0 10 W 0x6002240
0 10 R 0x6004280
0 10 W 0x6004280
0 10 R 0x60062C0
0 10 W 0x60062C0
0 10 R 0x6008300
0 10 W 0x6008300
0 10 R 0x600A340
0 10 W 0x600A340
0 10 R 0x600C380
0 10 W 0x600C380
0 10 R 0x600E3C0
0 10 W 0x600E3C0
0 10 R 0x6000400
0 10 W 0x6000400
0 10 R 0x6002440
0 10 W 0x6002440
0 10 R 0x6004480
0 10 W 0x6004480
0 10 R 0x60064C0
0 10 W 0x60064C0
0 10 R 0x6008500
0 10 W 0x6008500
0 10 R 0x600A540
0 10 W 0x600A540
0 10 R 0x600C580
0 10 W 0x600C580
0 10 R 0x600E5C0
0 10 W 0x600E5C0
0 10 R 0x6000600
0 10 W 0x6000600
0 10 R 0x6002640
0 10 W 0x6002640
0 10 R 0x6004680
0 10 W 0x6004680
0 10 R 0x60066C0
0 10 W 0x60066C0
0 10 R 0x6008700
0 10 W 0x6008700
0 10 R 0x600A740
0 10 W 0x600A740
0 10 R 0x600C780
0 10 W 0x600C780
0 10 R 0x600E7C0
0 10 W 0x600E7C0
0 10 R 0x6000000
0 10 W 0x6000000
0 10 R 0x6002040
0 10 W 0x6002040
0 10 R 0x6004080
0 10 W 0x6004080
0 10 R 0x60060C0
0 10 W 0x60060C0
0 10 R 0x6008100
0 10 W 0x6008100
0 10 R 0x600A140
0 10 W 0x600A140
0 10 R 0x600C180
0 10 W 0x600C180
0 10 R 0x600E1C0
0 10 W 0x600E1C0
0 10 R 0x6000200
0 10 W 0x6000200
0 10 R 0x6002240
0 10 W 0x6002240
0 10 R 0x6004280
0 10 W 0x6004280
0 10 R 0x60062C0
0 10 W 0x60062C0
0 10 R 0x6008300
0 10 W 0x6008300
0 10 R 0x600A340
0 10 W 0x600A340
0 10 R 0x600C380
0 10 W 0x600C380
0 10 R 0x600E3C0
0 10 W 0x600E3C0
0 10 R 0x6000400
0 10 W 0x6000400
0 10 R 0x6002440
0 10 W 0x6002440
0 10 R 0x6004480
0 10 W 0x6004480
0 10 R 0x60064C0
0 10 W 0x60064C0
0 10 R 0x6008500
0 10 W 0x6008500
0 10 R 0x600A540
0 10 W 0x600A540
0 10 R 0x600C580
0 10 W 0x600C580
0 10 R 0x600E5C0
0 10 W 0x600E5C0
0 10 R 0x6000600
0 10 W 0x6000600
0 10 R 0x6002640
0 10 W 0x6002640
0 10 R 0x6004680
0 10 W 0x6004680
0 10 R 0x60066C0
0 10 W 0x60066C0
0 10 R 0x6008700
0 10 W 0x6008700
0 10 R 0x600A740
0 10 W 0x600A740
0 10 R 0x600C780
0 10 W 0x600C780
0 10 R 0x600E7C0
0 10 W 0x600E7C0
0 10 R 0x6000000
0 10 W 0x6000000
0 10 R 0x6002040
0 10 W 0x6002040
0 10 R 0x6004080
0 10 W 0x6004080
0 10 R 0x60060C0
0 10 W 0x60060C0
0 10 R 0x6008100
0 10 W 0x6008100
0 10 R 0x600A140
0 10 W 0x600A140
0 10 R 0x600C180
0 10 W 0x600C180
0 10 R 0x600E1C0
0 10 W 0x600E1C0
0 10 R 0x6000200
0 10 W 0x6000200
0 10 R 0x6002240
0 10 W 0x6002240
0 10 R 0x6004280
0 10 W 0x6004280
0 10 R 0x60062C0
0 10 W 0x60062C0
0 10 R 0x6008300
0 10 W 0x6008300
0 10 R 0x600A340
0 10 W 0x600A340
0 10 R 0x600C380
0 10 W 0x600C380
0 10 R 0x600E3C0
0 10 W 0x600E3C0
0 10 R 0x6000400
0 10 W 0x6000400
0 10 R 0x6002440
0 10 W 0x6002440
0 10 R 0x6004480
0 10 W 0x6004480
0 10 R 0x60064C0
0 10 W 0x60064C0
0 10 R 0x6008500
0 10 W 0x6008500
0 10 R 0x600A540
0 10 W 0x600A540
0 10 R 0x600C580
0 10 W 0x600C580
0 10 R 0x600E5C0
0 10 W 0x600E5C0
0 10 R 0x6000600
0 10 W 0x6000600
0 10 R 0x6002640
0 10 W 0x6002640
0 10 R 0x6004680
0 10 W 0x6004680
0 10 R 0x60066C0
0 10 W 0x60066C0
0 10 R 0x6008700
0 10 W 0x6008700
0 10 R 0x600A740
0 10 W 0x600A740
0 10 R 0x600C780
0 10 W 0x600C780
0 10 R 0x600E7C0
0 10 W 0x600E7C0
0 10 R 0x6000000
0 10 W 0x6000000
0 10 R 0x6002040
0 10 W 0x6002040
0 10 R 0x6004080
0 10 W 0x6004080
0 10 R 0x60060C0
0 10 W 0x60060C0
0 10 R 0x6008100
0 10 W 0x6008100
0 10 R 0x600A140
0 10 W 0x600A140
0 10 R 0x600C180
0 10 W 0x600C180
0 10 R 0x600E1C0
0 10 W 0x600E1C0
0 10 R 0x6000200
0 10 W 0x6000200
0 10 R 0x6002240
0 10 W 0x6002240
0 10 R 0x6004280
0 10 W 0x6004280
0 10 R 0x60062C0
0 10 W 0x60062C0
0 10 R 0x6008300
0 10 W 0x6008300
0 10 R 0x600A340
0 10 W 0x600A340
0 10 R 0x600C380
0 10 W 0x600C380
0 10 R 0x600E3C0
0 10 W 0x600E3C0
0 10 R 0x6000400
0 10 W 0x6000400
0 10 R 0x6002440
0 10 W 0x6002440
0 10 R 0x6004480
0 10 W 0x6004480
0 10 R 0x60064C0
0 10 W 0x60064C0
0 10 R 0x6008500
0 10 W 0x6008500
0 10 R 0x600A540
0 10 W 0x600A540
0 10 R 0x600C580
0 10 W 0x600C580
0 10 R 0x600E5C0
0 10 W 0x600E5C0
0 10 R 0x6000600
0 10 W 0x6000600
0 10 R 0x6002640
0 10 W 0x6002640
0 10 R 0x6004680
0 10 W 0x6004680
0 10 R 0x60066C0
0 10 W 0x60066C0
0 10 R 0x6008700
0 10 W 0x6008700
0 10 R 0x600A740
0 10 W 0x600A740
0 10 R 0x600C780
0 10 W 0x600C780
0 10 R 0x600E7C0
0 10 W 0x600E7C0
0 10 R 0x6000000
0 10 W 0x6000000
0 10 R 0x6002040
0 10 W 0x6002040
0 10 R 0x6004080
0 10 W 0x6004080
0 10 R 0x60060C0
0 10 W 0x60060C0
0 10 R 0x6008100
0 10 W 0x6008100
0 10 R 0x600A140
0 10 W 0x600A140
0 10 R 0x600C180
0 10 W 0x600C180
0 10 R 0x600E1C0
0 10 W 0x600E1C0
0 10 R 0x6000200
0 10 W 0x6000200
0 10 R 0x6002240
0 10 W 0x6002240
0 10 R 0x6004280
0 10 W 0x6004280
0 10 R 0x60062C0
0 10 W 0x60062C0
0 10 R 0x6008300
0 10 W 0x6008300
0 10 R 0x600A340
0 10 W 0x600A340
0 10 R 0x600C380
0 10 W 0x600C380
0 10 R 0x600E3C0
0 10 W 0x600E3C0
0 10 R 0x6000400
0 10 W 0x6000400
0 10 R 0x6002440
0 10 W 0x6002440
0 10 R 0x6004480
0 10 W 0x6004480
0 10 R 0x60064C0
0 10 W 0x60064C0
0 10 R 0x6008500
0 10 W 0x6008500
0 10 R 0x600A540
0 10 W 0x600A540
0 10 R 0x600C580
0 10 W 0x600C580
0 10 R 0x600E5C0
0 10 W 0x600E5C0
0 10 R 0x6000600
0 10 W 0x6000600
0 10 R 0x6002640
0 10 W 0x6002640
0 10 R 0x6004680
0 10 W 0x6004680
0 10 R 0x60066C0
0 10 W 0x60066C0
0 10 R 0x6008700
0 10 W 0x6008700
0 10 R 0x600A740
0 10 W 0x600A740
0 10 R 0x600C780
0 10 W 0x600C780
0 10 R 0x600E7C0
0 10 W 0x600E7C0
0 10 R 0x6000000
0 10 W 0x6000000
0 10 R 0x6002040
0 10 W 0x6002040
0 10 R 0x6004080
0 10 W 0x6004080
0 10 R 0x60060C0
0 10 W 0x60060C0
0 10 R 0x6008100
0 10 W 0x6008100
0 10 R 0x600A140
0 10 W 0x600A140
0 10 R 0x600C180
0 10 W 0x600C180
0 10 R 0x600E1C0
0 10 W 0x600E1C0
0 10 R 0x6000200
0 10 W 0x6000200
0 10 R 0x6002240
0 10 W 0x6002240
0 11 R 0x60062C0
0 11 W 0x60062C0
0 11 R 0x6008300
0 11 W 0x6008300
0 11 R 0x600A340
0 11 W 0x600A340
0 11 R 0x600C380
0 11 W 0x600C380
0 11 R 0x600E3C0
0 11 W 0x600E3C0
0 11 R 0x6000400
0 11 W 0x6000400
0 11 R 0x6002440
0 11 W 0x6002440
0 11 R 0x6004480
0 11 W 0x6004480
0 11 R 0x60064C0
0 11 W 0x60064C0
0 11 R 0x6008500
0 11 W 0x6008500
0 11 R 0x600A540
0 11 W 0x600A540
0 11 R 0x600C580
0 11 W 0x600C580
0 11 R 0x600E5C0
0 11 W 0x600E5C0
0 11 R 0x6000600
0 11 W 0x6000600
0 11 R 0x6002640
0 11 W 0x6002640
0 11 R 0x6004680
0 11 W 0x6004680
0 11 R 0x60066C0
0 11 W 0x60066C0
0 11 R 0x6008700
0 11 W 0x6008700
0 11 R 0x600A740
0 11 W 0x600A740
0 11 R 0x600C780
0 11 W 0x600C780
0 11 R 0x600E7C0
0 11 W 0x600E7C0
0 11 R 0x6000000
0 11 W 0x6000000
0 11 R 0x6002040
0 11 W 0x6002040
0 11 R 0x6004080
0 11 W 0x6004080
0 11 R 0x60060C0
0 11 W 0x60060C0
0 11 R 0x6008100
0 11 W 0x6008100
0 11 R 0x600A140
0 11 W 0x600A140
0 11 R 0x600C180
0 11 W 0x600C180
0 11 R 0x600E1C0
0 11 W 0x600E1C0
0 11 R 0x6000200
0 11 W 0x6000200
0 11 R 0x6002240
0 11 W 0x6002240
0 11 R 0x6004280
0 11 W 0x6004280
0 11 R 0x60062C0
0 11 W 0x60062C0
0 11 R 0x6008300
0 11 W 0x6008300
0 11 R 0x600A340
0 11 W 0x600A340
0 11 R 0x600C380
0 11 W 0x600C380
0 11 R 0x600E3C0
0 11 W 0x600E3C0
0 11 R 0x6000400
0 11 W 0x6000400
0 11 R 0x6002440
0 11 W 0x6002440
0 11 R 0x6004480
0 11 W 0x6004480
0 11 R 0x60064C0
0 11 W 0x60064C0
0 11 R 0x6008500
0 11 W 0x6008500
0 11 R 0x600A540
0 11 W 0x600A540
0 11 R 0x600C580
0 11 W 0x600C580
0 11 R 0x600E5C0
0 11 W 0x600E5C0
0 11 R 0x6000600
0 11 W 0x6000600
0 11 R 0x6002640
0 11 W 0x6002640
0 11 R 0x6004680
0 11 W 0x6004680
0 11 R 0x60066C0
0 11 W 0x60066C0
0 11 R 0x6008700
0 11 W 0x6008700
0 11 R 0x600A740
0 11 W 0x600A740
0 11 R 0x600C780
0 11 W 0x600C780
0 11 R 0x600E7C0
0 11 W 0x600E7C0
0 11 R 0x6000000
0 11 W 0x6000000
0 11 R 0x6002040
0 11 W 0x6002040
0 11 R 0x6004080
0 11 W 0x6004080
0 11 R 0x60060C0
0 11 W 0x60060C0
0 11 R 0x6008100
0 11 W 0x6008100
0 11 R 0x600A140
0 11 W 0x600A140
0 11 R 0x600C180
0 11 W 0x600C180
0 11 R 0x600E1C0
0 11 W 0x600E1C0
0 11 R 0x6000200
0 11 W 0x6000200
0 11 R 0x6002240
0 11 W 0x6002240
0 11 R 0x6004280
0 11 W 0x6004280
0 11 R 0x60062C0
0 11 W 0x60062C0
0 11 R 0x6008300
0 11 W 0x6008300
0 11 R 0x600A340
0 11 W 0x600A340
0 11 R 0x600C380
0 11 W 0x600C380
0 11 R 0x600E3C0
0 11 W 0x600E3C0
0 11 R 0x6000400
0 11 W 0x6000400
0 11 R 0x6002440
0 11 W 0x6002440
0 11 R 0x6004480
0 11 W 0x6004480
0 11 R 0x60064C0
0 11 W 0x60064C0
0 11 R 0x6008500
0 11 W 0x6008500
0 11 R 0x600A540
0 11 W 0x600A540
0 11 R 0x600C580
0 11 W 0x600C580
0 11 R 0x600E5C0
0 11 W 0x600E5C0
0 11 R 0x6000600
0 11 W 0x6000600
0 11 R 0x6002640
0 11 W 0x6002640
0 11 R 0x6004680
0 11 W 0x6004680
0 11 R 0x60066C0
0 11 W 0x60066C0
0 11 R 0x6008700
0 11 W 0x6008700
0 11 R 0x600A740
0 11 W 0x600A740
0 11 R 0x600C780
0 11 W 0x600C780
0 11 R 0x600E7C0
0 11 W 0x600E7C0
0 11 R 0x6000000
0 11 W 0x6000000
0 11 R 0x6002040
0 11 W 0x6002040
0 11 R 0x6004080
0 11 W 0x6004080
0 11 R 0x60060C0
0 11 W 0x60060C0
0 11 R 0x6008100
0 11 W 0x6008100
0 11 R 0x600A140
0 11 W 0x600A140
0 11 R 0x600C180
0 11 W 0x600C180
0 11 R 0x600E1C0
0 11 W 0x600E1C0
0 11 R 0x6000200
0 11 W 0x6000200
0 11 R 0x6002240
0 11 W 0x6002240
0 11 R 0x6004280
0 11 W 0x6004280
0 11 R 0x60062C0
0 11 W 0x60062C0
0 11 R 0x6008300
0 11 W 0x6008300
0 11 R 0x600A340
0 11 W 0x600A340
0 11 R 0x600C380
0 11 W 0x600C380
0 11 R 0x600E3C0
0 11 W 0x600E3C0
0 11 R 0x6000400
0 11 W 0x6000400
0 11 R 0x6002440
0 11 W 0x6002440
0 11 R 0x6004480
0 11 W 0x6004480
0 11 R 0x60064C0
0 11 W 0x60064C0
0 11 R 0x6008500
0 11 W 0x6008500
0 11 R 0x600A540
0 11 W 0x600A540
0 11 R 0x600C580
0 11 W 0x600C580
0 11 R 0x600E5C0
0 11 W 0x600E5C0
0 11 R 0x6000600
0 11 W 0x6000600
0 11 R 0x6002640
0 11 W 0x6002640
0 11 R 0x6004680
0 11 W 0x6004680
0 11 R 0x60066C0
0 11 W 0x60066C0
0 11 R 0x6008700
0 11 W 0x6008700
0 11 R 0x600A740
0 11 W 0x600A740
0 11 R 0x600C780
0 11 W 0x600C780
0 11 R 0x600E7C0
0 11 W 0x600E7C0
0 11 R 0x6000000
0 11 W 0x6000000
0 11 R 0x6002040
0 11 W 0x6002040
0 11 R 0x6004080
0 11 W 0x6004080
0 11 R 0x60060C0
0 11 W 0x60060C0
0 11 R 0x6008100
0 11 W 0x6008100
0 11 R 0x600A140
0 11 W 0x600A140
0 11 R 0x600C180
0 11 W 0x600C180
0 11 R 0x600E1C0
0 11 W 0x600E1C0
0 11 R 0x6000200
0 11 W 0x6000200
0 11 R 0x6002240
0 11 W 0x6002240
0 11 R 0x6004280
0 11 W 0x6004280
0 11 R 0x60062C0
0 11 W 0x60062C0
0 11 R 0x6008300
0 11 W 0x6008300
0 11 R 0x600A340
0 11 W 0x600A340
0 11 R 0x600C380
0 11 W 0x600C380
0 11 R 0x600E3C0
0 11 W 0x600E3C0
0 11 R 0x6000400
0 11 W 0x6000400
0 11 R 0x6002440
0 11 W 0x6002440
0 11 R 0x6004480
0 11 W 0x6004480
0 11 R 0x60064C0
0 11 W 0x60064C0
0 11 R 0x6008500
0 11 W 0x6008500
0 11 R 0x600A540
0 11 W 0x600A540
0 11 R 0x600C580
0 11 W 0x600C580
0 11 R 0x600E5C0
0 11 W 0x600E5C0
0 11 R 0x6000600
0 11 W 0x6000600
0 11 R 0x6002640
0 11 W 0x6002640
0 11 R 0x6004680
0 11 W 0x6004680
0 11 R 0x60066C0
0 11 W 0x60066C0
0 11 R 0x6008700
0 11 W 0x6008700
0 11 R 0x600A740
0 11 W 0x600A740
0 11 R 0x600C780
0 11 W 0x600C780
0 11 R 0x600E7C0
0 11 W 0x600E7C0
0 11 R 0x6000000
0 11 W 0x6000000
0 11 R 0x6002040
0 11 W 0x6002040
0 11 R 0x6004080
0 11 W 0x6004080
0 11 R 0x60060C0
0 11 W 0x60060C0
0 11 R 0x6008100
0 11 W 0x6008100
0 11 R 0x600A140
0 11 W 0x600A140
0 11 R 0x600C180
0 11 W 0x600C180
0 11 R 0x600E1C0
0 11 W 0x600E1C0
0 11 R 0x6000200
0 11 W 0x6000200
0 11 R 0x6002240
0 11 W 0x6002240
0 11 R 0x6004280
0 11 W 0x6004280
0 11 R 0x60062C0
0 11 W 0x60062C0
0 11 R 0x6008300
0 11 W 0x6008300
0 11 R 0x600A340
0 11 W 0x600A340
0 11 R 0x600C380
0 11 W 0x600C380
0 11 R 0x600E3C0
0 11 W 0x600E3C0
0 11 R 0x6000400
0 11 W 0x6000400
0 11 R 0x6002440
0 11 W 0x6002440
0 11 R 0x6004480
0 11 W 0x6004480
0 11 R 0x60064C0
0 11 W 0x60064C0
0 11 R 0x6008500
0 11 W 0x6008500
0 11 R 0x600A540
0 11 W 0x600A540
0 11 R 0x600C580
0 11 W 0x600C580
0 11 R 0x600E5C0
0 11 W 0x600E5C0
0 11 R 0x6000600
0 11 W 0x6000600
0 11 R 0x6002640
0 11 W 0x6002640
0 11 R 0x6004680
0 11 W 0x6004680
0 11 R 0x60066C0
0 11 W 0x60066C0
0 11 R 0x6008700
0 11 W 0x6008700
0 11 R 0x600A740
0 11 W 0x600A740
0 11 R 0x600C780
0 11 W 0x600C780
0 11 R 0x600E7C0
0 11 W 0x600E7C0
0 11 R 0x6000000
0 11 W 0x6000000
0 11 R 0x6002040
0 11 W 0x6002040
0 11 R 0x6004080
0 11 W 0x6004080
0 11 R 0x60060C0
0 11 W 0x60060C0
0 11 R 0x6008100
0 11 W 0x6008100
0 11 R 0x600A140
0 11 W 0x600A140
0 11 R 0x600C180
0 11 W 0x600C180
0 11 R 0x600E1C0
0 11 W 0x600E1C0
0 11 R 0x6000200
0 11 W 0x6000200
0 11 R 0x6002240
0 11 W 0x6002240
0 11 R 0x6004280
0 11 W 0x6004280
0 11 R 0x60062C0
0 11 W 0x60062C0
0 11 R 0x6008300
0 11 W 0x6008300
0 11 R 0x600A340
0 11 W 0x600A340
0 11 R 0x600C380
0 11 W 0x600C380
0 11 R 0x600E3C0
0 11 W 0x600E3C0
0 11 R 0x6000400
0 11 W 0x6000400
0 11 R 0x6002440
0 11 W 0x6002440
0 11 R 0x6004480
0 11 W 0x6004480
0 11 R 0x60064C0
0 11 W 0x60064C0
0 11 R 0x6008500
0 11 W 0x6008500
0 11 R 0x600A540
0 11 W 0x600A540
0 11 R 0x600C580
0 11 W 0x600C580
0 11 R 0x600E5C0
0 11 W 0x600E5C0
0 11 R 0x6000600
0 11 W 0x6000600
0 11 R 0x6002640
0 11 W 0x6002640
0 11 R 0x6004680
0 11 W 0x6004680
0 11 R 0x60066C0
0 11 W 0x60066C0
0 11 R 0x6008700
0 11 W 0x6008700
0 11 R 0x600A740
0 11 W 0x600A740
0 11 R 0x600C780
0 11 W 0x600C780
0 11 R 0x600E7C0
0 11 W 0x600E7C0
0 11 R 0x6000000
0 11 W 0x6000000
0 11 R 0x6002040
0 11 W 0x6002040
0 11 R 0x6004080
0 11 W 0x6004080
0 11 R 0x60060C0
0 11 W 0x60060C0
0 11 R 0x6008100
0 11 W 0x6008100
0 11 R 0x600A140
0 11 W 0x600A140
0 11 R 0x600C180
0 11 W 0x600C180
0 11 R 0x600E1C0
0 11 W 0x600E1C0
0 11 R 0x6000200
0 11 W 0x6000200
0 11 R 0x6002240
0 11 W 0x6002240
0 11 R 0x6004280
0 11 W 0x6004280
0 11 R 0x60062C0
0 11 W 0x60062C0
0 11 R 0x6008300
0 11 W 0x6008300
0 11 R 0x600A340
0 11 W 0x600A340
0 11 R 0x600C380
0 11 W 0x600C380
0 11 R 0x600E3C0
0 11 W 0x600E3C0
0 11 R 0x6000400
0 11 W 0x6000400
0 11 R 0x6002440
0 11 W 0x6002440
0 11 R 0x6004480
0 11 W 0x6004480
0 11 R 0x60064C0
0 11 W 0x60064C0
0 11 R 0x6008500
0 11 W 0x6008500
0 11 R 0x600A540
0 11 W 0x600A540
0 11 R 0x600C580
0 11 W 0x600C580
0 11 R 0x600E5C0
0 11 W 0x600E5C0
0 11 R 0x6000600
0 11 W 0x6000600
0 11 R 0x6002640
0 11 W 0x6002640
0 11 R 0x6004680
0 11 W 0x6004680
0 11 R 0x60066C0
0 11 W 0x60066C0
0 11 R 0x6008700
0 11 W 0x6008700
0 11 R 0x600A740
0 11 W 0x600A740
0 11 R 0x600C780
0 11 W 0x600C780
0 11 R 0x600E7C0
0 11 W 0x600E7C0
0 11 R 0x6000000
0 11 W 0x6000000
0 11 R 0x6002040
0 11 W 0x6002040
0 11 R 0x6004080
0 11 W 0x6004080
0 11 R 0x60060C0
0 11 W 0x60060C0
0 11 R 0x6008100
0 11 W 0x6008100
0 11 R 0x600A140
0 11 W 0x600A140
0 11 R 0x600C180
0 11 W 0x600C180
0 11 R 0x600E1C0
0 11 W 0x600E1C0
0 11 R 0x6000200
0 11 W 0x6000200
0 11 R 0x6002240
0 11 W 0x6002240
0 11 R 0x6004280
0 11 W 0x6004280
0 12 R 0x6008300
0 12 W 0x6008300
0 12 R 0x600A340
0 12 W 0x600A340
0 12 R 0x600C380
0 12 W 0x600C380
0 12 R 0x600E3C0
0 12 W 0x600E3C0
0 12 R 0x6000400
0 12 W 0x6000400
0 12 R 0x6002440
0 12 W 0x6002440
0 12 R 0x6004480
0 12 W 0x6004480
0 12 R 0x60064C0
0 12 W 0x60064C0
0 12 R 0x6008500
0 12 W 0x6008500
0 12 R 0x600A540
0 12 W 0x600A540
0 12 R 0x600C580
0 12 W 0x600C580
0 12 R 0x600E5C0
0 12 W 0x600E5C0
0 12 R 0x6000600
0 12 W 0x6000600
0 12 R 0x6002640
0 12 W 0x6002640
0 12 R 0x6004680
0 12 W 0x6004680
0 12 R 0x60066C0
0 12 W 0x60066C0
0 12 R 0x6008700
0 12 W 0x6008700
0 12 R 0x600A740
0 12 W 0x600A740
0 12 R 0x600C780
0 12 W 0x600C780
0 12 R 0x600E7C0
0 12 W 0x600E7C0
0 12 R 0x6000000
0 12 W 0x6000000
0 12 R 0x6002040
0 12 W 0x6002040
0 12 R 0x6004080
0 12 W 0x6004080
0 12 R 0x60060C0
0 12 W 0x60060C0
0 12 R 0x6008100
0 12 W 0x6008100
0 12 R 0x600A140
0 12 W 0x600A140
0 12 R 0x600C180
0 12 W 0x600C180
0 12 R 0x600E1C0
0 12 W 0x600E1C0
0 12 R 0x6000200
0 12 W 0x6000200
0 12 R 0x6002240
0 12 W 0x6002240
0 12 R 0x6004280
0 12 W 0x6004280
0 12 R 0x60062C0
0 12 W 0x60062C0
0 12 R 0x6008300
0 12 W 0x6008300
0 12 R 0x600A340
0 12 W 0x600A340
0 12 R 0x600C380
0 12 W 0x600C380
0 12 R 0x600E3C0
0 12 W 0x600E3C0
0 12 R 0x6000400
0 12 W 0x6000400
0 12 R 0x6002440
0 12 W 0x6002440
0 12 R 0x6004480
0 12 W 0x6004480
0 12 R 0x60064C0
0 12 W 0x60064C0
0 12 R 0x6008500
0 12 W 0x6008500
0 12 R 0x600A540
0 12 W 0x600A540
0 12 R 0x600C580
0 12 W 0x600C580
0 12 R 0x600E5C0
0 12 W 0x600E5C0
0 12 R 0x6000600
0 12 W 0x6000600
0 12 R 0x6002640
0 12 W 0x6002640
0 12 R 0x6004680
0 12 W 0x6004680
0 12 R 0x60066C0
0 12 W 0x60066C0
0 12 R 0x6008700
0 12 W 0x6008700
0 12 R 0x600A740
0 12 W 0x600A740
0 12 R 0x600C780
0 12 W 0x600C780
0 12 R 0x600E7C0
0 12 W 0x600E7C0
0 12 R 0x6000000
0 12 W 0x6000000
0 12 R 0x6002040
0 12 W 0x6002040
0 12 R 0x6004080
0 12 W 0x6004080
0 12 R 0x60060C0
0 12 W 0x60060C0
0 12 R 0x6008100
0 12 W 0x6008100
0 12 R 0x600A140
0 12 W 0x600A140
0 12 R 0x600C180
0 12 W 0x600C180
0 12 R 0x600E1C0
0 12 W 0x600E1C0
0 12 R 0x6000200
0 12 W 0x6000200
0 12 R 0x6002240
0 12 W 0x6002240
0 12 R 0x6004280
0 12 W 0x6004280
0 12 R 0x60062C0
0 12 W 0x60062C0
0 12 R 0x6008300
0 12 W 0x6008300
0 12 R 0x600A340
0 12 W 0x600A340
0 12 R 0x600C380
0 12 W 0x600C380
0 12 R 0x600E3C0
0 12 W 0x600E3C0
0 12 R 0x6000400
0 12 W 0x6000400
0 12 R 0x6002440
0 12 W 0x6002440
0 12 R 0x6004480
0 12 W 0x6004480
0 12 R 0x60064C0
0 12 W 0x60064C0
0 12 R 0x6008500
0 12 W 0x6008500
0 12 R 0x600A540
0 12 W 0x600A540
0 12 R 0x600C580
0 12 W 0x600C580
0 12 R 0x600E5C0
0 12 W 0x600E5C0
0 12 R 0x6000600
0 12 W 0x6000600
0 12 R 0x6002640
0 12 W 0x6002640
0 12 R 0x6004680
0 12 W 0x6004680
0 12 R 0x60066C0
0 12 W 0x60066C0
0 12 R 0x6008700
0 12 W 0x6008700
0 12 R 0x600A740
0 12 W 0x600A740
0 12 R 0x600C780
0 12 W 0x600C780
0 12 R 0x600E7C0
0 12 W 0x600E7C0
0 12 R 0x6000000
0 12 W 0x6000000
0 12 R 0x6002040
0 12 W 0x6002040
0 12 R 0x6004080
0 12 W 0x6004080
0 12 R 0x60060C0
0 12 W 0x60060C0
0 12 R 0x6008100
0 12 W 0x6008100
0 12 R 0x600A140
0 12 W 0x600A140
0 12 R 0x600C180
0 12 W 0x600C180
0 12 R 0x600E1C0
0 12 W 0x600E1C0
0 12 R 0x6000200
0 12 W 0x6000200
0 12 R 0x6002240
0 12 W 0x6002240
0 12 R 0x6004280
0 12 W 0x6004280
0 12 R 0x60062C0
0 12 W 0x60062C0
0 12 R 0x6008300
0 12 W 0x6008300
0 12 R 0x600A340
0 12 W 0x600A340
0 12 R 0x600C380
0 12 W 0x600C380
0 12 R 0x600E3C0
0 12 W 0x600E3C0
0 12 R 0x6000400
0 12 W 0x6000400
0 12 R 0x6002440
0 12 W 0x6002440
0 12 R 0x6004480
0 12 W 0x6004480
0 12 R 0x60064C0
0 12 W 0x60064C0
0 12 R 0x6008500
0 12 W 0x6008500
0 12 R 0x600A540
0 12 W 0x600A540
0 12 R 0x600C580
0 12 W 0x600C580
0 12 R 0x600E5C0
0 12 W 0x600E5C0
0 12 R 0x6000600
0 12 W 0x6000600
0 12 R 0x6002640
0 12 W 0x6002640
0 12 R 0x6004680
0 12 W 0x6004680
0 12 R 0x60066C0
0 12 W 0x60066C0
0 12 R 0x6008700
0 12 W 0x6008700
0 12 R 0x600A740
0 12 W 0x600A740
0 12 R 0x600C780
0 12 W 0x600C780
0 12 R 0x600E7C0
0 12 W 0x600E7C0
0 12 R 0x6000000
0 12 W 0x6000000
0 12 R 0x6002040
0 12 W 0x6002040
0 12 R 0x6004080
0 12 W 0x6004080
0 12 R 0x60060C0
0 12 W 0x60060C0
0 12 R 0x6008100
0 12 W 0x6008100
0 12 R 0x600A140
0 12 W 0x600A140
0 12 R 0x600C180
0 12 W 0x600C180
0 12 R 0x600E1C0
0 12 W 0x600E1C0
0 12 R 0x6000200
0 12 W 0x6000200
0 12 R 0x6002240
0 12 W 0x6002240
0 12 R 0x6004280
0 12 W 0x6004280
0 12 R 0x60062C0
0 12 W 0x60062C0
0 12 R 0x6008300
0 12 W 0x6008300
0 12 R 0x600A340
0 12 W 0x600A340
0 12 R 0x600C380
0 12 W 0x600C380
0 12 R 0x600E3C0
0 12 W 0x600E3C0
0 12 R 0x6000400
0 12 W 0x6000400
0 12 R 0x6002440
0 12 W 0x6002440
0 12 R 0x6004480
0 12 W 0x6004480
0 12 R 0x60064C0
0 12 W 0x60064C0
0 12 R 0x6008500
0 12 W 0x6008500
0 12 R 0x600A540
0 12 W 0x600A540
0 12 R 0x600C580
0 12 W 0x600C580
0 12 R 0x600E5C0
0 12 W 0x600E5C0
0 12 R 0x6000600
0 12 W 0x6000600
0 12 R 0x6002640
0 12 W 0x6002640
0 12 R 0x6004680
0 12 W 0x6004680
0 12 R 0x60066C0
0 12 W 0x60066C0
0 12 R 0x6008700
0 12 W 0x6008700
0 12 R 0x600A740
0 12 W 0x600A740
0 12 R 0x600C780
0 12 W 0x600C780
0 12 R 0x600E7C0
0 12 W 0x600E7C0
0 12 R 0x6000000
0 12 W 0x6000000
0 12 R 0x6002040
0 12 W 0x6002040
0 12 R 0x6004080
0 12 W 0x6004080
0 12 R 0x60060C0
0 12 W 0x60060C0
0 12 R 0x6008100
0 12 W 0x6008100
0 12 R 0x600A140
0 12 W 0x600A140
0 12 R 0x600C180
0 12 W 0x600C180
0 12 R 0x600E1C0
0 12 W 0x600E1C0
0 12 R 0x6000200
0 12 W 0x6000200
0 12 R 0x6002240
0 12 W 0x6002240
0 12 R 0x6004280
0 12 W 0x6004280
0 12 R 0x60062C0
0 12 W 0x60062C0
0 12 R 0x6008300
0 12 W 0x6008300
0 12 R 0x600A340
0 12 W 0x600A340
0 12 R 0x600C380
0 12 W 0x600C380
0 12 R 0x600E3C0
0 12 W 0x600E3C0
0 12 R 0x6000400
0 12 W 0x6000400
0 12 R 0x6002440
0 12 W 0x6002440
0 12 R 0x6004480
0 12 W 0x6004480
0 12 R 0x60064C0
0 12 W 0x60064C0
0 12 R 0x6008500
0 12 W 0x6008500
0 12 R 0x600A540
0 12 W 0x600A540
0 12 R 0x600C580
0 12 W 0x600C580
0 12 R 0x600E5C0
0 12 W 0x600E5C0
0 12 R 0x6000600
0 12 W 0x6000600
0 12 R 0x6002640
0 12 W 0x6002640
0 12 R 0x6004680
0 12 W 0x6004680
0 12 R 0x60066C0
0 12 W 0x60066C0
0 12 R 0x6008700
0 12 W 0x6008700
0 12 R 0x600A740
0 12 W 0x600A740
0 12 R 0x600C780
0 12 W 0x600C780
0 12 R 0x600E7C0
0 12 W 0x600E7C0
0 12 R 0x6000000
0 12 W 0x6000000
0 12 R 0x6002040
0 12 W 0x6002040
0 12 R 0x6004080
0 12 W 0x6004080
0 12 R 0x60060C0
0 12 W 0x60060C0
0 12 R 0x6008100
0 12 W 0x6008100
0 12 R 0x600A140
0 12 W 0x600A140
0 12 R 0x600C180
0 12 W 0x600C180
0 12 R 0x600E1C0
0 12 W 0x600E1C0
0 12 R 0x6000200
0 12 W 0x6000200
0 12 R 0x6002240
0 12 W 0x6002240
0 12 R 0x6004280
0 12 W 0x6004280
0 12 R 0x60062C0
0 12 W 0x60062C0
0 12 R 0x6008300
0 12 W 0x6008300
0 12 R 0x600A340
0 12 W 0x600A340
0 12 R 0x600C380
0 12 W 0x600C380
0 12 R 0x600E3C0
0 12 W 0x600E3C0
0 12 R 0x6000400
0 12 W 0x6000400
0 12 R 0x6002440
0 12 W 0x6002440
0 12 R 0x6004480
0 12 W 0x6004480
0 12 R 0x60064C0
0 12 W 0x60064C0
0 12 R 0x6008500
0 12 W 0x6008500
0 12 R 0x600A540
0 12 W 0x600A540
0 12 R 0x600C580
0 12 W 0x600C580
0 12 R 0x600E5C0
0 12 W 0x600E5C0
0 12 R 0x6000600
0 12 W 0x6000600
0 12 R 0x6002640
0 12 W 0x6002640
0 12 R 0x6004680
0 12 W 0x6004680
0 12 R 0x60066C0
0 12 W 0x60066C0
0 12 R 0x6008700
0 12 W 0x6008700
0 12 R 0x600A740
0 12 W 0x600A740
0 12 R 0x600C780
0 12 W 0x600C780
0 12 R 0x600E7C0
0 12 W 0x600E7C0
0 12 R 0x6000000
0 12 W 0x6000000
0 12 R 0x6002040
0 12 W 0x6002040
0 12 R 0x6004080
0 12 W 0x6004080
0 12 R 0x60060C0
0 12 W 0x60060C0
0 12 R 0x6008100
0 12 W 0x6008100
0 12 R 0x600A140
0 12 W 0x600A140
0 12 R 0x600C180
0 12 W 0x600C180
0 12 R 0x600E1C0
0 12 W 0x600E1C0
0 12 R 0x6000200
0 12 W 0x6000200
0 12 R 0x6002240
0 12 W 0x6002240
0 12 R 0x6004280
0 12 W 0x6004280
0 12 R 0x60062C0
0 12 W 0x60062C0
0 12 R 0x6008300
0 12 W 0x6008300
0 12 R 0x600A340
0 12 W 0x600A340
0 12 R 0x600C380
0 12 W 0x600C380
0 12 R 0x600E3C0
0 12 W 0x600E3C0
0 12 R 0x6000400
0 12 W 0x6000400
0 12 R 0x6002440
0 12 W 0x6002440
0 12 R 0x6004480
0 12 W 0x6004480
0 12 R 0x60064C0
0 12 W 0x60064C0
0 12 R 0x6008500
0 12 W 0x6008500
0 12 R 0x600A540
0 12 W 0x600A540
0 12 R 0x600C580
0 12 W 0x600C580
0 12 R 0x600E5C0
0 12 W 0x600E5C0
0 12 R 0x6000600
0 12 W 0x6000600
0 12 R 0x6002640
0 12 W 0x6002640
0 12 R 0x6004680
0 12 W 0x6004680
0 12 R 0x60066C0
0 12 W 0x60066C0
0 12 R 0x6008700
0 12 W 0x6008700
0 12 R 0x600A740
0 12 W 0x600A740
0 12 R 0x600C780
0 12 W 0x600C780
0 12 R 0x600E7C0
0 12 W 0x600E7C0
0 12 R 0x6000000
0 12 W 0x6000000
0 12 R 0x6002040
0 12 W 0x6002040
0 12 R 0x6004080
0 12 W 0x6004080
0 12 R 0x60060C0
0 12 W 0x60060C0
0 12 R 0x6008100
0 12 W 0x6008100
0 12 R 0x600A140
0 12 W 0x600A140
0 12 R 0x600C180
0 12 W 0x600C180
0 12 R 0x600E1C0
0 12 W 0x600E1C0
0 12 R 0x6000200
0 12 W 0x6000200
0 12 R 0x6002240
0 12 W 0x6002240
0 12 R 0x6004280
0 12 W 0x6004280
0 12 R 0x60062C0
0 12 W 0x60062C0
0 13 R 0x600A340
0 13 W 0x600A340
0 13 R 0x600C380
0 13 W 0x600C380
0 13 R 0x600E3C0
0 13 W 0x600E3C0
0 13 R 0x6000400
0 13 W 0x6000400
0 13 R 0x6002440
0 13 W 0x6002440
0 13 R 0x6004480
0 13 W 0x6004480
0 13 R 0x60064C0
0 13 W 0x60064C0
0 13 R 0x6008500
0 13 W 0x6008500
0 13 R 0x600A540
0 13 W 0x600A540
0 13 R 0x600C580
0 13 W 0x600C580
0 13 R 0x600E5C0
0 13 W 0x600E5C0
0 13 R 0x6000600
0 13 W 0x6000600
0 13 R 0x6002640
0 13 W 0x6002640
0 13 R 0x6004680
0 13 W 0x6004680
0 13 R 0x60066C0
0 13 W 0x60066C0
0 13 R 0x6008700
0 13 W 0x6008700
0 13 R 0x600A740
0 13 W 0x600A740
0 13 R 0x600C780
0 13 W 0x600C780
0 13 R 0x600E7C0
0 13 W 0x600E7C0
0 13 R 0x6000000
0 13 W 0x6000000
0 13 R 0x6002040
0 13 W 0x6002040
0 13 R 0x6004080
0 13 W 0x6004080
0 13 R 0x60060C0
0 13 W 0x60060C0
0 13 R 0x6008100
0 13 W 0x6008100
0 13 R 0x600A140
0 13 W 0x600A140
0 13 R 0x600C180
0 13 W 0x600C180
0 13 R 0x600E1C0
0 13 W 0x600E1C0
0 13 R 0x6000200
0 13 W 0x6000200
0 13 R 0x6002240
0 13 W 0x6002240
0 13 R 0x6004280
0 13 W 0x6004280
0 13 R 0x60062C0
0 13 W 0x60062C0
0 13 R 0x6008300
0 13 W 0x6008300
0 13 R 0x600A340
0 13 W 0x600A340
0 13 R 0x600C380
0 13 W 0x600C380
0 13 R 0x600E3C0
0 13 W 0x600E3C0
0 13 R 0x6000400
0 13 W 0x6000400
0 13 R 0x6002440
0 13 W 0x6002440
0 13 R 0x6004480
0 13 W 0x6004480
0 13 R 0x60064C0
0 13 W 0x60064C0
0 13 R 0x6008500
0 13 W 0x6008500
0 13 R 0x600A540
0 13 W 0x600A540
0 13 R 0x600C580
0 13 W 0x600C580
0 13 R 0x600E5C0
0 13 W 0x600E5C0
0 13 R 0x6000600
0 13 W 0x6000600
0 13 R 0x6002640
0 13 W 0x6002640
0 13 R 0x6004680
0 13 W 0x6004680
0 13 R 0x60066C0
0 13 W 0x60066C0
0 13 R 0x6008700
0 13 W 0x6008700
0 13 R 0x600A740
0 13 W 0x600A740
0 13 R 0x600C780
0 13 W 0x600C780
0 13 R 0x600E7C0
0 13 W 0x600E7C0
0 13 R 0x6000000
0 13 W 0x6000000
0 13 R 0x6002040
0 13 W 0x6002040
0 13 R 0x6004080
0 13 W 0x6004080
0 13 R 0x60060C0
0 13 W 0x60060C0
0 13 R 0x6008100
0 13 W 0x6008100
0 13 R 0x600A140
0 13 W 0x600A140
0 13 R 0x600C180
0 13 W 0x600C180
0 13 R 0x600E1C0
0 13 W 0x600E1C0
0 13 R 0x6000200
0 13 W 0x6000200
0 13 R 0x6002240
0 13 W 0x6002240
0 13 R 0x6004280
0 13 W 0x6004280
0 13 R 0x60062C0
0 13 W 0x60062C0
0 13 R 0x6008300
0 13 W 0x6008300
0 13 R 0x600A340
0 13 W 0x600A340
0 13 R 0x600C380
0 13 W 0x600C380
0 13 R 0x600E3C0
0 13 W 0x600E3C0
0 13 R 0x6000400
0 13 W 0x6000400
0 13 R 0x6002440
0 13 W 0x6002440
0 13 R 0x6004480
0 13 W 0x6004480
0 13 R 0x60064C0
0 13 W 0x60064C0
0 13 R 0x6008500
0 13 W 0x6008500
0 13 R 0x600A540
0 13 W 0x600A540
0 13 R 0x600C580
0 13 W 0x600C580
0 13 R 0x600E5C0
0 13 W 0x600E5C0
0 13 R 0x6000600
0 13 W 0x6000600
0 13 R 0x6002640
0 13 W 0x6002640
0 13 R 0x6004680
0 13 W 0x6004680
0 13 R 0x60066C0
0 13 W 0x60066C0
0 13 R 0x6008700
0 13 W 0x6008700
0 13 R 0x600A740
0 13 W 0x600A740
0 13 R 0x600C780
0 13 W 0x600C780
0 13 R 0x600E7C0
0 13 W 0x600E7C0
0 13 R 0x6000000
0 13 W 0x6000000
0 13 R 0x6002040
0 13 W 0x6002040
0 13 R 0x6004080
0 13 W 0x6004080
0 13 R 0x60060C0
0 13 W 0x60060C0
0 13 R 0x6008100
0 13 W 0x6008100
0 13 R 0x600A140
0 13 W 0x600A140
0 13 R 0x600C180
0 13 W 0x600C180
0 13 R 0x600E1C0
0 13 W 0x600E1C0
0 13 R 0x6000200
0 13 W 0x6000200
0 13 R 0x6002240
0 13 W 0x6002240
0 13 R 0x6004280
0 13 W 0x6004280
0 13 R 0x60062C0
0 13 W 0x60062C0
0 13 R 0x6008300
0 13 W 0x6008300
0 13 R 0x600A340
0 13 W 0x600A340
0 13 R 0x600C380
0 13 W 0x600C380
0 13 R 0x600E3C0
0 13 W 0x600E3C0
0 13 R 0x6000400
0 13 W 0x6000400
0 13 R 0x6002440
0 13 W 0x6002440
0 13 R 0x6004480
0 13 W 0x6004480
0 13 R 0x60064C0
0 13 W 0x60064C0
0 13 R 0x6008500
0 13 W 0x6008500
0 13 R 0x600A540
0 13 W 0x600A540
0 13 R 0x600C580
0 13 W 0x600C580
0 13 R 0x600E5C0
0 13 W 0x600E5C0
0 13 R 0x6000600
0 13 W 0x6000600
0 13 R 0x6002640
0 13 W 0x6002640
0 13 R 0x6004680
0 13 W 0x6004680
0 13 R 0x60066C0
0 13 W 0x60066C0
0 13 R 0x6008700
0 13 W 0x6008700
0 13 R 0x600A740
0 13 W 0x600A740
0 13 R 0x600C780
0 13 W 0x600C780
0 13 R 0x600E7C0
0 13 W 0x600E7C0
0 13 R 0x6000000
0 13 W 0x6000000
0 13 R 0x6002040
0 13 W 0x6002040
0 13 R 0x6004080
0 13 W 0x6004080
0 13 R 0x60060C0
0 13 W 0x60060C0
0 13 R 0x6008100
0 13 W 0x6008100
0 13 R 0x600A140
0 13 W 0x600A140
0 13 R 0x600C180
0 13 W 0x600C180
0 13 R 0x600E1C0
0 13 W 0x600E1C0
0 13 R 0x6000200
0 13 W 0x6000200
0 13 R 0x6002240
0 13 W 0x6002240
0 13 R 0x6004280
0 13 W 0x6004280
0 13 R 0x60062C0
0 13 W 0x60062C0
0 13 R 0x6008300
0 13 W 0x6008300
0 13 R 0x600A340
0 13 W 0x600A340
0 13 R 0x600C380
0 13 W 0x600C380
0 13 R 0x600E3C0
0 13 W 0x600E3C0
0 13 R 0x6000400
0 13 W 0x6000400
0 13 R 0x6002440
0 13 W 0x6002440
0 13 R 0x6004480
0 13 W 0x6004480
0 13 R 0x60064C0
0 13 W 0x60064C0
0 13 R 0x6008500
0 13 W 0x6008500
0 13 R 0x600A540
0 13 W 0x600A540
0 13 R 0x600C580
0 13 W 0x600C580
0 13 R 0x600E5C0
0 13 W 0x600E5C0
0 13 R 0x6000600
0 13 W 0x6000600
0 13 R 0x6002640
0 13 W 0x6002640
0 13 R 0x6004680
0 13 W 0x6004680
0 13 R 0x60066C0
0 13 W 0x60066C0
0 13 R 0x6008700
0 13 W 0x6008700
0 13 R 0x600A740
0 13 W 0x600A740
0 13 R 0x600C780
0 13 W 0x600C780
0 13 R 0x600E7C0
0 13 W 0x600E7C0
0 13 R 0x6000000
0 13 W 0x6000000
0 13 R 0x6002040
0 13 W 0x6002040
0 13 R 0x6004080
0 13 W 0x6004080
0 13 R 0x60060C0
0 13 W 0x60060C0
0 13 R 0x6008100
0 13 W 0x6008100
0 13 R 0x600A140
0 13 W 0x600A140
0 13 R 0x600C180
0 13 W 0x600C180
0 13 R 0x600E1C0
0 13 W 0x600E1C0
0 13 R 0x6000200
0 13 W 0x6000200
0 13 R 0x6002240
0 13 W 0x6002240
0 13 R 0x6004280
0 13 W 0x6004280
0 13 R 0x60062C0
0 13 W 0x60062C0
0 13 R 0x6008300
0 13 W 0x6008300
0 13 R 0x600A340
0 13 W 0x600A340
0 13 R 0x600C380
0 13 W 0x600C380
0 13 R 0x600E3C0
0 13 W 0x600E3C0
0 13 R 0x6000400
0 13 W 0x6000400
0 13 R 0x6002440
0 13 W 0x6002440
0 13 R 0x6004480
0 13 W 0x6004480
0 13 R 0x60064C0
0 13 W 0x60064C0
0 13 R 0x6008500
0 13 W 0x6008500
0 13 R 0x600A540
0 13 W 0x600A540
0 13 R 0x600C580
0 13 W 0x600C580
0 13 R 0x600E5C0
0 13 W 0x600E5C0
0 13 R 0x6000600
0 13 W 0x6000600
0 13 R 0x6002640
0 13 W 0x6002640
0 13 R 0x6004680
0 13 W 0x6004680
0 13 R 0x60066C0
0 13 W 0x60066C0
0 13 R 0x6008700
0 13 W 0x6008700
0 13 R 0x600A740
0 13 W 0x600A740
0 13 R 0x600C780
0 13 W 0x600C780
0 13 R 0x600E7C0
0 13 W 0x600E7C0
0 13 R 0x6000000
0 13 W 0x6000000
0 13 R 0x6002040
0 13 W 0x6002040
0 13 R 0x6004080
0 13 W 0x6004080
0 13 R 0x60060C0
0 13 W 0x60060C0
0 13 R 0x6008100
0 13 W 0x6008100
0 13 R 0x600A140
0 13 W 0x600A140
0 13 R 0x600C180
0 13 W 0x600C180
0 13 R 0x600E1C0
0 13 W 0x600E1C0
0 13 R 0x6000200
0 13 W 0x6000200
0 13 R 0x6002240
0 13 W 0x6002240
0 13 R 0x6004280
0 13 W 0x6004280
0 13 R 0x60062C0
0 13 W 0x60062C0
0 13 R 0x6008300
0 13 W 0x6008300
0 13 R 0x600A340
0 13 W 0x600A340
0 13 R 0x600C380
0 13 W 0x600C380
0 13 R 0x600E3C0
0 13 W 0x600E3C0
0 13 R 0x6000400
0 13 W 0x6000400
0 13 R 0x6002440
0 13 W 0x6002440
0 13 R 0x6004480
0 13 W 0x6004480
0 13 R 0x60064C0
0 13 W 0x60064C0
0 13 R 0x6008500
0 13 W 0x6008500
0 13 R 0x600A540
0 13 W 0x600A540
0 13 R 0x600C580
0 13 W 0x600C580
0 13 R 0x600E5C0
0 13 W 0x600E5C0
0 13 R 0x6000600
0 13 W 0x6000600
0 13 R 0x6002640
0 13 W 0x6002640
0 13 R 0x6004680
0 13 W 0x6004680
0 13 R 0x60066C0
0 13 W 0x60066C0
0 13 R 0x6008700
0 13 W 0x6008700
0 13 R 0x600A740
0 13 W 0x600A740
0 13 R 0x600C780
0 13 W 0x600C780
0 13 R 0x600E7C0
0 13 W 0x600E7C0
0 13 R 0x6000000
0 13 W 0x6000000
0 13 R 0x6002040
0 13 W 0x6002040
0 13 R 0x6004080
0 13 W 0x6004080
0 13 R 0x60060C0
0 13 W 0x60060C0
0 13 R 0x6008100
0 13 W 0x6008100
0 13 R 0x600A140
0 13 W 0x600A140
0 13 R 0x600C180
0 13 W 0x600C180
0 13 R 0x600E1C0
0 13 W 0x600E1C0
0 13 R 0x6000200
0 13 W 0x6000200
0 13 R 0x6002240
0 13 W 0x6002240
0 13 R 0x6004280
0 13 W 0x6004280
0 13 R 0x60062C0
0 13 W 0x60062C0
0 13 R 0x6008300
0 13 W 0x6008300
0 13 R 0x600A340
0 13 W 0x600A340
0 13 R 0x600C380
0 13 W 0x600C380
0 13 R 0x600E3C0
0 13 W 0x600E3C0
0 13 R 0x6000400
0 13 W 0x6000400
0 13 R 0x6002440
0 13 W 0x6002440
0 13 R 0x6004480
0 13 W 0x6004480
0 13 R 0x60064C0
0 13 W 0x60064C0
0 13 R 0x6008500
0 13 W 0x6008500
0 13 R 0x600A540
0 13 W 0x600A540
0 13 R 0x600C580
0 13 W 0x600C580
0 13 R 0x600E5C0
0 13 W 0x600E5C0
0 13 R 0x6000600
0 13 W 0x6000600
0 13 R 0x6002640
0 13 W 0x6002640
0 13 R 0x6004680
0 13 W 0x6004680
0 13 R 0x60066C0
0 13 W 0x60066C0
0 13 R 0x6008700
0 13 W 0x6008700
0 13 R 0x600A740
0 13 W 0x600A740
0 13 R 0x600C780
0 13 W 0x600C780
0 13 R 0x600E7C0
0 13 W 0x600E7C0
0 13 R 0x6000000
0 13 W 0x6000000
0 13 R 0x6002040
0 13 W 0x6002040
0 13 R 0x6004080
0 13 W 0x6004080
0 13 R 0x60060C0
0 13 W 0x60060C0
0 13 R 0x6008100
0 13 W 0x6008100
0 13 R 0x600A140
0 13 W 0x600A140
0 13 R 0x600C180
0 13 W 0x600C180
0 13 R 0x600E1C0
0 13 W 0x600E1C0
0 13 R 0x6000200
0 13 W 0x6000200
0 13 R 0x6002240
0 13 W 0x6002240
0 13 R 0x6004280
0 13 W 0x6004280
0 13 R 0x60062C0
0 13 W 0x60062C0
0 13 R 0x6008300
0 13 W 0x6008300
0 14 R 0x600C380
0 14 W 0x600C380
0 14 R 0x600E3C0
0 14 W 0x600E3C0
0 14 R 0x6000400
0 14 W 0x6000400
0 14 R 0x6002440
0 14 W 0x6002440
0 14 R 0x6004480
0 14 W 0x6004480
0 14 R 0x60064C0
0 14 W 0x60064C0
0 14 R 0x6008500
0 14 W 0x6008500
0 14 R 0x600A540
0 14 W 0x600A540
0 14 R 0x600C580
0 14 W 0x600C580
0 14 R 0x600E5C0
0 14 W 0x600E5C0
0 14 R 0x6000600
0 14 W 0x6000600
0 14 R 0x6002640
0 14 W 0x6002640
0 14 R 0x6004680
0 14 W 0x6004680
0 14 R 0x60066C0
0 14 W 0x60066C0
0 14 R 0x6008700
0 14 W 0x6008700
0 14 R 0x600A740
0 14 W 0x600A740
0 14 R 0x600C780
0 14 W 0x600C780
0 14 R 0x600E7C0
0 14 W 0x600E7C0
0 14 R 0x6000000
0 14 W 0x6000000
0 14 R 0x6002040
0 14 W 0x6002040
0 14 R 0x6004080
0 14 W 0x6004080
0 14 R 0x60060C0
0 14 W 0x60060C0
0 14 R 0x6008100
0 14 W 0x6008100
0 14 R 0x600A140
0 14 W 0x600A140
0 14 R 0x600C180
0 14 W 0x600C180
0 14 R 0x600E1C0
0 14 W 0x600E1C0
0 14 R 0x6000200
0 14 W 0x6000200
0 14 R 0x6002240
0 14 W 0x6002240
0 14 R 0x6004280
0 14 W 0x6004280
0 14 R 0x60062C0
0 14 W 0x60062C0
0 14 R 0x6008300
0 14 W 0x6008300
0 14 R 0x600A340
0 14 W 0x600A340
0 14 R 0x600C380
0 14 W 0x600C380
0 14 R 0x600E3C0
0 14 W 0x600E3C0
0 14 R 0x6000400
0 14 W 0x6000400
0 14 R 0x6002440
0 14 W 0x6002440
0 14 R 0x6004480
0 14 W 0x6004480
0 14 R 0x60064C0
0 14 W 0x60064C0
0 14 R 0x6008500
0 14 W 0x6008500
0 14 R 0x600A540
0 14 W 0x600A540
0 14 R 0x600C580
0 14 W 0x600C580
0 14 R 0x600E5C0
0 14 W 0x600E5C0
0 14 R 0x6000600
0 14 W 0x6000600
0 14 R 0x6002640
0 14 W 0x6002640
0 14 R 0x6004680
0 14 W 0x6004680
0 14 R 0x60066C0
0 14 W 0x60066C0
0 14 R 0x6008700
0 14 W 0x6008700
0 14 R 0x600A740
0 14 W 0x600A740
0 14 R 0x600C780
0 14 W 0x600C780
0 14 R 0x600E7C0
0 14 W 0x600E7C0
0 14 R 0x6000000
0 14 W 0x6000000
0 14 R 0x6002040
0 14 W 0x6002040
0 14 R 0x6004080
0 14 W 0x6004080
0 14 R 0x60060C0
0 14 W 0x60060C0
0 14 R 0x6008100
0 14 W 0x6008100
0 14 R 0x600A140
0 14 W 0x600A140
0 14 R 0x600C180
0 14 W 0x600C180
0 14 R 0x600E1C0
0 14 W 0x600E1C0
0 14 R 0x6000200
0 14 W 0x6000200
0 14 R 0x6002240
0 14 W 0x6002240
0 14 R 0x6004280
0 14 W 0x6004280
0 14 R 0x60062C0
0 14 W 0x60062C0
0 14 R 0x6008300
0 14 W 0x6008300
0 14 R 0x600A340
0 14 W 0x600A340
0 14 R 0x600C380
0 14 W 0x600C380
0 14 R 0x600E3C0
0 14 W 0x600E3C0
0 14 R 0x6000400
0 14 W 0x6000400
0 14 R 0x6002440
0 14 W 0x6002440
0 14 R 0x6004480
0 14 W 0x6004480
0 14 R 0x60064C0
0 14 W 0x60064C0
0 14 R 0x6008500
0 14 W 0x6008500
0 14 R 0x600A540
0 14 W 0x600A540
0 14 R 0x600C580
0 14 W 0x600C580
0 14 R 0x600E5C0
0 14 W 0x600E5C0
0 14 R 0x6000600
0 14 W 0x6000600
0 14 R 0x6002640
0 14 W 0x6002640
0 14 R 0x6004680
0 14 W 0x6004680
0 14 R 0x60066C0
0 14 W 0x60066C0
0 14 R 0x6008700
0 14 W 0x6008700
0 14 R 0x600A740
0 14 W 0x600A740
0 14 R 0x600C780
0 14 W 0x600C780
0 14 R 0x600E7C0
0 14 W 0x600E7C0
0 14 R 0x6000000
0 14 W 0x6000000
0 14 R 0x6002040
0 14 W 0x6002040
0 14 R 0x6004080
0 14 W 0x6004080
0 14 R 0x60060C0
0 14 W 0x60060C0
0 14 R 0x6008100
0 14 W 0x6008100
0 14 R 0x600A140
0 14 W 0x600A140
0 14 R 0x600C180
0 14 W 0x600C180
0 14 R 0x600E1C0
0 14 W 0x600E1C0
0 14 R 0x6000200
0 14 W 0x6000200
0 14 R 0x6002240
0 14 W 0x6002240
0 14 R 0x6004280
0 14 W 0x6004280
0 14 R 0x60062C0
0 14 W 0x60062C0
0 14 R 0x6008300
0 14 W 0x6008300
0 14 R 0x600A340
0 14 W 0x600A340
0 14 R 0x600C380
0 14 W 0x600C380
0 14 R 0x600E3C0
0 14 W 0x600E3C0
0 14 R 0x6000400
0 14 W 0x6000400
0 14 R 0x6002440
0 14 W 0x6002440
0 14 R 0x6004480
0 14 W 0x6004480
0 14 R 0x60064C0
0 14 W 0x60064C0
0 14 R 0x6008500
0 14 W 0x6008500
0 14 R 0x600A540
0 14 W 0x600A540
0 14 R 0x600C580
0 14 W 0x600C580
0 14 R 0x600E5C0
0 14 W 0x600E5C0
0 14 R 0x6000600
0 14 W 0x6000600
0 14 R 0x6002640
0 14 W 0x6002640
0 14 R 0x6004680
0 14 W 0x6004680
0 14 R 0x60066C0
0 14 W 0x60066C0
0 14 R 0x6008700
0 14 W 0x6008700
0 14 R 0x600A740
0 14 W 0x600A740
0 14 R 0x600C780
0 14 W 0x600C780
0 14 R 0x600E7C0
0 14 W 0x600E7C0
0 14 R 0x6000000
0 14 W 0x6000000
0 14 R 0x6002040
0 14 W 0x6002040
0 14 R 0x6004080
0 14 W 0x6004080
0 14 R 0x60060C0
0 14 W 0x60060C0
0 14 R 0x6008100
0 14 W 0x6008100
0 14 R 0x600A140
0 14 W 0x600A140
0 14 R 0x600C180
0 14 W 0x600C180
0 14 R 0x600E1C0
0 14 W 0x600E1C0
0 14 R 0x6000200
0 14 W 0x6000200
0 14 R 0x6002240
0 14 W 0x6002240
0 14 R 0x6004280
0 14 W 0x6004280
0 14 R 0x60062C0
0 14 W 0x60062C0
0 14 R 0x6008300
0 14 W 0x6008300
0 14 R 0x600A340
0 14 W 0x600A340
0 14 R 0x600C380
0 14 W 0x600C380
0 14 R 0x600E3C0
0 14 W 0x600E3C0
0 14 R 0x6000400
0 14 W 0x6000400
0 14 R 0x6002440
0 14 W 0x6002440
0 14 R 0x6004480
0 14 W 0x6004480
0 14 R 0x60064C0
0 14 W 0x60064C0
0 14 R 0x6008500
0 14 W 0x6008500
0 14 R 0x600A540
0 14 W 0x600A540
0 14 R 0x600C580
0 14 W 0x600C580
0 14 R 0x600E5C0
0 14 W 0x600E5C0
0 14 R 0x6000600
0 14 W 0x6000600
0 14 R 0x6002640
0 14 W 0x6002640
0 14 R 0x6004680
0 14 W 0x6004680
0 14 R 0x60066C0
0 14 W 0x60066C0
0 14 R 0x6008700
0 14 W 0x6008700
0 14 R 0x600A740
0 14 W 0x600A740
0 14 R 0x600C780
0 14 W 0x600C780
0 14 R 0x600E7C0
0 14 W 0x600E7C0
0 14 R 0x6000000
0 14 W 0x6000000
0 14 R 0x6002040
0 14 W 0x6002040
0 14 R 0x6004080
0 14 W 0x6004080
0 14 R 0x60060C0
0 14 W 0x60060C0
0 14 R 0x6008100
0 14 W 0x6008100
0 14 R 0x600A140
0 14 W 0x600A140
0 14 R 0x600C180
0 14 W 0x600C180
0 14 R 0x600E1C0
0 14 W 0x600E1C0
0 14 R 0x6000200
0 14 W 0x6000200
0 14 R 0x6002240
0 14 W 0x6002240
0 14 R 0x6004280
0 14 W 0x6004280
0 14 R 0x60062C0
0 14 W 0x60062C0
0 14 R 0x6008300
0 14 W 0x6008300
0 14 R 0x600A340
0 14 W 0x600A340
0 14 R 0x600C380
0 14 W 0x600C380
0 14 R 0x600E3C0
0 14 W 0x600E3C0
0 14 R 0x6000400
0 14 W 0x6000400
0 14 R 0x6002440
0 14 W 0x6002440
0 14 R 0x6004480
0 14 W 0x6004480
0 14 R 0x60064C0
0 14 W 0x60064C0
0 14 R 0x6008500
0 14 W 0x6008500
0 14 R 0x600A540
0 14 W 0x600A540
0 14 R 0x600C580
0 14 W 0x600C580
0 14 R 0x600E5C0
0 14 W 0x600E5C0
0 14 R 0x6000600
0 14 W 0x6000600
0 14 R 0x6002640
0 14 W 0x6002640
0 14 R 0x6004680
0 14 W 0x6004680
0 14 R 0x60066C0
0 14 W 0x60066C0
0 14 R 0x6008700
0 14 W 0x6008700
0 14 R 0x600A740
0 14 W 0x600A740
0 14 R 0x600C780
0 14 W 0x600C780
0 14 R 0x600E7C0
0 14 W 0x600E7C0
0 14 R 0x6000000
0 14 W 0x6000000
0 14 R 0x6002040
0 14 W 0x6002040
0 14 R 0x6004080
0 14 W 0x6004080
0 14 R 0x60060C0
0 14 W 0x60060C0
0 14 R 0x6008100
0 14 W 0x6008100
0 14 R 0x600A140
0 14 W 0x600A140
0 14 R 0x600C180
0 14 W 0x600C180
0 14 R 0x600E1C0
0 14 W 0x600E1C0
0 14 R 0x6000200
0 14 W 0x6000200
0 14 R 0x6002240
0 14 W 0x6002240
0 14 R 0x6004280
0 14 W 0x6004280
0 14 R 0x60062C0
0 14 W 0x60062C0
0 14 R 0x6008300
0 14 W 0x6008300
0 14 R 0x600A340
0 14 W 0x600A340
0 14 R 0x600C380
0 14 W 0x600C380
0 14 R 0x600E3C0
0 14 W 0x600E3C0
0 14 R 0x6000400
0 14 W 0x6000400
0 14 R 0x6002440
0 14 W 0x6002440
0 14 R 0x6004480
0 14 W 0x6004480
0 14 R 0x60064C0
0 14 W 0x60064C0
0 14 R 0x6008500
0 14 W 0x6008500
0 14 R 0x600A540
0 14 W 0x600A540
0 14 R 0x600C580
0 14 W 0x600C580
0 14 R 0x600E5C0
0 14 W 0x600E5C0
0 14 R 0x6000600
0 14 W 0x6000600
0 14 R 0x6002640
0 14 W 0x6002640
0 14 R 0x6004680
0 14 W 0x6004680
0 14 R 0x60066C0
0 14 W 0x60066C0
0 14 R 0x6008700
0 14 W 0x6008700
0 14 R 0x600A740
0 14 W 0x600A740
0 14 R 0x600C780
0 14 W 0x600C780
0 14 R 0x600E7C0
0 14 W 0x600E7C0
0 14 R 0x6000000
0 14 W 0x6000000
0 14 R 0x6002040
0 14 W 0x6002040
0 14 R 0x6004080
0 14 W 0x6004080
0 14 R 0x60060C0
0 14 W 0x60060C0
0 14 R 0x6008100
0 14 W 0x6008100
0 14 R 0x600A140
0 14 W 0x600A140
0 14 R 0x600C180
0 14 W 0x600C180
0 14 R 0x600E1C0
0 14 W 0x600E1C0
0 14 R 0x6000200
0 14 W 0x6000200
0 14 R 0x6002240
0 14 W 0x6002240
0 14 R 0x6004280
0 14 W 0x6004280
0 14 R 0x60062C0
0 14 W 0x60062C0
0 14 R 0x6008300
0 14 W 0x6008300
0 14 R 0x600A340
0 14 W 0x600A340
0 14 R 0x600C380
0 14 W 0x600C380
0 14 R 0x600E3C0
0 14 W 0x600E3C0
0 14 R 0x6000400
0 14 W 0x6000400
0 14 R 0x6002440
0 14 W 0x6002440
0 14 R 0x6004480
0 14 W 0x6004480
0 14 R 0x60064C0
0 14 W 0x60064C0
0 14 R 0x6008500
0 14 W 0x6008500
0 14 R 0x600A540
0 14 W 0x600A540
0 14 R 0x600C580
0 14 W 0x600C580
0 14 R 0x600E5C0
0 14 W 0x600E5C0
0 14 R 0x6000600
0 14 W 0x6000600
0 14 R 0x6002640
0 14 W 0x6002640
0 14 R 0x6004680
0 14 W 0x6004680
0 14 R 0x60066C0
0 14 W 0x60066C0
0 14 R 0x6008700
0 14 W 0x6008700
0 14 R 0x600A740
0 14 W 0x600A740
0 14 R 0x600C780
0 14 W 0x600C780
0 14 R 0x600E7C0
0 14 W 0x600E7C0
0 14 R 0x6000000
0 14 W 0x6000000
0 14 R 0x6002040
0 14 W 0x6002040
0 14 R 0x6004080
0 14 W 0x6004080
0 14 R 0x60060C0
0 14 W 0x60060C0
0 14 R 0x6008100
0 14 W 0x6008100
0 14 R 0x600A140
0 14 W 0x600A140
0 14 R 0x600C180
0 14 W 0x600C180
0 14 R 0x600E1C0
0 14 W 0x600E1C0
0 14 R 0x6000200
0 14 W 0x6000200
0 14 R 0x6002240
0 14 W 0x6002240
0 14 R 0x6004280
0 14 W 0x6004280
0 14 R 0x60062C0
0 14 W 0x60062C0
0 14 R 0x6008300
0 14 W 0x6008300
0 14 R 0x600A340
0 14 W 0x600A340
0 15 R 0x600E3C0
0 15 W 0x600E3C0
0 15 R 0x6000400
0 15 W 0x6000400
0 15 R 0x6002440
0 15 W 0x6002440
0 15 R 0x6004480
0 15 W 0x6004480
0 15 R 0x60064C0
0 15 W 0x60064C0
0 15 R 0x6008500
0 15 W 0x6008500
0 15 R 0x600A540
0 15 W 0x600A540
0 15 R 0x600C580
0 15 W 0x600C580
0 15 R 0x600E5C0
0 15 W 0x600E5C0
0 15 R 0x6000600
0 15 W 0x6000600
0 15 R 0x6002640
0 15 W 0x6002640
0 15 R 0x6004680
0 15 W 0x6004680
0 15 R 0x60066C0
0 15 W 0x60066C0
0 15 R 0x6008700
0 15 W 0x6008700
0 15 R 0x600A740
0 15 W 0x600A740
0 15 R 0x600C780
0 15 W 0x600C780
0 15 R 0x600E7C0
0 15 W 0x600E7C0
0 15 R 0x6000000
0 15 W 0x6000000
0 15 R 0x6002040
0 15 W 0x6002040
0 15 R 0x6004080
0 15 W 0x6004080
0 15 R 0x60060C0
0 15 W 0x60060C0
0 15 R 0x6008100
0 15 W 0x6008100
0 15 R 0x600A140
0 15 W 0x600A140
0 15 R 0x600C180
0 15 W 0x600C180
0 15 R 0x600E1C0
0 15 W 0x600E1C0
0 15 R 0x6000200
0 15 W 0x6000200
0 15 R 0x6002240
0 15 W 0x6002240
0 15 R 0x6004280
0 15 W 0x6004280
0 15 R 0x60062C0
0 15 W 0x60062C0
0 15 R 0x6008300
0 15 W 0x6008300
0 15 R 0x600A340
0 15 W 0x600A340
0 15 R 0x600C380
0 15 W 0x600C380
0 15 R 0x600E3C0
0 15 W 0x600E3C0
0 15 R 0x6000400
0 15 W 0x6000400
0 15 R 0x6002440
0 15 W 0x6002440
0 15 R 0x6004480
0 15 W 0x6004480
0 15 R 0x60064C0
0 15 W 0x60064C0
0 15 R 0x6008500
0 15 W 0x6008500
0 15 R 0x600A540
0 15 W 0x600A540
0 15 R 0x600C580
0 15 W 0x600C580
0 15 R 0x600E5C0
0 15 W 0x600E5C0
0 15 R 0x6000600
0 15 W 0x6000600
0 15 R 0x6002640
0 15 W 0x6002640
0 15 R 0x6004680
0 15 W 0x6004680
0 15 R 0x60066C0
0 15 W 0x60066C0
0 15 R 0x6008700
0 15 W 0x6008700
0 15 R 0x600A740
0 15 W 0x600A740
0 15 R 0x600C780
0 15 W 0x600C780
0 15 R 0x600E7C0
0 15 W 0x600E7C0
0 15 R 0x6000000
0 15 W 0x6000000
0 15 R 0x6002040
0 15 W 0x6002040
0 15 R 0x6004080
0 15 W 0x6004080
0 15 R 0x60060C0
0 15 W 0x60060C0
0 15 R 0x6008100
0 15 W 0x6008100
0 15 R 0x600A140
0 15 W 0x600A140
0 15 R 0x600C180
0 15 W 0x600C180
0 15 R 0x600E1C0
0 15 W 0x600E1C0
0 15 R 0x6000200
0 15 W 0x6000200
0 15 R 0x6002240
0 15 W 0x6002240
0 15 R 0x6004280
0 15 W 0x6004280
0 15 R 0x60062C0
0 15 W 0x60062C0
0 15 R 0x6008300
0 15 W 0x6008300
0 15 R 0x600A340
0 15 W 0x600A340
0 15 R 0x600C380
0 15 W 0x600C380
0 15 R 0x600E3C0
0 15 W 0x600E3C0
0 15 R 0x6000400
0 15 W 0x6000400
0 15 R 0x6002440
0 15 W 0x6002440
0 15 R 0x6004480
0 15 W 0x6004480
0 15 R 0x60064C0
0 15 W 0x60064C0
0 15 R 0x6008500
0 15 W 0x6008500
0 15 R 0x600A540
0 15 W 0x600A540
0 15 R 0x600C580
0 15 W 0x600C580
0 15 R 0x600E5C0
0 15 W 0x600E5C0
0 15 R 0x6000600
0 15 W 0x6000600
0 15 R 0x6002640
0 15 W 0x6002640
0 15 R 0x6004680
0 15 W 0x6004680
0 15 R 0x60066C0
0 15 W 0x60066C0
0 15 R 0x6008700
0 15 W 0x6008700
0 15 R 0x600A740
0 15 W 0x600A740
0 15 R 0x600C780
0 15 W 0x600C780
0 15 R 0x600E7C0
0 15 W 0x600E7C0
0 15 R 0x6000000
0 15 W 0x6000000
0 15 R 0x6002040
0 15 W 0x6002040
0 15 R 0x6004080
0 15 W 0x6004080
0 15 R 0x60060C0
0 15 W 0x60060C0
0 15 R 0x6008100
0 15 W 0x6008100
0 15 R 0x600A140
0 15 W 0x600A140
0 15 R 0x600C180
0 15 W 0x600C180
0 15 R 0x600E1C0
0 15 W 0x600E1C0
0 15 R 0x6000200
0 15 W 0x6000200
0 15 R 0x6002240
0 15 W 0x6002240
0 15 R 0x6004280
0 15 W 0x6004280
0 15 R 0x60062C0
0 15 W 0x60062C0
0 15 R 0x6008300
0 15 W 0x6008300
0 15 R 0x600A340
0 15 W 0x600A340
0 15 R 0x600C380
0 15 W 0x600C380
0 15 R 0x600E3C0
0 15 W 0x600E3C0
0 15 R 0x6000400
0 15 W 0x6000400
0 15 R 0x6002440
0 15 W 0x6002440
0 15 R 0x6004480
0 15 W 0x6004480
0 15 R 0x60064C0
0 15 W 0x60064C0
0 15 R 0x6008500
0 15 W 0x6008500
0 15 R 0x600A540
0 15 W 0x600A540
0 15 R 0x600C580
0 15 W 0x600C580
0 15 R 0x600E5C0
0 15 W 0x600E5C0
0 15 R 0x6000600
0 15 W 0x6000600
0 15 R 0x6002640
0 15 W 0x6002640
0 15 R 0x6004680
0 15 W 0x6004680
0 15 R 0x60066C0
0 15 W 0x60066C0
0 15 R 0x6008700
0 15 W 0x6008700
0 15 R 0x600A740
0 15 W 0x600A740
0 15 R 0x600C780
0 15 W 0x600C780
0 15 R 0x600E7C0
0 15 W 0x600E7C0
0 15 R 0x6000000
0 15 W 0x6000000
0 15 R 0x6002040
0 15 W 0x6002040
0 15 R 0x6004080
0 15 W 0x6004080
0 15 R 0x60060C0
0 15 W 0x60060C0
0 15 R 0x6008100
0 15 W 0x6008100
0 15 R 0x600A140
0 15 W 0x600A140
0 15 R 0x600C180
0 15 W 0x600C180
0 15 R 0x600E1C0
0 15 W 0x600E1C0
0 15 R 0x6000200
0 15 W 0x6000200
0 15 R 0x6002240
0 15 W 0x6002240
0 15 R 0x6004280
0 15 W 0x6004280
0 15 R 0x60062C0
0 15 W 0x60062C0
0 15 R 0x6008300
0 15 W 0x6008300
0 15 R 0x600A340
0 15 W 0x600A340
0 15 R 0x600C380
0 15 W 0x600C380
0 15 R 0x600E3C0
0 15 W 0x600E3C0
0 15 R 0x6000400
0 15 W 0x6000400
0 15 R 0x6002440
0 15 W 0x6002440
0 15 R 0x6004480
0 15 W 0x6004480
0 15 R 0x60064C0
0 15 W 0x60064C0
0 15 R 0x6008500
0 15 W 0x6008500
0 15 R 0x600A540
0 15 W 0x600A540
0 15 R 0x600C580
0 15 W 0x600C580
0 15 R 0x600E5C0
0 15 W 0x600E5C0
0 15 R 0x6000600
0 15 W 0x6000600
0 15 R 0x6002640
0 15 W 0x6002640
0 15 R 0x6004680
0 15 W 0x6004680
0 15 R 0x60066C0
0 15 W 0x60066C0
0 15 R 0x6008700
0 15 W 0x6008700
0 15 R 0x600A740
0 15 W 0x600A740
0 15 R 0x600C780
0 15 W 0x600C780
0 15 R 0x600E7C0
0 15 W 0x600E7C0
0 15 R 0x6000000
0 15 W 0x6000000
0 15 R 0x6002040
0 15 W 0x6002040
0 15 R 0x6004080
0 15 W 0x6004080
0 15 R 0x60060C0
0 15 W 0x60060C0
0 15 R 0x6008100
0 15 W 0x6008100
0 15 R 0x600A140
0 15 W 0x600A140
0 15 R 0x600C180
0 15 W 0x600C180
0 15 R 0x600E1C0
0 15 W 0x600E1C0
0 15 R 0x6000200
0 15 W 0x6000200
0 15 R 0x6002240
0 15 W 0x6002240
0 15 R 0x6004280
0 15 W 0x6004280
0 15 R 0x60062C0
0 15 W 0x60062C0
0 15 R 0x6008300
0 15 W 0x6008300
0 15 R 0x600A340
0 15 W 0x600A340
0 15 R 0x600C380
0 15 W 0x600C380
0 15 R 0x600E3C0
0 15 W 0x600E3C0
0 15 R 0x6000400
0 15 W 0x6000400
0 15 R 0x6002440
0 15 W 0x6002440
0 15 R 0x6004480
0 15 W 0x6004480
0 15 R 0x60064C0
0 15 W 0x60064C0
0 15 R 0x6008500
0 15 W 0x6008500
0 15 R 0x600A540
0 15 W 0x600A540
0 15 R 0x600C580
0 15 W 0x600C580
0 15 R 0x600E5C0
0 15 W 0x600E5C0
0 15 R 0x6000600
0 15 W 0x6000600
0 15 R 0x6002640
0 15 W 0x6002640
0 15 R 0x6004680
0 15 W 0x6004680
0 15 R 0x60066C0
0 15 W 0x60066C0
0 15 R 0x6008700
0 15 W 0x6008700
0 15 R 0x600A740
0 15 W 0x600A740
0 15 R 0x600C780
0 15 W 0x600C780
0 15 R 0x600E7C0
0 15 W 0x600E7C0
0 15 R 0x6000000
0 15 W 0x6000000
0 15 R 0x6002040
0 15 W 0x6002040
0 15 R 0x6004080
0 15 W 0x6004080
0 15 R 0x60060C0
0 15 W 0x60060C0
0 15 R 0x6008100
0 15 W 0x6008100
0 15 R 0x600A140
0 15 W 0x600A140
0 15 R 0x600C180
0 15 W 0x600C180
0 15 R 0x600E1C0
0 15 W 0x600E1C0
0 15 R 0x6000200
0 15 W 0x6000200
0 15 R 0x6002240
0 15 W 0x6002240
0 15 R 0x6004280
0 15 W 0x6004280
0 15 R 0x60062C0
0 15 W 0x60062C0
0 15 R 0x6008300
0 15 W 0x6008300
0 15 R 0x600A340
0 15 W 0x600A340
0 15 R 0x600C380
0 15 W 0x600C380
0 15 R 0x600E3C0
0 15 W 0x600E3C0
0 15 R 0x6000400
0 15 W 0x6000400
0 15 R 0x6002440
0 15 W 0x6002440
0 15 R 0x6004480
0 15 W 0x6004480
0 15 R 0x60064C0
0 15 W 0x60064C0
0 15 R 0x6008500
0 15 W 0x6008500
0 15 R 0x600A540
0 15 W 0x600A540
0 15 R 0x600C580
0 15 W 0x600C580
0 15 R 0x600E5C0
0 15 W 0x600E5C0
0 15 R 0x6000600
0 15 W 0x6000600
0 15 R 0x6002640
0 15 W 0x6002640
0 15 R 0x6004680
0 15 W 0x6004680
0 15 R 0x60066C0
0 15 W 0x60066C0
0 15 R 0x6008700
0 15 W 0x6008700
0 15 R 0x600A740
0 15 W 0x600A740
0 15 R 0x600C780
0 15 W 0x600C780
0 15 R 0x600E7C0
0 15 W 0x600E7C0
0 15 R 0x6000000
0 15 W 0x6000000
0 15 R 0x6002040
0 15 W 0x6002040
0 15 R 0x6004080
0 15 W 0x6004080
0 15 R 0x60060C0
0 15 W 0x60060C0
0 15 R 0x6008100
0 15 W 0x6008100
0 15 R 0x600A140
0 15 W 0x600A140
0 15 R 0x600C180
0 15 W 0x600C180
0 15 R 0x600E1C0
0 15 W 0x600E1C0
0 15 R 0x6000200
0 15 W 0x6000200
0 15 R 0x6002240
0 15 W 0x6002240
0 15 R 0x6004280
0 15 W 0x6004280
0 15 R 0x60062C0
0 15 W 0x60062C0
0 15 R 0x6008300
0 15 W 0x6008300
0 15 R 0x600A340
0 15 W 0x600A340
0 15 R 0x600C380
0 15 W 0x600C380
0 15 R 0x600E3C0
0 15 W 0x600E3C0
0 15 R 0x6000400
0 15 W 0x6000400
0 15 R 0x6002440
0 15 W 0x6002440
0 15 R 0x6004480
0 15 W 0x6004480
0 15 R 0x60064C0
0 15 W 0x60064C0
0 15 R 0x6008500
0 15 W 0x6008500
0 15 R 0x600A540
0 15 W 0x600A540
0 15 R 0x600C580
0 15 W 0x600C580
0 15 R 0x600E5C0
0 15 W 0x600E5C0
0 15 R 0x6000600
0 15 W 0x6000600
0 15 R 0x6002640
0 15 W 0x6002640
0 15 R 0x6004680
0 15 W 0x6004680
0 15 R 0x60066C0
0 15 W 0x60066C0
0 15 R 0x6008700
0 15 W 0x6008700
0 15 R 0x600A740
0 15 W 0x600A740
0 15 R 0x600C780
0 15 W 0x600C780
0 15 R 0x600E7C0
0 15 W 0x600E7C0
0 15 R 0x6000000
0 15 W 0x6000000
0 15 R 0x6002040
0 15 W 0x6002040
0 15 R 0x6004080
0 15 W 0x6004080
0 15 R 0x60060C0
0 15 W 0x60060C0
0 15 R 0x6008100
0 15 W 0x6008100
0 15 R 0x600A140
0 15 W 0x600A140
0 15 R 0x600C180
0 15 W 0x600C180
0 15 R 0x600E1C0
0 15 W 0x600E1C0
0 15 R 0x6000200
0 15 W 0x6000200
0 15 R 0x6002240
0 15 W 0x6002240
0 15 R 0x6004280
0 15 W 0x6004280
0 15 R 0x60062C0
0 15 W 0x60062C0
0 15 R 0x6008300
0 15 W 0x6008300
0 15 R 0x600A340
0 15 W 0x600A340
0 15 R 0x600C380
0 15 W 0x600C380
