# mixed workload -- capstone
# Blends private read-then-write, read-mostly sharing, dirty
# sharing, migratory hand-off and a streaming region.
# Run with --cache-bytes 8192 to add capacity evictions.
# No single state wins; protocols separate by how many patterns
# they cover.

0 0 R 0x100000
0 0 W 0x100000
0 0 R 0x4000000
0 0 R 0x4002040
0 0 R 0x4004080
0 0 R 0x40060C0
0 0 R 0x202000
0 0 R 0x6000000
0 0 W 0x6000000
0 0 R 0x8100000
0 0 R 0x8102040
0 0 R 0x102040
0 0 W 0x102040
0 0 R 0x4008100
0 0 R 0x400A140
0 0 R 0x400C180
0 0 R 0x400E1C0
0 0 R 0x204040
0 0 R 0x6002040
0 0 W 0x6002040
0 0 R 0x8104080
0 0 R 0x81060C0
0 0 R 0x104080
0 0 W 0x104080
0 0 R 0x4000200
0 0 R 0x4002240
0 0 R 0x4004280
0 0 R 0x40062C0
0 0 R 0x206080
0 0 R 0x6004080
0 0 W 0x6004080
0 0 R 0x8108100
0 0 R 0x810A140
0 0 R 0x1060C0
0 0 W 0x1060C0
0 0 R 0x4008300
0 0 R 0x400A340
0 0 R 0x400C380
0 0 R 0x400E3C0
0 0 R 0x2080C0
0 0 R 0x60060C0
0 0 W 0x60060C0
0 0 R 0x810C180
0 0 R 0x810E1C0
0 0 R 0x108100
0 0 W 0x108100
0 0 R 0x4000400
0 0 R 0x4002440
0 0 R 0x4004480
0 0 R 0x40064C0
0 0 R 0x20A100
0 0 R 0x6008100
0 0 W 0x6008100
0 0 R 0x8100200
0 0 R 0x8102240
0 0 R 0x10A140
0 0 W 0x10A140
0 0 R 0x4008500
0 0 R 0x400A540
0 0 R 0x400C580
0 0 R 0x400E5C0
0 0 R 0x20C140
0 0 R 0x600A140
0 0 W 0x600A140
0 0 R 0x8104280
0 0 R 0x81062C0
0 0 R 0x10C180
0 0 W 0x10C180
0 0 R 0x4000600
0 0 R 0x4002640
0 0 R 0x4004680
0 0 R 0x40066C0
0 0 R 0x20E180
0 0 R 0x600C180
0 0 W 0x600C180
0 0 R 0x8108300
0 0 R 0x810A340
0 0 R 0x10E1C0
0 0 W 0x10E1C0
0 0 R 0x4008700
0 0 R 0x400A740
0 0 R 0x400C780
0 0 R 0x400E7C0
0 0 R 0x2101C0
0 0 R 0x600E1C0
0 0 W 0x600E1C0
0 0 R 0x810C380
0 0 R 0x810E3C0
0 0 R 0x100200
0 0 W 0x100200
0 0 R 0x4000000
0 0 R 0x4002040
0 0 R 0x4004080
0 0 R 0x40060C0
0 0 R 0x202200
0 0 R 0x6000000
0 0 W 0x6000000
0 0 R 0x8100400
0 0 R 0x8102440
0 0 R 0x102240
0 0 W 0x102240
0 0 R 0x4008100
0 0 R 0x400A140
0 0 R 0x400C180
0 0 R 0x400E1C0
0 0 R 0x204240
0 0 R 0x6002040
0 0 W 0x6002040
0 0 R 0x8104480
0 0 R 0x81064C0
0 0 R 0x104280
0 0 W 0x104280
0 0 R 0x4000200
0 0 R 0x4002240
0 0 R 0x4004280
0 0 R 0x40062C0
0 0 R 0x206280
0 0 R 0x6004080
0 0 W 0x6004080
0 0 R 0x8108500
0 0 R 0x810A540
0 0 R 0x1062C0
0 0 W 0x1062C0
0 0 R 0x4008300
0 0 R 0x400A340
0 0 R 0x400C380
0 0 R 0x400E3C0
0 0 R 0x2082C0
0 0 R 0x60060C0
0 0 W 0x60060C0
0 0 R 0x810C580
0 0 R 0x810E5C0
0 0 R 0x108300
0 0 W 0x108300
0 0 R 0x4000400
0 0 R 0x4002440
0 0 R 0x4004480
0 0 R 0x40064C0
0 0 R 0x20A300
0 0 R 0x6008100
0 0 W 0x6008100
0 0 R 0x8100600
0 0 R 0x8102640
0 0 R 0x10A340
0 0 W 0x10A340
0 0 R 0x4008500
0 0 R 0x400A540
0 0 R 0x400C580
0 0 R 0x400E5C0
0 0 R 0x20C340
0 0 R 0x600A140
0 0 W 0x600A140
0 0 R 0x8104680
0 0 R 0x81066C0
0 0 R 0x10C380
0 0 W 0x10C380
0 0 R 0x4000600
0 0 R 0x4002640
0 0 R 0x4004680
0 0 R 0x40066C0
0 0 R 0x20E380
0 0 R 0x600C180
0 0 W 0x600C180
0 0 R 0x8108700
0 0 R 0x810A740
0 0 R 0x10E3C0
0 0 W 0x10E3C0
0 0 R 0x4008700
0 0 R 0x400A740
0 0 R 0x400C780
0 0 R 0x400E7C0
0 0 R 0x2103C0
0 0 R 0x600E1C0
0 0 W 0x600E1C0
0 0 R 0x810C780
0 0 R 0x810E7C0
0 0 R 0x100400
0 0 W 0x100400
0 0 R 0x4000000
0 0 R 0x4002040
0 0 R 0x4004080
0 0 R 0x40060C0
0 0 R 0x202400
0 0 R 0x6000000
0 0 W 0x6000000
0 0 R 0x8100800
0 0 R 0x8102840
0 0 R 0x102440
0 0 W 0x102440
0 0 R 0x4008100
0 0 R 0x400A140
0 0 R 0x400C180
0 0 R 0x400E1C0
0 0 R 0x204440
0 0 R 0x6002040
0 0 W 0x6002040
0 0 R 0x8104880
0 0 R 0x81068C0
0 0 R 0x104480
0 0 W 0x104480
0 0 R 0x4000200
0 0 R 0x4002240
0 0 R 0x4004280
0 0 R 0x40062C0
0 0 R 0x206480
0 0 R 0x6004080
0 0 W 0x6004080
0 0 R 0x8108900
0 0 R 0x810A940
0 0 R 0x1064C0
0 0 W 0x1064C0
0 0 R 0x4008300
0 0 R 0x400A340
0 0 R 0x400C380
0 0 R 0x400E3C0
0 0 R 0x2084C0
0 0 R 0x60060C0
0 0 W 0x60060C0
0 0 R 0x810C980
0 0 R 0x810E9C0
0 0 R 0x108500
0 0 W 0x108500
0 0 R 0x4000400
0 0 R 0x4002440
0 0 R 0x4004480
0 0 R 0x40064C0
0 0 R 0x20A500
0 0 R 0x6008100
0 0 W 0x6008100
0 0 R 0x8100A00
0 0 R 0x8102A40
0 0 R 0x10A540
0 0 W 0x10A540
0 0 R 0x4008500
0 0 R 0x400A540
0 0 R 0x400C580
0 0 R 0x400E5C0
0 0 R 0x20C540
0 0 R 0x600A140
0 0 W 0x600A140
0 0 R 0x8104A80
0 0 R 0x8106AC0
0 0 R 0x10C580
0 0 W 0x10C580
0 0 R 0x4000600
0 0 R 0x4002640
0 0 R 0x4004680
0 0 R 0x40066C0
0 0 R 0x20E580
0 0 R 0x600C180
0 0 W 0x600C180
0 0 R 0x8108B00
0 0 R 0x810AB40
0 0 R 0x10E5C0
0 0 W 0x10E5C0
0 0 R 0x4008700
0 0 R 0x400A740
0 0 R 0x400C780
0 0 R 0x400E7C0
0 0 R 0x2105C0
0 0 R 0x600E1C0
0 0 W 0x600E1C0
0 0 R 0x810CB80
0 0 R 0x810EBC0
0 0 R 0x100600
0 0 W 0x100600
0 0 R 0x4000000
0 0 R 0x4002040
0 0 R 0x4004080
0 0 R 0x40060C0
0 0 R 0x202600
0 0 R 0x6000000
0 0 W 0x6000000
0 0 R 0x8100C00
0 0 R 0x8102C40
0 0 R 0x102640
0 0 W 0x102640
0 0 R 0x4008100
0 0 R 0x400A140
0 0 R 0x400C180
0 0 R 0x400E1C0
0 0 R 0x204640
0 0 R 0x6002040
0 0 W 0x6002040
0 0 R 0x8104C80
0 0 R 0x8106CC0
0 0 R 0x104680
0 0 W 0x104680
0 0 R 0x4000200
0 0 R 0x4002240
0 0 R 0x4004280
0 0 R 0x40062C0
0 0 R 0x206680
0 0 R 0x6004080
0 0 W 0x6004080
0 0 R 0x8108D00
0 0 R 0x810AD40
0 0 R 0x1066C0
0 0 W 0x1066C0
0 0 R 0x4008300
0 0 R 0x400A340
0 0 R 0x400C380
0 0 R 0x400E3C0
0 0 R 0x2086C0
0 0 R 0x60060C0
0 0 W 0x60060C0
0 0 R 0x810CD80
0 0 R 0x810EDC0
0 0 R 0x108700
0 0 W 0x108700
0 0 R 0x4000400
0 0 R 0x4002440
0 0 R 0x4004480
0 0 R 0x40064C0
0 0 R 0x20A700
0 0 R 0x6008100
0 0 W 0x6008100
0 0 R 0x8100E00
0 0 R 0x8102E40
0 0 R 0x10A740
0 0 W 0x10A740
0 0 R 0x4008500
0 0 R 0x400A540
0 0 R 0x400C580
0 0 R 0x400E5C0
0 0 R 0x20C740
0 0 R 0x600A140
0 0 W 0x600A140
0 0 R 0x8104E80
0 0 R 0x8106EC0
0 0 R 0x10C780
0 0 W 0x10C780
0 0 R 0x4000600
0 0 R 0x4002640
0 0 R 0x4004680
0 0 R 0x40066C0
0 0 R 0x20E780
0 0 R 0x600C180
0 0 W 0x600C180
0 0 R 0x8108F00
0 0 R 0x810AF40
0 0 R 0x10E7C0
0 0 W 0x10E7C0
0 0 R 0x4008700
0 0 R 0x400A740
0 0 R 0x400C780
0 0 R 0x400E7C0
0 0 R 0x2107C0
0 0 R 0x600E1C0
0 0 W 0x600E1C0
0 0 R 0x810CF80
0 0 R 0x810EFC0
0 0 R 0x100000
0 0 W 0x100000
0 0 R 0x4000000
0 0 R 0x4002040
0 0 R 0x4004080
0 0 R 0x40060C0
0 0 R 0x202000
0 0 R 0x6000000
0 0 W 0x6000000
0 0 R 0x8101000
0 0 R 0x8103040
0 0 R 0x102040
0 0 W 0x102040
0 0 R 0x4008100
0 0 R 0x400A140
0 0 R 0x400C180
0 0 R 0x400E1C0
0 0 R 0x204040
0 0 R 0x6002040
0 0 W 0x6002040
0 0 R 0x8105080
0 0 R 0x81070C0
0 0 R 0x104080
0 0 W 0x104080
0 0 R 0x4000200
0 0 R 0x4002240
0 0 R 0x4004280
0 0 R 0x40062C0
0 0 R 0x206080
0 0 R 0x6004080
0 0 W 0x6004080
0 0 R 0x8109100
0 0 R 0x810B140
0 0 R 0x1060C0
0 0 W 0x1060C0
0 0 R 0x4008300
0 0 R 0x400A340
0 0 R 0x400C380
0 0 R 0x400E3C0
0 0 R 0x2080C0
0 0 R 0x60060C0
0 0 W 0x60060C0
0 0 R 0x810D180
0 0 R 0x810F1C0
0 0 R 0x108100
0 0 W 0x108100
0 0 R 0x4000400
0 0 R 0x4002440
0 0 R 0x4004480
0 0 R 0x40064C0
0 0 R 0x20A100
0 0 R 0x6008100
0 0 W 0x6008100
0 0 R 0x8101200
0 0 R 0x8103240
0 0 R 0x10A140
0 0 W 0x10A140
0 0 R 0x4008500
0 0 R 0x400A540
0 0 R 0x400C580
0 0 R 0x400E5C0
0 0 R 0x20C140
0 0 R 0x600A140
0 0 W 0x600A140
0 0 R 0x8105280
0 0 R 0x81072C0
0 0 R 0x10C180
0 0 W 0x10C180
0 0 R 0x4000600
0 0 R 0x4002640
0 0 R 0x4004680
0 0 R 0x40066C0
0 0 R 0x20E180
0 0 R 0x600C180
0 0 W 0x600C180
0 0 R 0x8109300
0 0 R 0x810B340
0 0 R 0x10E1C0
0 0 W 0x10E1C0
0 0 R 0x4008700
0 0 R 0x400A740
0 0 R 0x400C780
0 0 R 0x400E7C0
0 0 R 0x2101C0
0 0 R 0x600E1C0
0 0 W 0x600E1C0
0 0 R 0x810D380
0 0 R 0x810F3C0
0 0 R 0x100200
0 0 W 0x100200
0 0 R 0x4000000
0 0 R 0x4002040
0 0 R 0x4004080
0 0 R 0x40060C0
0 0 R 0x202200
0 0 R 0x6000000
0 0 W 0x6000000
0 0 R 0x8101400
0 0 R 0x8103440
0 0 R 0x102240
0 0 W 0x102240
0 0 R 0x4008100
0 0 R 0x400A140
0 0 R 0x400C180
0 0 R 0x400E1C0
0 0 R 0x204240
0 0 R 0x6002040
0 0 W 0x6002040
0 0 R 0x8105480
0 0 R 0x81074C0
0 0 R 0x104280
0 0 W 0x104280
0 0 R 0x4000200
0 0 R 0x4002240
0 0 R 0x4004280
0 0 R 0x40062C0
0 0 R 0x206280
0 0 R 0x6004080
0 0 W 0x6004080
0 0 R 0x8109500
0 0 R 0x810B540
0 0 R 0x1062C0
0 0 W 0x1062C0
0 0 R 0x4008300
0 0 R 0x400A340
0 0 R 0x400C380
0 0 R 0x400E3C0
0 0 R 0x2082C0
0 0 R 0x60060C0
0 0 W 0x60060C0
0 0 R 0x810D580
0 0 R 0x810F5C0
0 0 R 0x108300
0 0 W 0x108300
0 0 R 0x4000400
0 0 R 0x4002440
0 0 R 0x4004480
0 0 R 0x40064C0
0 0 R 0x20A300
0 0 R 0x6008100
0 0 W 0x6008100
0 0 R 0x8101600
0 0 R 0x8103640
0 0 R 0x10A340
0 0 W 0x10A340
0 0 R 0x4008500
0 0 R 0x400A540
0 0 R 0x400C580
0 0 R 0x400E5C0
0 0 R 0x20C340
0 0 R 0x600A140
0 0 W 0x600A140
0 0 R 0x8105680
0 0 R 0x81076C0
0 0 R 0x10C380
0 0 W 0x10C380
0 0 R 0x4000600
0 0 R 0x4002640
0 0 R 0x4004680
0 0 R 0x40066C0
0 0 R 0x20E380
0 0 R 0x600C180
0 0 W 0x600C180
0 0 R 0x8109700
0 0 R 0x810B740
0 0 R 0x10E3C0
0 0 W 0x10E3C0
0 0 R 0x4008700
0 0 R 0x400A740
0 0 R 0x400C780
0 0 R 0x400E7C0
0 0 R 0x2103C0
0 0 R 0x600E1C0
0 0 W 0x600E1C0
0 0 R 0x810D780
0 0 R 0x810F7C0
0 1 R 0x202000
0 1 W 0x202000
0 1 R 0x4000000
0 1 R 0x4002040
0 1 R 0x4004080
0 1 R 0x40060C0
0 1 R 0x304000
0 1 R 0x6000000
0 1 W 0x6000000
0 1 R 0x8202000
0 1 R 0x8204040
0 1 R 0x204040
0 1 W 0x204040
0 1 R 0x4008100
0 1 R 0x400A140
0 1 R 0x400C180
0 1 R 0x400E1C0
0 1 R 0x306040
0 1 R 0x6002040
0 1 W 0x6002040
0 1 R 0x8206080
0 1 R 0x82080C0
0 1 R 0x206080
0 1 W 0x206080
0 1 R 0x4000200
0 1 R 0x4002240
0 1 R 0x4004280
0 1 R 0x40062C0
0 1 R 0x308080
0 1 R 0x6004080
0 1 W 0x6004080
0 1 R 0x820A100
0 1 R 0x820C140
0 1 R 0x2080C0
0 1 W 0x2080C0
0 1 R 0x4008300
0 1 R 0x400A340
0 1 R 0x400C380
0 1 R 0x400E3C0
0 1 R 0x30A0C0
0 1 R 0x60060C0
0 1 W 0x60060C0
0 1 R 0x820E180
0 1 R 0x82101C0
0 1 R 0x20A100
0 1 W 0x20A100
0 1 R 0x4000400
0 1 R 0x4002440
0 1 R 0x4004480
0 1 R 0x40064C0
0 1 R 0x30C100
0 1 R 0x6008100
0 1 W 0x6008100
0 1 R 0x8202200
0 1 R 0x8204240
0 1 R 0x20C140
0 1 W 0x20C140
0 1 R 0x4008500
0 1 R 0x400A540
0 1 R 0x400C580
0 1 R 0x400E5C0
0 1 R 0x30E140
0 1 R 0x600A140
0 1 W 0x600A140
0 1 R 0x8206280
0 1 R 0x82082C0
0 1 R 0x20E180
0 1 W 0x20E180
0 1 R 0x4000600
0 1 R 0x4002640
0 1 R 0x4004680
0 1 R 0x40066C0
0 1 R 0x310180
0 1 R 0x600C180
0 1 W 0x600C180
0 1 R 0x820A300
0 1 R 0x820C340
0 1 R 0x2101C0
0 1 W 0x2101C0
0 1 R 0x4008700
0 1 R 0x400A740
0 1 R 0x400C780
0 1 R 0x400E7C0
0 1 R 0x3121C0
0 1 R 0x600E1C0
0 1 W 0x600E1C0
0 1 R 0x820E380
0 1 R 0x82103C0
0 1 R 0x202200
0 1 W 0x202200
0 1 R 0x4000000
0 1 R 0x4002040
0 1 R 0x4004080
0 1 R 0x40060C0
0 1 R 0x304200
0 1 R 0x6000000
0 1 W 0x6000000
0 1 R 0x8202400
0 1 R 0x8204440
0 1 R 0x204240
0 1 W 0x204240
0 1 R 0x4008100
0 1 R 0x400A140
0 1 R 0x400C180
0 1 R 0x400E1C0
0 1 R 0x306240
0 1 R 0x6002040
0 1 W 0x6002040
0 1 R 0x8206480
0 1 R 0x82084C0
0 1 R 0x206280
0 1 W 0x206280
0 1 R 0x4000200
0 1 R 0x4002240
0 1 R 0x4004280
0 1 R 0x40062C0
0 1 R 0x308280
0 1 R 0x6004080
0 1 W 0x6004080
0 1 R 0x820A500
0 1 R 0x820C540
0 1 R 0x2082C0
0 1 W 0x2082C0
0 1 R 0x4008300
0 1 R 0x400A340
0 1 R 0x400C380
0 1 R 0x400E3C0
0 1 R 0x30A2C0
0 1 R 0x60060C0
0 1 W 0x60060C0
0 1 R 0x820E580
0 1 R 0x82105C0
0 1 R 0x20A300
0 1 W 0x20A300
0 1 R 0x4000400
0 1 R 0x4002440
0 1 R 0x4004480
0 1 R 0x40064C0
0 1 R 0x30C300
0 1 R 0x6008100
0 1 W 0x6008100
0 1 R 0x8202600
0 1 R 0x8204640
0 1 R 0x20C340
0 1 W 0x20C340
0 1 R 0x4008500
0 1 R 0x400A540
0 1 R 0x400C580
0 1 R 0x400E5C0
0 1 R 0x30E340
0 1 R 0x600A140
0 1 W 0x600A140
0 1 R 0x8206680
0 1 R 0x82086C0
0 1 R 0x20E380
0 1 W 0x20E380
0 1 R 0x4000600
0 1 R 0x4002640
0 1 R 0x4004680
0 1 R 0x40066C0
0 1 R 0x310380
0 1 R 0x600C180
0 1 W 0x600C180
0 1 R 0x820A700
0 1 R 0x820C740
0 1 R 0x2103C0
0 1 W 0x2103C0
0 1 R 0x4008700
0 1 R 0x400A740
0 1 R 0x400C780
0 1 R 0x400E7C0
0 1 R 0x3123C0
0 1 R 0x600E1C0
0 1 W 0x600E1C0
0 1 R 0x820E780
0 1 R 0x82107C0
0 1 R 0x202400
0 1 W 0x202400
0 1 R 0x4000000
0 1 R 0x4002040
0 1 R 0x4004080
0 1 R 0x40060C0
0 1 R 0x304400
0 1 R 0x6000000
0 1 W 0x6000000
0 1 R 0x8202800
0 1 R 0x8204840
0 1 R 0x204440
0 1 W 0x204440
0 1 R 0x4008100
0 1 R 0x400A140
0 1 R 0x400C180
0 1 R 0x400E1C0
0 1 R 0x306440
0 1 R 0x6002040
0 1 W 0x6002040
0 1 R 0x8206880
0 1 R 0x82088C0
0 1 R 0x206480
0 1 W 0x206480
0 1 R 0x4000200
0 1 R 0x4002240
0 1 R 0x4004280
0 1 R 0x40062C0
0 1 R 0x308480
0 1 R 0x6004080
0 1 W 0x6004080
0 1 R 0x820A900
0 1 R 0x820C940
0 1 R 0x2084C0
0 1 W 0x2084C0
0 1 R 0x4008300
0 1 R 0x400A340
0 1 R 0x400C380
0 1 R 0x400E3C0
0 1 R 0x30A4C0
0 1 R 0x60060C0
0 1 W 0x60060C0
0 1 R 0x820E980
0 1 R 0x82109C0
0 1 R 0x20A500
0 1 W 0x20A500
0 1 R 0x4000400
0 1 R 0x4002440
0 1 R 0x4004480
0 1 R 0x40064C0
0 1 R 0x30C500
0 1 R 0x6008100
0 1 W 0x6008100
0 1 R 0x8202A00
0 1 R 0x8204A40
0 1 R 0x20C540
0 1 W 0x20C540
0 1 R 0x4008500
0 1 R 0x400A540
0 1 R 0x400C580
0 1 R 0x400E5C0
0 1 R 0x30E540
0 1 R 0x600A140
0 1 W 0x600A140
0 1 R 0x8206A80
0 1 R 0x8208AC0
0 1 R 0x20E580
0 1 W 0x20E580
0 1 R 0x4000600
0 1 R 0x4002640
0 1 R 0x4004680
0 1 R 0x40066C0
0 1 R 0x310580
0 1 R 0x600C180
0 1 W 0x600C180
0 1 R 0x820AB00
0 1 R 0x820CB40
0 1 R 0x2105C0
0 1 W 0x2105C0
0 1 R 0x4008700
0 1 R 0x400A740
0 1 R 0x400C780
0 1 R 0x400E7C0
0 1 R 0x3125C0
0 1 R 0x600E1C0
0 1 W 0x600E1C0
0 1 R 0x820EB80
0 1 R 0x8210BC0
0 1 R 0x202600
0 1 W 0x202600
0 1 R 0x4000000
0 1 R 0x4002040
0 1 R 0x4004080
0 1 R 0x40060C0
0 1 R 0x304600
0 1 R 0x6000000
0 1 W 0x6000000
0 1 R 0x8202C00
0 1 R 0x8204C40
0 1 R 0x204640
0 1 W 0x204640
0 1 R 0x4008100
0 1 R 0x400A140
0 1 R 0x400C180
0 1 R 0x400E1C0
0 1 R 0x306640
0 1 R 0x6002040
0 1 W 0x6002040
0 1 R 0x8206C80
0 1 R 0x8208CC0
0 1 R 0x206680
0 1 W 0x206680
0 1 R 0x4000200
0 1 R 0x4002240
0 1 R 0x4004280
0 1 R 0x40062C0
0 1 R 0x308680
0 1 R 0x6004080
0 1 W 0x6004080
0 1 R 0x820AD00
0 1 R 0x820CD40
0 1 R 0x2086C0
0 1 W 0x2086C0
0 1 R 0x4008300
0 1 R 0x400A340
0 1 R 0x400C380
0 1 R 0x400E3C0
0 1 R 0x30A6C0
0 1 R 0x60060C0
0 1 W 0x60060C0
0 1 R 0x820ED80
0 1 R 0x8210DC0
0 1 R 0x20A700
0 1 W 0x20A700
0 1 R 0x4000400
0 1 R 0x4002440
0 1 R 0x4004480
0 1 R 0x40064C0
0 1 R 0x30C700
0 1 R 0x6008100
0 1 W 0x6008100
0 1 R 0x8202E00
0 1 R 0x8204E40
0 1 R 0x20C740
0 1 W 0x20C740
0 1 R 0x4008500
0 1 R 0x400A540
0 1 R 0x400C580
0 1 R 0x400E5C0
0 1 R 0x30E740
0 1 R 0x600A140
0 1 W 0x600A140
0 1 R 0x8206E80
0 1 R 0x8208EC0
0 1 R 0x20E780
0 1 W 0x20E780
0 1 R 0x4000600
0 1 R 0x4002640
0 1 R 0x4004680
0 1 R 0x40066C0
0 1 R 0x310780
0 1 R 0x600C180
0 1 W 0x600C180
0 1 R 0x820AF00
0 1 R 0x820CF40
0 1 R 0x2107C0
0 1 W 0x2107C0
0 1 R 0x4008700
0 1 R 0x400A740
0 1 R 0x400C780
0 1 R 0x400E7C0
0 1 R 0x3127C0
0 1 R 0x600E1C0
0 1 W 0x600E1C0
0 1 R 0x820EF80
0 1 R 0x8210FC0
0 1 R 0x202000
0 1 W 0x202000
0 1 R 0x4000000
0 1 R 0x4002040
0 1 R 0x4004080
0 1 R 0x40060C0
0 1 R 0x304000
0 1 R 0x6000000
0 1 W 0x6000000
0 1 R 0x8203000
0 1 R 0x8205040
0 1 R 0x204040
0 1 W 0x204040
0 1 R 0x4008100
0 1 R 0x400A140
0 1 R 0x400C180
0 1 R 0x400E1C0
0 1 R 0x306040
0 1 R 0x6002040
0 1 W 0x6002040
0 1 R 0x8207080
0 1 R 0x82090C0
0 1 R 0x206080
0 1 W 0x206080
0 1 R 0x4000200
0 1 R 0x4002240
0 1 R 0x4004280
0 1 R 0x40062C0
0 1 R 0x308080
0 1 R 0x6004080
0 1 W 0x6004080
0 1 R 0x820B100
0 1 R 0x820D140
0 1 R 0x2080C0
0 1 W 0x2080C0
0 1 R 0x4008300
0 1 R 0x400A340
0 1 R 0x400C380
0 1 R 0x400E3C0
0 1 R 0x30A0C0
0 1 R 0x60060C0
0 1 W 0x60060C0
0 1 R 0x820F180
0 1 R 0x82111C0
0 1 R 0x20A100
0 1 W 0x20A100
0 1 R 0x4000400
0 1 R 0x4002440
0 1 R 0x4004480
0 1 R 0x40064C0
0 1 R 0x30C100
0 1 R 0x6008100
0 1 W 0x6008100
0 1 R 0x8203200
0 1 R 0x8205240
0 1 R 0x20C140
0 1 W 0x20C140
0 1 R 0x4008500
0 1 R 0x400A540
0 1 R 0x400C580
0 1 R 0x400E5C0
0 1 R 0x30E140
0 1 R 0x600A140
0 1 W 0x600A140
0 1 R 0x8207280
0 1 R 0x82092C0
0 1 R 0x20E180
0 1 W 0x20E180
0 1 R 0x4000600
0 1 R 0x4002640
0 1 R 0x4004680
0 1 R 0x40066C0
0 1 R 0x310180
0 1 R 0x600C180
0 1 W 0x600C180
0 1 R 0x820B300
0 1 R 0x820D340
0 1 R 0x2101C0
0 1 W 0x2101C0
0 1 R 0x4008700
0 1 R 0x400A740
0 1 R 0x400C780
0 1 R 0x400E7C0
0 1 R 0x3121C0
0 1 R 0x600E1C0
0 1 W 0x600E1C0
0 1 R 0x820F380
0 1 R 0x82113C0
0 1 R 0x202200
0 1 W 0x202200
0 1 R 0x4000000
0 1 R 0x4002040
0 1 R 0x4004080
0 1 R 0x40060C0
0 1 R 0x304200
0 1 R 0x6000000
0 1 W 0x6000000
0 1 R 0x8203400
0 1 R 0x8205440
0 1 R 0x204240
0 1 W 0x204240
0 1 R 0x4008100
0 1 R 0x400A140
0 1 R 0x400C180
0 1 R 0x400E1C0
0 1 R 0x306240
0 1 R 0x6002040
0 1 W 0x6002040
0 1 R 0x8207480
0 1 R 0x82094C0
0 1 R 0x206280
0 1 W 0x206280
0 1 R 0x4000200
0 1 R 0x4002240
0 1 R 0x4004280
0 1 R 0x40062C0
0 1 R 0x308280
0 1 R 0x6004080
0 1 W 0x6004080
0 1 R 0x820B500
0 1 R 0x820D540
0 1 R 0x2082C0
0 1 W 0x2082C0
0 1 R 0x4008300
0 1 R 0x400A340
0 1 R 0x400C380
0 1 R 0x400E3C0
0 1 R 0x30A2C0
0 1 R 0x60060C0
0 1 W 0x60060C0
0 1 R 0x820F580
0 1 R 0x82115C0
0 1 R 0x20A300
0 1 W 0x20A300
0 1 R 0x4000400
0 1 R 0x4002440
0 1 R 0x4004480
0 1 R 0x40064C0
0 1 R 0x30C300
0 1 R 0x6008100
0 1 W 0x6008100
0 1 R 0x8203600
0 1 R 0x8205640
0 1 R 0x20C340
0 1 W 0x20C340
0 1 R 0x4008500
0 1 R 0x400A540
0 1 R 0x400C580
0 1 R 0x400E5C0
0 1 R 0x30E340
0 1 R 0x600A140
0 1 W 0x600A140
0 1 R 0x8207680
0 1 R 0x82096C0
0 1 R 0x20E380
0 1 W 0x20E380
0 1 R 0x4000600
0 1 R 0x4002640
0 1 R 0x4004680
0 1 R 0x40066C0
0 1 R 0x310380
0 1 R 0x600C180
0 1 W 0x600C180
0 1 R 0x820B700
0 1 R 0x820D740
0 1 R 0x2103C0
0 1 W 0x2103C0
0 1 R 0x4008700
0 1 R 0x400A740
0 1 R 0x400C780
0 1 R 0x400E7C0
0 1 R 0x3123C0
0 1 R 0x600E1C0
0 1 W 0x600E1C0
0 1 R 0x820F780
0 1 R 0x82117C0
0 2 R 0x304000
0 2 W 0x304000
0 2 R 0x4000000
0 2 R 0x4002040
0 2 R 0x4004080
0 2 R 0x40060C0
0 2 R 0x406000
0 2 R 0x6000000
0 2 W 0x6000000
0 2 R 0x8304000
0 2 R 0x8306040
0 2 R 0x306040
0 2 W 0x306040
0 2 R 0x4008100
0 2 R 0x400A140
0 2 R 0x400C180
0 2 R 0x400E1C0
0 2 R 0x408040
0 2 R 0x6002040
0 2 W 0x6002040
0 2 R 0x8308080
0 2 R 0x830A0C0
0 2 R 0x308080
0 2 W 0x308080
0 2 R 0x4000200
0 2 R 0x4002240
0 2 R 0x4004280
0 2 R 0x40062C0
0 2 R 0x40A080
0 2 R 0x6004080
0 2 W 0x6004080
0 2 R 0x830C100
0 2 R 0x830E140
0 2 R 0x30A0C0
0 2 W 0x30A0C0
0 2 R 0x4008300
0 2 R 0x400A340
0 2 R 0x400C380
0 2 R 0x400E3C0
0 2 R 0x40C0C0
0 2 R 0x60060C0
0 2 W 0x60060C0
0 2 R 0x8310180
0 2 R 0x83121C0
0 2 R 0x30C100
0 2 W 0x30C100
0 2 R 0x4000400
0 2 R 0x4002440
0 2 R 0x4004480
0 2 R 0x40064C0
0 2 R 0x40E100
0 2 R 0x6008100
0 2 W 0x6008100
0 2 R 0x8304200
0 2 R 0x8306240
0 2 R 0x30E140
0 2 W 0x30E140
0 2 R 0x4008500
0 2 R 0x400A540
0 2 R 0x400C580
0 2 R 0x400E5C0
0 2 R 0x410140
0 2 R 0x600A140
0 2 W 0x600A140
0 2 R 0x8308280
0 2 R 0x830A2C0
0 2 R 0x310180
0 2 W 0x310180
0 2 R 0x4000600
0 2 R 0x4002640
0 2 R 0x4004680
0 2 R 0x40066C0
0 2 R 0x412180
0 2 R 0x600C180
0 2 W 0x600C180
0 2 R 0x830C300
0 2 R 0x830E340
0 2 R 0x3121C0
0 2 W 0x3121C0
0 2 R 0x4008700
0 2 R 0x400A740
0 2 R 0x400C780
0 2 R 0x400E7C0
0 2 R 0x4141C0
0 2 R 0x600E1C0
0 2 W 0x600E1C0
0 2 R 0x8310380
0 2 R 0x83123C0
0 2 R 0x304200
0 2 W 0x304200
0 2 R 0x4000000
0 2 R 0x4002040
0 2 R 0x4004080
0 2 R 0x40060C0
0 2 R 0x406200
0 2 R 0x6000000
0 2 W 0x6000000
0 2 R 0x8304400
0 2 R 0x8306440
0 2 R 0x306240
0 2 W 0x306240
0 2 R 0x4008100
0 2 R 0x400A140
0 2 R 0x400C180
0 2 R 0x400E1C0
0 2 R 0x408240
0 2 R 0x6002040
0 2 W 0x6002040
0 2 R 0x8308480
0 2 R 0x830A4C0
0 2 R 0x308280
0 2 W 0x308280
0 2 R 0x4000200
0 2 R 0x4002240
0 2 R 0x4004280
0 2 R 0x40062C0
0 2 R 0x40A280
0 2 R 0x6004080
0 2 W 0x6004080
0 2 R 0x830C500
0 2 R 0x830E540
0 2 R 0x30A2C0
0 2 W 0x30A2C0
0 2 R 0x4008300
0 2 R 0x400A340
0 2 R 0x400C380
0 2 R 0x400E3C0
0 2 R 0x40C2C0
0 2 R 0x60060C0
0 2 W 0x60060C0
0 2 R 0x8310580
0 2 R 0x83125C0
0 2 R 0x30C300
0 2 W 0x30C300
0 2 R 0x4000400
0 2 R 0x4002440
0 2 R 0x4004480
0 2 R 0x40064C0
0 2 R 0x40E300
0 2 R 0x6008100
0 2 W 0x6008100
0 2 R 0x8304600
0 2 R 0x8306640
0 2 R 0x30E340
0 2 W 0x30E340
0 2 R 0x4008500
0 2 R 0x400A540
0 2 R 0x400C580
0 2 R 0x400E5C0
0 2 R 0x410340
0 2 R 0x600A140
0 2 W 0x600A140
0 2 R 0x8308680
0 2 R 0x830A6C0
0 2 R 0x310380
0 2 W 0x310380
0 2 R 0x4000600
0 2 R 0x4002640
0 2 R 0x4004680
0 2 R 0x40066C0
0 2 R 0x412380
0 2 R 0x600C180
0 2 W 0x600C180
0 2 R 0x830C700
0 2 R 0x830E740
0 2 R 0x3123C0
0 2 W 0x3123C0
0 2 R 0x4008700
0 2 R 0x400A740
0 2 R 0x400C780
0 2 R 0x400E7C0
0 2 R 0x4143C0
0 2 R 0x600E1C0
0 2 W 0x600E1C0
0 2 R 0x8310780
0 2 R 0x83127C0
0 2 R 0x304400
0 2 W 0x304400
0 2 R 0x4000000
0 2 R 0x4002040
0 2 R 0x4004080
0 2 R 0x40060C0
0 2 R 0x406400
0 2 R 0x6000000
0 2 W 0x6000000
0 2 R 0x8304800
0 2 R 0x8306840
0 2 R 0x306440
0 2 W 0x306440
0 2 R 0x4008100
0 2 R 0x400A140
0 2 R 0x400C180
0 2 R 0x400E1C0
0 2 R 0x408440
0 2 R 0x6002040
0 2 W 0x6002040
0 2 R 0x8308880
0 2 R 0x830A8C0
0 2 R 0x308480
0 2 W 0x308480
0 2 R 0x4000200
0 2 R 0x4002240
0 2 R 0x4004280
0 2 R 0x40062C0
0 2 R 0x40A480
0 2 R 0x6004080
0 2 W 0x6004080
0 2 R 0x830C900
0 2 R 0x830E940
0 2 R 0x30A4C0
0 2 W 0x30A4C0
0 2 R 0x4008300
0 2 R 0x400A340
0 2 R 0x400C380
0 2 R 0x400E3C0
0 2 R 0x40C4C0
0 2 R 0x60060C0
0 2 W 0x60060C0
0 2 R 0x8310980
0 2 R 0x83129C0
0 2 R 0x30C500
0 2 W 0x30C500
0 2 R 0x4000400
0 2 R 0x4002440
0 2 R 0x4004480
0 2 R 0x40064C0
0 2 R 0x40E500
0 2 R 0x6008100
0 2 W 0x6008100
0 2 R 0x8304A00
0 2 R 0x8306A40
0 2 R 0x30E540
0 2 W 0x30E540
0 2 R 0x4008500
0 2 R 0x400A540
0 2 R 0x400C580
0 2 R 0x400E5C0
0 2 R 0x410540
0 2 R 0x600A140
0 2 W 0x600A140
0 2 R 0x8308A80
0 2 R 0x830AAC0
0 2 R 0x310580
0 2 W 0x310580
0 2 R 0x4000600
0 2 R 0x4002640
0 2 R 0x4004680
0 2 R 0x40066C0
0 2 R 0x412580
0 2 R 0x600C180
0 2 W 0x600C180
0 2 R 0x830CB00
0 2 R 0x830EB40
0 2 R 0x3125C0
0 2 W 0x3125C0
0 2 R 0x4008700
0 2 R 0x400A740
0 2 R 0x400C780
0 2 R 0x400E7C0
0 2 R 0x4145C0
0 2 R 0x600E1C0
0 2 W 0x600E1C0
0 2 R 0x8310B80
0 2 R 0x8312BC0
0 2 R 0x304600
0 2 W 0x304600
0 2 R 0x4000000
0 2 R 0x4002040
0 2 R 0x4004080
0 2 R 0x40060C0
0 2 R 0x406600
0 2 R 0x6000000
0 2 W 0x6000000
0 2 R 0x8304C00
0 2 R 0x8306C40
0 2 R 0x306640
0 2 W 0x306640
0 2 R 0x4008100
0 2 R 0x400A140
0 2 R 0x400C180
0 2 R 0x400E1C0
0 2 R 0x408640
0 2 R 0x6002040
0 2 W 0x6002040
0 2 R 0x8308C80
0 2 R 0x830ACC0
0 2 R 0x308680
0 2 W 0x308680
0 2 R 0x4000200
0 2 R 0x4002240
0 2 R 0x4004280
0 2 R 0x40062C0
0 2 R 0x40A680
0 2 R 0x6004080
0 2 W 0x6004080
0 2 R 0x830CD00
0 2 R 0x830ED40
0 2 R 0x30A6C0
0 2 W 0x30A6C0
0 2 R 0x4008300
0 2 R 0x400A340
0 2 R 0x400C380
0 2 R 0x400E3C0
0 2 R 0x40C6C0
0 2 R 0x60060C0
0 2 W 0x60060C0
0 2 R 0x8310D80
0 2 R 0x8312DC0
0 2 R 0x30C700
0 2 W 0x30C700
0 2 R 0x4000400
0 2 R 0x4002440
0 2 R 0x4004480
0 2 R 0x40064C0
0 2 R 0x40E700
0 2 R 0x6008100
0 2 W 0x6008100
0 2 R 0x8304E00
0 2 R 0x8306E40
0 2 R 0x30E740
0 2 W 0x30E740
0 2 R 0x4008500
0 2 R 0x400A540
0 2 R 0x400C580
0 2 R 0x400E5C0
0 2 R 0x410740
0 2 R 0x600A140
0 2 W 0x600A140
0 2 R 0x8308E80
0 2 R 0x830AEC0
0 2 R 0x310780
0 2 W 0x310780
0 2 R 0x4000600
0 2 R 0x4002640
0 2 R 0x4004680
0 2 R 0x40066C0
0 2 R 0x412780
0 2 R 0x600C180
0 2 W 0x600C180
0 2 R 0x830CF00
0 2 R 0x830EF40
0 2 R 0x3127C0
0 2 W 0x3127C0
0 2 R 0x4008700
0 2 R 0x400A740
0 2 R 0x400C780
0 2 R 0x400E7C0
0 2 R 0x4147C0
0 2 R 0x600E1C0
0 2 W 0x600E1C0
0 2 R 0x8310F80
0 2 R 0x8312FC0
0 2 R 0x304000
0 2 W 0x304000
0 2 R 0x4000000
0 2 R 0x4002040
0 2 R 0x4004080
0 2 R 0x40060C0
0 2 R 0x406000
0 2 R 0x6000000
0 2 W 0x6000000
0 2 R 0x8305000
0 2 R 0x8307040
0 2 R 0x306040
0 2 W 0x306040
0 2 R 0x4008100
0 2 R 0x400A140
0 2 R 0x400C180
0 2 R 0x400E1C0
0 2 R 0x408040
0 2 R 0x6002040
0 2 W 0x6002040
0 2 R 0x8309080
0 2 R 0x830B0C0
0 2 R 0x308080
0 2 W 0x308080
0 2 R 0x4000200
0 2 R 0x4002240
0 2 R 0x4004280
0 2 R 0x40062C0
0 2 R 0x40A080
0 2 R 0x6004080
0 2 W 0x6004080
0 2 R 0x830D100
0 2 R 0x830F140
0 2 R 0x30A0C0
0 2 W 0x30A0C0
0 2 R 0x4008300
0 2 R 0x400A340
0 2 R 0x400C380
0 2 R 0x400E3C0
0 2 R 0x40C0C0
0 2 R 0x60060C0
0 2 W 0x60060C0
0 2 R 0x8311180
0 2 R 0x83131C0
0 2 R 0x30C100
0 2 W 0x30C100
0 2 R 0x4000400
0 2 R 0x4002440
0 2 R 0x4004480
0 2 R 0x40064C0
0 2 R 0x40E100
0 2 R 0x6008100
0 2 W 0x6008100
0 2 R 0x8305200
0 2 R 0x8307240
0 2 R 0x30E140
0 2 W 0x30E140
0 2 R 0x4008500
0 2 R 0x400A540
0 2 R 0x400C580
0 2 R 0x400E5C0
0 2 R 0x410140
0 2 R 0x600A140
0 2 W 0x600A140
0 2 R 0x8309280
0 2 R 0x830B2C0
0 2 R 0x310180
0 2 W 0x310180
0 2 R 0x4000600
0 2 R 0x4002640
0 2 R 0x4004680
0 2 R 0x40066C0
0 2 R 0x412180
0 2 R 0x600C180
0 2 W 0x600C180
0 2 R 0x830D300
0 2 R 0x830F340
0 2 R 0x3121C0
0 2 W 0x3121C0
0 2 R 0x4008700
0 2 R 0x400A740
0 2 R 0x400C780
0 2 R 0x400E7C0
0 2 R 0x4141C0
0 2 R 0x600E1C0
0 2 W 0x600E1C0
0 2 R 0x8311380
0 2 R 0x83133C0
0 2 R 0x304200
0 2 W 0x304200
0 2 R 0x4000000
0 2 R 0x4002040
0 2 R 0x4004080
0 2 R 0x40060C0
0 2 R 0x406200
0 2 R 0x6000000
0 2 W 0x6000000
0 2 R 0x8305400
0 2 R 0x8307440
0 2 R 0x306240
0 2 W 0x306240
0 2 R 0x4008100
0 2 R 0x400A140
0 2 R 0x400C180
0 2 R 0x400E1C0
0 2 R 0x408240
0 2 R 0x6002040
0 2 W 0x6002040
0 2 R 0x8309480
0 2 R 0x830B4C0
0 2 R 0x308280
0 2 W 0x308280
0 2 R 0x4000200
0 2 R 0x4002240
0 2 R 0x4004280
0 2 R 0x40062C0
0 2 R 0x40A280
0 2 R 0x6004080
0 2 W 0x6004080
0 2 R 0x830D500
0 2 R 0x830F540
0 2 R 0x30A2C0
0 2 W 0x30A2C0
0 2 R 0x4008300
0 2 R 0x400A340
0 2 R 0x400C380
0 2 R 0x400E3C0
0 2 R 0x40C2C0
0 2 R 0x60060C0
0 2 W 0x60060C0
0 2 R 0x8311580
0 2 R 0x83135C0
0 2 R 0x30C300
0 2 W 0x30C300
0 2 R 0x4000400
0 2 R 0x4002440
0 2 R 0x4004480
0 2 R 0x40064C0
0 2 R 0x40E300
0 2 R 0x6008100
0 2 W 0x6008100
0 2 R 0x8305600
0 2 R 0x8307640
0 2 R 0x30E340
0 2 W 0x30E340
0 2 R 0x4008500
0 2 R 0x400A540
0 2 R 0x400C580
0 2 R 0x400E5C0
0 2 R 0x410340
0 2 R 0x600A140
0 2 W 0x600A140
0 2 R 0x8309680
0 2 R 0x830B6C0
0 2 R 0x310380
0 2 W 0x310380
0 2 R 0x4000600
0 2 R 0x4002640
0 2 R 0x4004680
0 2 R 0x40066C0
0 2 R 0x412380
0 2 R 0x600C180
0 2 W 0x600C180
0 2 R 0x830D700
0 2 R 0x830F740
0 2 R 0x3123C0
0 2 W 0x3123C0
0 2 R 0x4008700
0 2 R 0x400A740
0 2 R 0x400C780
0 2 R 0x400E7C0
0 2 R 0x4143C0
0 2 R 0x600E1C0
0 2 W 0x600E1C0
0 2 R 0x8311780
0 2 R 0x83137C0
0 3 R 0x406000
0 3 W 0x406000
0 3 R 0x4000000
0 3 R 0x4002040
0 3 R 0x4004080
0 3 R 0x40060C0
0 3 R 0x508000
0 3 R 0x6000000
0 3 W 0x6000000
0 3 R 0x8406000
0 3 R 0x8408040
0 3 R 0x408040
0 3 W 0x408040
0 3 R 0x4008100
0 3 R 0x400A140
0 3 R 0x400C180
0 3 R 0x400E1C0
0 3 R 0x50A040
0 3 R 0x6002040
0 3 W 0x6002040
0 3 R 0x840A080
0 3 R 0x840C0C0
0 3 R 0x40A080
0 3 W 0x40A080
0 3 R 0x4000200
0 3 R 0x4002240
0 3 R 0x4004280
0 3 R 0x40062C0
0 3 R 0x50C080
0 3 R 0x6004080
0 3 W 0x6004080
0 3 R 0x840E100
0 3 R 0x8410140
0 3 R 0x40C0C0
0 3 W 0x40C0C0
0 3 R 0x4008300
0 3 R 0x400A340
0 3 R 0x400C380
0 3 R 0x400E3C0
0 3 R 0x50E0C0
0 3 R 0x60060C0
0 3 W 0x60060C0
0 3 R 0x8412180
0 3 R 0x84141C0
0 3 R 0x40E100
0 3 W 0x40E100
0 3 R 0x4000400
0 3 R 0x4002440
0 3 R 0x4004480
0 3 R 0x40064C0
0 3 R 0x510100
0 3 R 0x6008100
0 3 W 0x6008100
0 3 R 0x8406200
0 3 R 0x8408240
0 3 R 0x410140
0 3 W 0x410140
0 3 R 0x4008500
0 3 R 0x400A540
0 3 R 0x400C580
0 3 R 0x400E5C0
0 3 R 0x512140
0 3 R 0x600A140
0 3 W 0x600A140
0 3 R 0x840A280
0 3 R 0x840C2C0
0 3 R 0x412180
0 3 W 0x412180
0 3 R 0x4000600
0 3 R 0x4002640
0 3 R 0x4004680
0 3 R 0x40066C0
0 3 R 0x514180
0 3 R 0x600C180
0 3 W 0x600C180
0 3 R 0x840E300
0 3 R 0x8410340
0 3 R 0x4141C0
0 3 W 0x4141C0
0 3 R 0x4008700
0 3 R 0x400A740
0 3 R 0x400C780
0 3 R 0x400E7C0
0 3 R 0x5161C0
0 3 R 0x600E1C0
0 3 W 0x600E1C0
0 3 R 0x8412380
0 3 R 0x84143C0
0 3 R 0x406200
0 3 W 0x406200
0 3 R 0x4000000
0 3 R 0x4002040
0 3 R 0x4004080
0 3 R 0x40060C0
0 3 R 0x508200
0 3 R 0x6000000
0 3 W 0x6000000
0 3 R 0x8406400
0 3 R 0x8408440
0 3 R 0x408240
0 3 W 0x408240
0 3 R 0x4008100
0 3 R 0x400A140
0 3 R 0x400C180
0 3 R 0x400E1C0
0 3 R 0x50A240
0 3 R 0x6002040
0 3 W 0x6002040
0 3 R 0x840A480
0 3 R 0x840C4C0
0 3 R 0x40A280
0 3 W 0x40A280
0 3 R 0x4000200
0 3 R 0x4002240
0 3 R 0x4004280
0 3 R 0x40062C0
0 3 R 0x50C280
0 3 R 0x6004080
0 3 W 0x6004080
0 3 R 0x840E500
0 3 R 0x8410540
0 3 R 0x40C2C0
0 3 W 0x40C2C0
0 3 R 0x4008300
0 3 R 0x400A340
0 3 R 0x400C380
0 3 R 0x400E3C0
0 3 R 0x50E2C0
0 3 R 0x60060C0
0 3 W 0x60060C0
0 3 R 0x8412580
0 3 R 0x84145C0
0 3 R 0x40E300
0 3 W 0x40E300
0 3 R 0x4000400
0 3 R 0x4002440
0 3 R 0x4004480
0 3 R 0x40064C0
0 3 R 0x510300
0 3 R 0x6008100
0 3 W 0x6008100
0 3 R 0x8406600
0 3 R 0x8408640
0 3 R 0x410340
0 3 W 0x410340
0 3 R 0x4008500
0 3 R 0x400A540
0 3 R 0x400C580
0 3 R 0x400E5C0
0 3 R 0x512340
0 3 R 0x600A140
0 3 W 0x600A140
0 3 R 0x840A680
0 3 R 0x840C6C0
0 3 R 0x412380
0 3 W 0x412380
0 3 R 0x4000600
0 3 R 0x4002640
0 3 R 0x4004680
0 3 R 0x40066C0
0 3 R 0x514380
0 3 R 0x600C180
0 3 W 0x600C180
0 3 R 0x840E700
0 3 R 0x8410740
0 3 R 0x4143C0
0 3 W 0x4143C0
0 3 R 0x4008700
0 3 R 0x400A740
0 3 R 0x400C780
0 3 R 0x400E7C0
0 3 R 0x5163C0
0 3 R 0x600E1C0
0 3 W 0x600E1C0
0 3 R 0x8412780
0 3 R 0x84147C0
0 3 R 0x406400
0 3 W 0x406400
0 3 R 0x4000000
0 3 R 0x4002040
0 3 R 0x4004080
0 3 R 0x40060C0
0 3 R 0x508400
0 3 R 0x6000000
0 3 W 0x6000000
0 3 R 0x8406800
0 3 R 0x8408840
0 3 R 0x408440
0 3 W 0x408440
0 3 R 0x4008100
0 3 R 0x400A140
0 3 R 0x400C180
0 3 R 0x400E1C0
0 3 R 0x50A440
0 3 R 0x6002040
0 3 W 0x6002040
0 3 R 0x840A880
0 3 R 0x840C8C0
0 3 R 0x40A480
0 3 W 0x40A480
0 3 R 0x4000200
0 3 R 0x4002240
0 3 R 0x4004280
0 3 R 0x40062C0
0 3 R 0x50C480
0 3 R 0x6004080
0 3 W 0x6004080
0 3 R 0x840E900
0 3 R 0x8410940
0 3 R 0x40C4C0
0 3 W 0x40C4C0
0 3 R 0x4008300
0 3 R 0x400A340
0 3 R 0x400C380
0 3 R 0x400E3C0
0 3 R 0x50E4C0
0 3 R 0x60060C0
0 3 W 0x60060C0
0 3 R 0x8412980
0 3 R 0x84149C0
0 3 R 0x40E500
0 3 W 0x40E500
0 3 R 0x4000400
0 3 R 0x4002440
0 3 R 0x4004480
0 3 R 0x40064C0
0 3 R 0x510500
0 3 R 0x6008100
0 3 W 0x6008100
0 3 R 0x8406A00
0 3 R 0x8408A40
0 3 R 0x410540
0 3 W 0x410540
0 3 R 0x4008500
0 3 R 0x400A540
0 3 R 0x400C580
0 3 R 0x400E5C0
0 3 R 0x512540
0 3 R 0x600A140
0 3 W 0x600A140
0 3 R 0x840AA80
0 3 R 0x840CAC0
0 3 R 0x412580
0 3 W 0x412580
0 3 R 0x4000600
0 3 R 0x4002640
0 3 R 0x4004680
0 3 R 0x40066C0
0 3 R 0x514580
0 3 R 0x600C180
0 3 W 0x600C180
0 3 R 0x840EB00
0 3 R 0x8410B40
0 3 R 0x4145C0
0 3 W 0x4145C0
0 3 R 0x4008700
0 3 R 0x400A740
0 3 R 0x400C780
0 3 R 0x400E7C0
0 3 R 0x5165C0
0 3 R 0x600E1C0
0 3 W 0x600E1C0
0 3 R 0x8412B80
0 3 R 0x8414BC0
0 3 R 0x406600
0 3 W 0x406600
0 3 R 0x4000000
0 3 R 0x4002040
0 3 R 0x4004080
0 3 R 0x40060C0
0 3 R 0x508600
0 3 R 0x6000000
0 3 W 0x6000000
0 3 R 0x8406C00
0 3 R 0x8408C40
0 3 R 0x408640
0 3 W 0x408640
0 3 R 0x4008100
0 3 R 0x400A140
0 3 R 0x400C180
0 3 R 0x400E1C0
0 3 R 0x50A640
0 3 R 0x6002040
0 3 W 0x6002040
0 3 R 0x840AC80
0 3 R 0x840CCC0
0 3 R 0x40A680
0 3 W 0x40A680
0 3 R 0x4000200
0 3 R 0x4002240
0 3 R 0x4004280
0 3 R 0x40062C0
0 3 R 0x50C680
0 3 R 0x6004080
0 3 W 0x6004080
0 3 R 0x840ED00
0 3 R 0x8410D40
0 3 R 0x40C6C0
0 3 W 0x40C6C0
0 3 R 0x4008300
0 3 R 0x400A340
0 3 R 0x400C380
0 3 R 0x400E3C0
0 3 R 0x50E6C0
0 3 R 0x60060C0
0 3 W 0x60060C0
0 3 R 0x8412D80
0 3 R 0x8414DC0
0 3 R 0x40E700
0 3 W 0x40E700
0 3 R 0x4000400
0 3 R 0x4002440
0 3 R 0x4004480
0 3 R 0x40064C0
0 3 R 0x510700
0 3 R 0x6008100
0 3 W 0x6008100
0 3 R 0x8406E00
0 3 R 0x8408E40
0 3 R 0x410740
0 3 W 0x410740
0 3 R 0x4008500
0 3 R 0x400A540
0 3 R 0x400C580
0 3 R 0x400E5C0
0 3 R 0x512740
0 3 R 0x600A140
0 3 W 0x600A140
0 3 R 0x840AE80
0 3 R 0x840CEC0
0 3 R 0x412780
0 3 W 0x412780
0 3 R 0x4000600
0 3 R 0x4002640
0 3 R 0x4004680
0 3 R 0x40066C0
0 3 R 0x514780
0 3 R 0x600C180
0 3 W 0x600C180
0 3 R 0x840EF00
0 3 R 0x8410F40
0 3 R 0x4147C0
0 3 W 0x4147C0
0 3 R 0x4008700
0 3 R 0x400A740
0 3 R 0x400C780
0 3 R 0x400E7C0
0 3 R 0x5167C0
0 3 R 0x600E1C0
0 3 W 0x600E1C0
0 3 R 0x8412F80
0 3 R 0x8414FC0
0 3 R 0x406000
0 3 W 0x406000
0 3 R 0x4000000
0 3 R 0x4002040
0 3 R 0x4004080
0 3 R 0x40060C0
0 3 R 0x508000
0 3 R 0x6000000
0 3 W 0x6000000
0 3 R 0x8407000
0 3 R 0x8409040
0 3 R 0x408040
0 3 W 0x408040
0 3 R 0x4008100
0 3 R 0x400A140
0 3 R 0x400C180
0 3 R 0x400E1C0
0 3 R 0x50A040
0 3 R 0x6002040
0 3 W 0x6002040
0 3 R 0x840B080
0 3 R 0x840D0C0
0 3 R 0x40A080
0 3 W 0x40A080
0 3 R 0x4000200
0 3 R 0x4002240
0 3 R 0x4004280
0 3 R 0x40062C0
0 3 R 0x50C080
0 3 R 0x6004080
0 3 W 0x6004080
0 3 R 0x840F100
0 3 R 0x8411140
0 3 R 0x40C0C0
0 3 W 0x40C0C0
0 3 R 0x4008300
0 3 R 0x400A340
0 3 R 0x400C380
0 3 R 0x400E3C0
0 3 R 0x50E0C0
0 3 R 0x60060C0
0 3 W 0x60060C0
0 3 R 0x8413180
0 3 R 0x84151C0
0 3 R 0x40E100
0 3 W 0x40E100
0 3 R 0x4000400
0 3 R 0x4002440
0 3 R 0x4004480
0 3 R 0x40064C0
0 3 R 0x510100
0 3 R 0x6008100
0 3 W 0x6008100
0 3 R 0x8407200
0 3 R 0x8409240
0 3 R 0x410140
0 3 W 0x410140
0 3 R 0x4008500
0 3 R 0x400A540
0 3 R 0x400C580
0 3 R 0x400E5C0
0 3 R 0x512140
0 3 R 0x600A140
0 3 W 0x600A140
0 3 R 0x840B280
0 3 R 0x840D2C0
0 3 R 0x412180
0 3 W 0x412180
0 3 R 0x4000600
0 3 R 0x4002640
0 3 R 0x4004680
0 3 R 0x40066C0
0 3 R 0x514180
0 3 R 0x600C180
0 3 W 0x600C180
0 3 R 0x840F300
0 3 R 0x8411340
0 3 R 0x4141C0
0 3 W 0x4141C0
0 3 R 0x4008700
0 3 R 0x400A740
0 3 R 0x400C780
0 3 R 0x400E7C0
0 3 R 0x5161C0
0 3 R 0x600E1C0
0 3 W 0x600E1C0
0 3 R 0x8413380
0 3 R 0x84153C0
0 3 R 0x406200
0 3 W 0x406200
0 3 R 0x4000000
0 3 R 0x4002040
0 3 R 0x4004080
0 3 R 0x40060C0
0 3 R 0x508200
0 3 R 0x6000000
0 3 W 0x6000000
0 3 R 0x8407400
0 3 R 0x8409440
0 3 R 0x408240
0 3 W 0x408240
0 3 R 0x4008100
0 3 R 0x400A140
0 3 R 0x400C180
0 3 R 0x400E1C0
0 3 R 0x50A240
0 3 R 0x6002040
0 3 W 0x6002040
0 3 R 0x840B480
0 3 R 0x840D4C0
0 3 R 0x40A280
0 3 W 0x40A280
0 3 R 0x4000200
0 3 R 0x4002240
0 3 R 0x4004280
0 3 R 0x40062C0
0 3 R 0x50C280
0 3 R 0x6004080
0 3 W 0x6004080
0 3 R 0x840F500
0 3 R 0x8411540
0 3 R 0x40C2C0
0 3 W 0x40C2C0
0 3 R 0x4008300
0 3 R 0x400A340
0 3 R 0x400C380
0 3 R 0x400E3C0
0 3 R 0x50E2C0
0 3 R 0x60060C0
0 3 W 0x60060C0
0 3 R 0x8413580
0 3 R 0x84155C0
0 3 R 0x40E300
0 3 W 0x40E300
0 3 R 0x4000400
0 3 R 0x4002440
0 3 R 0x4004480
0 3 R 0x40064C0
0 3 R 0x510300
0 3 R 0x6008100
0 3 W 0x6008100
0 3 R 0x8407600
0 3 R 0x8409640
0 3 R 0x410340
0 3 W 0x410340
0 3 R 0x4008500
0 3 R 0x400A540
0 3 R 0x400C580
0 3 R 0x400E5C0
0 3 R 0x512340
0 3 R 0x600A140
0 3 W 0x600A140
0 3 R 0x840B680
0 3 R 0x840D6C0
0 3 R 0x412380
0 3 W 0x412380
0 3 R 0x4000600
0 3 R 0x4002640
0 3 R 0x4004680
0 3 R 0x40066C0
0 3 R 0x514380
0 3 R 0x600C180
0 3 W 0x600C180
0 3 R 0x840F700
0 3 R 0x8411740
0 3 R 0x4143C0
0 3 W 0x4143C0
0 3 R 0x4008700
0 3 R 0x400A740
0 3 R 0x400C780
0 3 R 0x400E7C0
0 3 R 0x5163C0
0 3 R 0x600E1C0
0 3 W 0x600E1C0
0 3 R 0x8413780
0 3 R 0x84157C0
0 4 R 0x508000
0 4 W 0x508000
0 4 R 0x4000000
0 4 R 0x4002040
0 4 R 0x4004080
0 4 R 0x40060C0
0 4 R 0x60A000
0 4 R 0x6000000
0 4 W 0x6000000
0 4 R 0x8508000
0 4 R 0x850A040
0 4 R 0x50A040
0 4 W 0x50A040
0 4 R 0x4008100
0 4 R 0x400A140
0 4 R 0x400C180
0 4 R 0x400E1C0
0 4 R 0x60C040
0 4 R 0x6002040
0 4 W 0x6002040
0 4 R 0x850C080
0 4 R 0x850E0C0
0 4 R 0x50C080
0 4 W 0x50C080
0 4 R 0x4000200
0 4 R 0x4002240
0 4 R 0x4004280
0 4 R 0x40062C0
0 4 R 0x60E080
0 4 R 0x6004080
0 4 W 0x6004080
0 4 R 0x8510100
0 4 R 0x8512140
0 4 R 0x50E0C0
0 4 W 0x50E0C0
0 4 R 0x4008300
0 4 R 0x400A340
0 4 R 0x400C380
0 4 R 0x400E3C0
0 4 R 0x6100C0
0 4 R 0x60060C0
0 4 W 0x60060C0
0 4 R 0x8514180
0 4 R 0x85161C0
0 4 R 0x510100
0 4 W 0x510100
0 4 R 0x4000400
0 4 R 0x4002440
0 4 R 0x4004480
0 4 R 0x40064C0
0 4 R 0x612100
0 4 R 0x6008100
0 4 W 0x6008100
0 4 R 0x8508200
0 4 R 0x850A240
0 4 R 0x512140
0 4 W 0x512140
0 4 R 0x4008500
0 4 R 0x400A540
0 4 R 0x400C580
0 4 R 0x400E5C0
0 4 R 0x614140
0 4 R 0x600A140
0 4 W 0x600A140
0 4 R 0x850C280
0 4 R 0x850E2C0
0 4 R 0x514180
0 4 W 0x514180
0 4 R 0x4000600
0 4 R 0x4002640
0 4 R 0x4004680
0 4 R 0x40066C0
0 4 R 0x616180
0 4 R 0x600C180
0 4 W 0x600C180
0 4 R 0x8510300
0 4 R 0x8512340
0 4 R 0x5161C0
0 4 W 0x5161C0
0 4 R 0x4008700
0 4 R 0x400A740
0 4 R 0x400C780
0 4 R 0x400E7C0
0 4 R 0x6181C0
0 4 R 0x600E1C0
0 4 W 0x600E1C0
0 4 R 0x8514380
0 4 R 0x85163C0
0 4 R 0x508200
0 4 W 0x508200
0 4 R 0x4000000
0 4 R 0x4002040
0 4 R 0x4004080
0 4 R 0x40060C0
0 4 R 0x60A200
0 4 R 0x6000000
0 4 W 0x6000000
0 4 R 0x8508400
0 4 R 0x850A440
0 4 R 0x50A240
0 4 W 0x50A240
0 4 R 0x4008100
0 4 R 0x400A140
0 4 R 0x400C180
0 4 R 0x400E1C0
0 4 R 0x60C240
0 4 R 0x6002040
0 4 W 0x6002040
0 4 R 0x850C480
0 4 R 0x850E4C0
0 4 R 0x50C280
0 4 W 0x50C280
0 4 R 0x4000200
0 4 R 0x4002240
0 4 R 0x4004280
0 4 R 0x40062C0
0 4 R 0x60E280
0 4 R 0x6004080
0 4 W 0x6004080
0 4 R 0x8510500
0 4 R 0x8512540
0 4 R 0x50E2C0
0 4 W 0x50E2C0
0 4 R 0x4008300
0 4 R 0x400A340
0 4 R 0x400C380
0 4 R 0x400E3C0
0 4 R 0x6102C0
0 4 R 0x60060C0
0 4 W 0x60060C0
0 4 R 0x8514580
0 4 R 0x85165C0
0 4 R 0x510300
0 4 W 0x510300
0 4 R 0x4000400
0 4 R 0x4002440
0 4 R 0x4004480
0 4 R 0x40064C0
0 4 R 0x612300
0 4 R 0x6008100
0 4 W 0x6008100
0 4 R 0x8508600
0 4 R 0x850A640
0 4 R 0x512340
0 4 W 0x512340
0 4 R 0x4008500
0 4 R 0x400A540
0 4 R 0x400C580
0 4 R 0x400E5C0
0 4 R 0x614340
0 4 R 0x600A140
0 4 W 0x600A140
0 4 R 0x850C680
0 4 R 0x850E6C0
0 4 R 0x514380
0 4 W 0x514380
0 4 R 0x4000600
0 4 R 0x4002640
0 4 R 0x4004680
0 4 R 0x40066C0
0 4 R 0x616380
0 4 R 0x600C180
0 4 W 0x600C180
0 4 R 0x8510700
0 4 R 0x8512740
0 4 R 0x5163C0
0 4 W 0x5163C0
0 4 R 0x4008700
0 4 R 0x400A740
0 4 R 0x400C780
0 4 R 0x400E7C0
0 4 R 0x6183C0
0 4 R 0x600E1C0
0 4 W 0x600E1C0
0 4 R 0x8514780
0 4 R 0x85167C0
0 4 R 0x508400
0 4 W 0x508400
0 4 R 0x4000000
0 4 R 0x4002040
0 4 R 0x4004080
0 4 R 0x40060C0
0 4 R 0x60A400
0 4 R 0x6000000
0 4 W 0x6000000
0 4 R 0x8508800
0 4 R 0x850A840
0 4 R 0x50A440
0 4 W 0x50A440
0 4 R 0x4008100
0 4 R 0x400A140
0 4 R 0x400C180
0 4 R 0x400E1C0
0 4 R 0x60C440
0 4 R 0x6002040
0 4 W 0x6002040
0 4 R 0x850C880
0 4 R 0x850E8C0
0 4 R 0x50C480
0 4 W 0x50C480
0 4 R 0x4000200
0 4 R 0x4002240
0 4 R 0x4004280
0 4 R 0x40062C0
0 4 R 0x60E480
0 4 R 0x6004080
0 4 W 0x6004080
0 4 R 0x8510900
0 4 R 0x8512940
0 4 R 0x50E4C0
0 4 W 0x50E4C0
0 4 R 0x4008300
0 4 R 0x400A340
0 4 R 0x400C380
0 4 R 0x400E3C0
0 4 R 0x6104C0
0 4 R 0x60060C0
0 4 W 0x60060C0
0 4 R 0x8514980
0 4 R 0x85169C0
0 4 R 0x510500
0 4 W 0x510500
0 4 R 0x4000400
0 4 R 0x4002440
0 4 R 0x4004480
0 4 R 0x40064C0
0 4 R 0x612500
0 4 R 0x6008100
0 4 W 0x6008100
0 4 R 0x8508A00
0 4 R 0x850AA40
0 4 R 0x512540
0 4 W 0x512540
0 4 R 0x4008500
0 4 R 0x400A540
0 4 R 0x400C580
0 4 R 0x400E5C0
0 4 R 0x614540
0 4 R 0x600A140
0 4 W 0x600A140
0 4 R 0x850CA80
0 4 R 0x850EAC0
0 4 R 0x514580
0 4 W 0x514580
0 4 R 0x4000600
0 4 R 0x4002640
0 4 R 0x4004680
0 4 R 0x40066C0
0 4 R 0x616580
0 4 R 0x600C180
0 4 W 0x600C180
0 4 R 0x8510B00
0 4 R 0x8512B40
0 4 R 0x5165C0
0 4 W 0x5165C0
0 4 R 0x4008700
0 4 R 0x400A740
0 4 R 0x400C780
0 4 R 0x400E7C0
0 4 R 0x6185C0
0 4 R 0x600E1C0
0 4 W 0x600E1C0
0 4 R 0x8514B80
0 4 R 0x8516BC0
0 4 R 0x508600
0 4 W 0x508600
0 4 R 0x4000000
0 4 R 0x4002040
0 4 R 0x4004080
0 4 R 0x40060C0
0 4 R 0x60A600
0 4 R 0x6000000
0 4 W 0x6000000
0 4 R 0x8508C00
0 4 R 0x850AC40
0 4 R 0x50A640
0 4 W 0x50A640
0 4 R 0x4008100
0 4 R 0x400A140
0 4 R 0x400C180
0 4 R 0x400E1C0
0 4 R 0x60C640
0 4 R 0x6002040
0 4 W 0x6002040
0 4 R 0x850CC80
0 4 R 0x850ECC0
0 4 R 0x50C680
0 4 W 0x50C680
0 4 R 0x4000200
0 4 R 0x4002240
0 4 R 0x4004280
0 4 R 0x40062C0
0 4 R 0x60E680
0 4 R 0x6004080
0 4 W 0x6004080
0 4 R 0x8510D00
0 4 R 0x8512D40
0 4 R 0x50E6C0
0 4 W 0x50E6C0
0 4 R 0x4008300
0 4 R 0x400A340
0 4 R 0x400C380
0 4 R 0x400E3C0
0 4 R 0x6106C0
0 4 R 0x60060C0
0 4 W 0x60060C0
0 4 R 0x8514D80
0 4 R 0x8516DC0
0 4 R 0x510700
0 4 W 0x510700
0 4 R 0x4000400
0 4 R 0x4002440
0 4 R 0x4004480
0 4 R 0x40064C0
0 4 R 0x612700
0 4 R 0x6008100
0 4 W 0x6008100
0 4 R 0x8508E00
0 4 R 0x850AE40
0 4 R 0x512740
0 4 W 0x512740
0 4 R 0x4008500
0 4 R 0x400A540
0 4 R 0x400C580
0 4 R 0x400E5C0
0 4 R 0x614740
0 4 R 0x600A140
0 4 W 0x600A140
0 4 R 0x850CE80
0 4 R 0x850EEC0
0 4 R 0x514780
0 4 W 0x514780
0 4 R 0x4000600
0 4 R 0x4002640
0 4 R 0x4004680
0 4 R 0x40066C0
0 4 R 0x616780
0 4 R 0x600C180
0 4 W 0x600C180
0 4 R 0x8510F00
0 4 R 0x8512F40
0 4 R 0x5167C0
0 4 W 0x5167C0
0 4 R 0x4008700
0 4 R 0x400A740
0 4 R 0x400C780
0 4 R 0x400E7C0
0 4 R 0x6187C0
0 4 R 0x600E1C0
0 4 W 0x600E1C0
0 4 R 0x8514F80
0 4 R 0x8516FC0
0 4 R 0x508000
0 4 W 0x508000
0 4 R 0x4000000
0 4 R 0x4002040
0 4 R 0x4004080
0 4 R 0x40060C0
0 4 R 0x60A000
0 4 R 0x6000000
0 4 W 0x6000000
0 4 R 0x8509000
0 4 R 0x850B040
0 4 R 0x50A040
0 4 W 0x50A040
0 4 R 0x4008100
0 4 R 0x400A140
0 4 R 0x400C180
0 4 R 0x400E1C0
0 4 R 0x60C040
0 4 R 0x6002040
0 4 W 0x6002040
0 4 R 0x850D080
0 4 R 0x850F0C0
0 4 R 0x50C080
0 4 W 0x50C080
0 4 R 0x4000200
0 4 R 0x4002240
0 4 R 0x4004280
0 4 R 0x40062C0
0 4 R 0x60E080
0 4 R 0x6004080
0 4 W 0x6004080
0 4 R 0x8511100
0 4 R 0x8513140
0 4 R 0x50E0C0
0 4 W 0x50E0C0
0 4 R 0x4008300
0 4 R 0x400A340
0 4 R 0x400C380
0 4 R 0x400E3C0
0 4 R 0x6100C0
0 4 R 0x60060C0
0 4 W 0x60060C0
0 4 R 0x8515180
0 4 R 0x85171C0
0 4 R 0x510100
0 4 W 0x510100
0 4 R 0x4000400
0 4 R 0x4002440
0 4 R 0x4004480
0 4 R 0x40064C0
0 4 R 0x612100
0 4 R 0x6008100
0 4 W 0x6008100
0 4 R 0x8509200
0 4 R 0x850B240
0 4 R 0x512140
0 4 W 0x512140
0 4 R 0x4008500
0 4 R 0x400A540
0 4 R 0x400C580
0 4 R 0x400E5C0
0 4 R 0x614140
0 4 R 0x600A140
0 4 W 0x600A140
0 4 R 0x850D280
0 4 R 0x850F2C0
0 4 R 0x514180
0 4 W 0x514180
0 4 R 0x4000600
0 4 R 0x4002640
0 4 R 0x4004680
0 4 R 0x40066C0
0 4 R 0x616180
0 4 R 0x600C180
0 4 W 0x600C180
0 4 R 0x8511300
0 4 R 0x8513340
0 4 R 0x5161C0
0 4 W 0x5161C0
0 4 R 0x4008700
0 4 R 0x400A740
0 4 R 0x400C780
0 4 R 0x400E7C0
0 4 R 0x6181C0
0 4 R 0x600E1C0
0 4 W 0x600E1C0
0 4 R 0x8515380
0 4 R 0x85173C0
0 4 R 0x508200
0 4 W 0x508200
0 4 R 0x4000000
0 4 R 0x4002040
0 4 R 0x4004080
0 4 R 0x40060C0
0 4 R 0x60A200
0 4 R 0x6000000
0 4 W 0x6000000
0 4 R 0x8509400
0 4 R 0x850B440
0 4 R 0x50A240
0 4 W 0x50A240
0 4 R 0x4008100
0 4 R 0x400A140
0 4 R 0x400C180
0 4 R 0x400E1C0
0 4 R 0x60C240
0 4 R 0x6002040
0 4 W 0x6002040
0 4 R 0x850D480
0 4 R 0x850F4C0
0 4 R 0x50C280
0 4 W 0x50C280
0 4 R 0x4000200
0 4 R 0x4002240
0 4 R 0x4004280
0 4 R 0x40062C0
0 4 R 0x60E280
0 4 R 0x6004080
0 4 W 0x6004080
0 4 R 0x8511500
0 4 R 0x8513540
0 4 R 0x50E2C0
0 4 W 0x50E2C0
0 4 R 0x4008300
0 4 R 0x400A340
0 4 R 0x400C380
0 4 R 0x400E3C0
0 4 R 0x6102C0
0 4 R 0x60060C0
0 4 W 0x60060C0
0 4 R 0x8515580
0 4 R 0x85175C0
0 4 R 0x510300
0 4 W 0x510300
0 4 R 0x4000400
0 4 R 0x4002440
0 4 R 0x4004480
0 4 R 0x40064C0
0 4 R 0x612300
0 4 R 0x6008100
0 4 W 0x6008100
0 4 R 0x8509600
0 4 R 0x850B640
0 4 R 0x512340
0 4 W 0x512340
0 4 R 0x4008500
0 4 R 0x400A540
0 4 R 0x400C580
0 4 R 0x400E5C0
0 4 R 0x614340
0 4 R 0x600A140
0 4 W 0x600A140
0 4 R 0x850D680
0 4 R 0x850F6C0
0 4 R 0x514380
0 4 W 0x514380
0 4 R 0x4000600
0 4 R 0x4002640
0 4 R 0x4004680
0 4 R 0x40066C0
0 4 R 0x616380
0 4 R 0x600C180
0 4 W 0x600C180
0 4 R 0x8511700
0 4 R 0x8513740
0 4 R 0x5163C0
0 4 W 0x5163C0
0 4 R 0x4008700
0 4 R 0x400A740
0 4 R 0x400C780
0 4 R 0x400E7C0
0 4 R 0x6183C0
0 4 R 0x600E1C0
0 4 W 0x600E1C0
0 4 R 0x8515780
0 4 R 0x85177C0
0 5 R 0x60A000
0 5 W 0x60A000
0 5 R 0x4000000
0 5 R 0x4002040
0 5 R 0x4004080
0 5 R 0x40060C0
0 5 R 0x70C000
0 5 R 0x6000000
0 5 W 0x6000000
0 5 R 0x860A000
0 5 R 0x860C040
0 5 R 0x60C040
0 5 W 0x60C040
0 5 R 0x4008100
0 5 R 0x400A140
0 5 R 0x400C180
0 5 R 0x400E1C0
0 5 R 0x70E040
0 5 R 0x6002040
0 5 W 0x6002040
0 5 R 0x860E080
0 5 R 0x86100C0
0 5 R 0x60E080
0 5 W 0x60E080
0 5 R 0x4000200
0 5 R 0x4002240
0 5 R 0x4004280
0 5 R 0x40062C0
0 5 R 0x710080
0 5 R 0x6004080
0 5 W 0x6004080
0 5 R 0x8612100
0 5 R 0x8614140
0 5 R 0x6100C0
0 5 W 0x6100C0
0 5 R 0x4008300
0 5 R 0x400A340
0 5 R 0x400C380
0 5 R 0x400E3C0
0 5 R 0x7120C0
0 5 R 0x60060C0
0 5 W 0x60060C0
0 5 R 0x8616180
0 5 R 0x86181C0
0 5 R 0x612100
0 5 W 0x612100
0 5 R 0x4000400
0 5 R 0x4002440
0 5 R 0x4004480
0 5 R 0x40064C0
0 5 R 0x714100
0 5 R 0x6008100
0 5 W 0x6008100
0 5 R 0x860A200
0 5 R 0x860C240
0 5 R 0x614140
0 5 W 0x614140
0 5 R 0x4008500
0 5 R 0x400A540
0 5 R 0x400C580
0 5 R 0x400E5C0
0 5 R 0x716140
0 5 R 0x600A140
0 5 W 0x600A140
0 5 R 0x860E280
0 5 R 0x86102C0
0 5 R 0x616180
0 5 W 0x616180
0 5 R 0x4000600
0 5 R 0x4002640
0 5 R 0x4004680
0 5 R 0x40066C0
0 5 R 0x718180
0 5 R 0x600C180
0 5 W 0x600C180
0 5 R 0x8612300
0 5 R 0x8614340
0 5 R 0x6181C0
0 5 W 0x6181C0
0 5 R 0x4008700
0 5 R 0x400A740
0 5 R 0x400C780
0 5 R 0x400E7C0
0 5 R 0x71A1C0
0 5 R 0x600E1C0
0 5 W 0x600E1C0
0 5 R 0x8616380
0 5 R 0x86183C0
0 5 R 0x60A200
0 5 W 0x60A200
0 5 R 0x4000000
0 5 R 0x4002040
0 5 R 0x4004080
0 5 R 0x40060C0
0 5 R 0x70C200
0 5 R 0x6000000
0 5 W 0x6000000
0 5 R 0x860A400
0 5 R 0x860C440
0 5 R 0x60C240
0 5 W 0x60C240
0 5 R 0x4008100
0 5 R 0x400A140
0 5 R 0x400C180
0 5 R 0x400E1C0
0 5 R 0x70E240
0 5 R 0x6002040
0 5 W 0x6002040
0 5 R 0x860E480
0 5 R 0x86104C0
0 5 R 0x60E280
0 5 W 0x60E280
0 5 R 0x4000200
0 5 R 0x4002240
0 5 R 0x4004280
0 5 R 0x40062C0
0 5 R 0x710280
0 5 R 0x6004080
0 5 W 0x6004080
0 5 R 0x8612500
0 5 R 0x8614540
0 5 R 0x6102C0
0 5 W 0x6102C0
0 5 R 0x4008300
0 5 R 0x400A340
0 5 R 0x400C380
0 5 R 0x400E3C0
0 5 R 0x7122C0
0 5 R 0x60060C0
0 5 W 0x60060C0
0 5 R 0x8616580
0 5 R 0x86185C0
0 5 R 0x612300
0 5 W 0x612300
0 5 R 0x4000400
0 5 R 0x4002440
0 5 R 0x4004480
0 5 R 0x40064C0
0 5 R 0x714300
0 5 R 0x6008100
0 5 W 0x6008100
0 5 R 0x860A600
0 5 R 0x860C640
0 5 R 0x614340
0 5 W 0x614340
0 5 R 0x4008500
0 5 R 0x400A540
0 5 R 0x400C580
0 5 R 0x400E5C0
0 5 R 0x716340
0 5 R 0x600A140
0 5 W 0x600A140
0 5 R 0x860E680
0 5 R 0x86106C0
0 5 R 0x616380
0 5 W 0x616380
0 5 R 0x4000600
0 5 R 0x4002640
0 5 R 0x4004680
0 5 R 0x40066C0
0 5 R 0x718380
0 5 R 0x600C180
0 5 W 0x600C180
0 5 R 0x8612700
0 5 R 0x8614740
0 5 R 0x6183C0
0 5 W 0x6183C0
0 5 R 0x4008700
0 5 R 0x400A740
0 5 R 0x400C780
0 5 R 0x400E7C0
0 5 R 0x71A3C0
0 5 R 0x600E1C0
0 5 W 0x600E1C0
0 5 R 0x8616780
0 5 R 0x86187C0
0 5 R 0x60A400
0 5 W 0x60A400
0 5 R 0x4000000
0 5 R 0x4002040
0 5 R 0x4004080
0 5 R 0x40060C0
0 5 R 0x70C400
0 5 R 0x6000000
0 5 W 0x6000000
0 5 R 0x860A800
0 5 R 0x860C840
0 5 R 0x60C440
0 5 W 0x60C440
0 5 R 0x4008100
0 5 R 0x400A140
0 5 R 0x400C180
0 5 R 0x400E1C0
0 5 R 0x70E440
0 5 R 0x6002040
0 5 W 0x6002040
0 5 R 0x860E880
0 5 R 0x86108C0
0 5 R 0x60E480
0 5 W 0x60E480
0 5 R 0x4000200
0 5 R 0x4002240
0 5 R 0x4004280
0 5 R 0x40062C0
0 5 R 0x710480
0 5 R 0x6004080
0 5 W 0x6004080
0 5 R 0x8612900
0 5 R 0x8614940
0 5 R 0x6104C0
0 5 W 0x6104C0
0 5 R 0x4008300
0 5 R 0x400A340
0 5 R 0x400C380
0 5 R 0x400E3C0
0 5 R 0x7124C0
0 5 R 0x60060C0
0 5 W 0x60060C0
0 5 R 0x8616980
0 5 R 0x86189C0
0 5 R 0x612500
0 5 W 0x612500
0 5 R 0x4000400
0 5 R 0x4002440
0 5 R 0x4004480
0 5 R 0x40064C0
0 5 R 0x714500
0 5 R 0x6008100
0 5 W 0x6008100
0 5 R 0x860AA00
0 5 R 0x860CA40
0 5 R 0x614540
0 5 W 0x614540
0 5 R 0x4008500
0 5 R 0x400A540
0 5 R 0x400C580
0 5 R 0x400E5C0
0 5 R 0x716540
0 5 R 0x600A140
0 5 W 0x600A140
0 5 R 0x860EA80
0 5 R 0x8610AC0
0 5 R 0x616580
0 5 W 0x616580
0 5 R 0x4000600
0 5 R 0x4002640
0 5 R 0x4004680
0 5 R 0x40066C0
0 5 R 0x718580
0 5 R 0x600C180
0 5 W 0x600C180
0 5 R 0x8612B00
0 5 R 0x8614B40
0 5 R 0x6185C0
0 5 W 0x6185C0
0 5 R 0x4008700
0 5 R 0x400A740
0 5 R 0x400C780
0 5 R 0x400E7C0
0 5 R 0x71A5C0
0 5 R 0x600E1C0
0 5 W 0x600E1C0
0 5 R 0x8616B80
0 5 R 0x8618BC0
0 5 R 0x60A600
0 5 W 0x60A600
0 5 R 0x4000000
0 5 R 0x4002040
0 5 R 0x4004080
0 5 R 0x40060C0
0 5 R 0x70C600
0 5 R 0x6000000
0 5 W 0x6000000
0 5 R 0x860AC00
0 5 R 0x860CC40
0 5 R 0x60C640
0 5 W 0x60C640
0 5 R 0x4008100
0 5 R 0x400A140
0 5 R 0x400C180
0 5 R 0x400E1C0
0 5 R 0x70E640
0 5 R 0x6002040
0 5 W 0x6002040
0 5 R 0x860EC80
0 5 R 0x8610CC0
0 5 R 0x60E680
0 5 W 0x60E680
0 5 R 0x4000200
0 5 R 0x4002240
0 5 R 0x4004280
0 5 R 0x40062C0
0 5 R 0x710680
0 5 R 0x6004080
0 5 W 0x6004080
0 5 R 0x8612D00
0 5 R 0x8614D40
0 5 R 0x6106C0
0 5 W 0x6106C0
0 5 R 0x4008300
0 5 R 0x400A340
0 5 R 0x400C380
0 5 R 0x400E3C0
0 5 R 0x7126C0
0 5 R 0x60060C0
0 5 W 0x60060C0
0 5 R 0x8616D80
0 5 R 0x8618DC0
0 5 R 0x612700
0 5 W 0x612700
0 5 R 0x4000400
0 5 R 0x4002440
0 5 R 0x4004480
0 5 R 0x40064C0
0 5 R 0x714700
0 5 R 0x6008100
0 5 W 0x6008100
0 5 R 0x860AE00
0 5 R 0x860CE40
0 5 R 0x614740
0 5 W 0x614740
0 5 R 0x4008500
0 5 R 0x400A540
0 5 R 0x400C580
0 5 R 0x400E5C0
0 5 R 0x716740
0 5 R 0x600A140
0 5 W 0x600A140
0 5 R 0x860EE80
0 5 R 0x8610EC0
0 5 R 0x616780
0 5 W 0x616780
0 5 R 0x4000600
0 5 R 0x4002640
0 5 R 0x4004680
0 5 R 0x40066C0
0 5 R 0x718780
0 5 R 0x600C180
0 5 W 0x600C180
0 5 R 0x8612F00
0 5 R 0x8614F40
0 5 R 0x6187C0
0 5 W 0x6187C0
0 5 R 0x4008700
0 5 R 0x400A740
0 5 R 0x400C780
0 5 R 0x400E7C0
0 5 R 0x71A7C0
0 5 R 0x600E1C0
0 5 W 0x600E1C0
0 5 R 0x8616F80
0 5 R 0x8618FC0
0 5 R 0x60A000
0 5 W 0x60A000
0 5 R 0x4000000
0 5 R 0x4002040
0 5 R 0x4004080
0 5 R 0x40060C0
0 5 R 0x70C000
0 5 R 0x6000000
0 5 W 0x6000000
0 5 R 0x860B000
0 5 R 0x860D040
0 5 R 0x60C040
0 5 W 0x60C040
0 5 R 0x4008100
0 5 R 0x400A140
0 5 R 0x400C180
0 5 R 0x400E1C0
0 5 R 0x70E040
0 5 R 0x6002040
0 5 W 0x6002040
0 5 R 0x860F080
0 5 R 0x86110C0
0 5 R 0x60E080
0 5 W 0x60E080
0 5 R 0x4000200
0 5 R 0x4002240
0 5 R 0x4004280
0 5 R 0x40062C0
0 5 R 0x710080
0 5 R 0x6004080
0 5 W 0x6004080
0 5 R 0x8613100
0 5 R 0x8615140
0 5 R 0x6100C0
0 5 W 0x6100C0
0 5 R 0x4008300
0 5 R 0x400A340
0 5 R 0x400C380
0 5 R 0x400E3C0
0 5 R 0x7120C0
0 5 R 0x60060C0
0 5 W 0x60060C0
0 5 R 0x8617180
0 5 R 0x86191C0
0 5 R 0x612100
0 5 W 0x612100
0 5 R 0x4000400
0 5 R 0x4002440
0 5 R 0x4004480
0 5 R 0x40064C0
0 5 R 0x714100
0 5 R 0x6008100
0 5 W 0x6008100
0 5 R 0x860B200
0 5 R 0x860D240
0 5 R 0x614140
0 5 W 0x614140
0 5 R 0x4008500
0 5 R 0x400A540
0 5 R 0x400C580
0 5 R 0x400E5C0
0 5 R 0x716140
0 5 R 0x600A140
0 5 W 0x600A140
0 5 R 0x860F280
0 5 R 0x86112C0
0 5 R 0x616180
0 5 W 0x616180
0 5 R 0x4000600
0 5 R 0x4002640
0 5 R 0x4004680
0 5 R 0x40066C0
0 5 R 0x718180
0 5 R 0x600C180
0 5 W 0x600C180
0 5 R 0x8613300
0 5 R 0x8615340
0 5 R 0x6181C0
0 5 W 0x6181C0
0 5 R 0x4008700
0 5 R 0x400A740
0 5 R 0x400C780
0 5 R 0x400E7C0
0 5 R 0x71A1C0
0 5 R 0x600E1C0
0 5 W 0x600E1C0
0 5 R 0x8617380
0 5 R 0x86193C0
0 5 R 0x60A200
0 5 W 0x60A200
0 5 R 0x4000000
0 5 R 0x4002040
0 5 R 0x4004080
0 5 R 0x40060C0
0 5 R 0x70C200
0 5 R 0x6000000
0 5 W 0x6000000
0 5 R 0x860B400
0 5 R 0x860D440
0 5 R 0x60C240
0 5 W 0x60C240
0 5 R 0x4008100
0 5 R 0x400A140
0 5 R 0x400C180
0 5 R 0x400E1C0
0 5 R 0x70E240
0 5 R 0x6002040
0 5 W 0x6002040
0 5 R 0x860F480
0 5 R 0x86114C0
0 5 R 0x60E280
0 5 W 0x60E280
0 5 R 0x4000200
0 5 R 0x4002240
0 5 R 0x4004280
0 5 R 0x40062C0
0 5 R 0x710280
0 5 R 0x6004080
0 5 W 0x6004080
0 5 R 0x8613500
0 5 R 0x8615540
0 5 R 0x6102C0
0 5 W 0x6102C0
0 5 R 0x4008300
0 5 R 0x400A340
0 5 R 0x400C380
0 5 R 0x400E3C0
0 5 R 0x7122C0
0 5 R 0x60060C0
0 5 W 0x60060C0
0 5 R 0x8617580
0 5 R 0x86195C0
0 5 R 0x612300
0 5 W 0x612300
0 5 R 0x4000400
0 5 R 0x4002440
0 5 R 0x4004480
0 5 R 0x40064C0
0 5 R 0x714300
0 5 R 0x6008100
0 5 W 0x6008100
0 5 R 0x860B600
0 5 R 0x860D640
0 5 R 0x614340
0 5 W 0x614340
0 5 R 0x4008500
0 5 R 0x400A540
0 5 R 0x400C580
0 5 R 0x400E5C0
0 5 R 0x716340
0 5 R 0x600A140
0 5 W 0x600A140
0 5 R 0x860F680
0 5 R 0x86116C0
0 5 R 0x616380
0 5 W 0x616380
0 5 R 0x4000600
0 5 R 0x4002640
0 5 R 0x4004680
0 5 R 0x40066C0
0 5 R 0x718380
0 5 R 0x600C180
0 5 W 0x600C180
0 5 R 0x8613700
0 5 R 0x8615740
0 5 R 0x6183C0
0 5 W 0x6183C0
0 5 R 0x4008700
0 5 R 0x400A740
0 5 R 0x400C780
0 5 R 0x400E7C0
0 5 R 0x71A3C0
0 5 R 0x600E1C0
0 5 W 0x600E1C0
0 5 R 0x8617780
0 5 R 0x86197C0
0 6 R 0x70C000
0 6 W 0x70C000
0 6 R 0x4000000
0 6 R 0x4002040
0 6 R 0x4004080
0 6 R 0x40060C0
0 6 R 0x80E000
0 6 R 0x6000000
0 6 W 0x6000000
0 6 R 0x870C000
0 6 R 0x870E040
0 6 R 0x70E040
0 6 W 0x70E040
0 6 R 0x4008100
0 6 R 0x400A140
0 6 R 0x400C180
0 6 R 0x400E1C0
0 6 R 0x810040
0 6 R 0x6002040
0 6 W 0x6002040
0 6 R 0x8710080
0 6 R 0x87120C0
0 6 R 0x710080
0 6 W 0x710080
0 6 R 0x4000200
0 6 R 0x4002240
0 6 R 0x4004280
0 6 R 0x40062C0
0 6 R 0x812080
0 6 R 0x6004080
0 6 W 0x6004080
0 6 R 0x8714100
0 6 R 0x8716140
0 6 R 0x7120C0
0 6 W 0x7120C0
0 6 R 0x4008300
0 6 R 0x400A340
0 6 R 0x400C380
0 6 R 0x400E3C0
0 6 R 0x8140C0
0 6 R 0x60060C0
0 6 W 0x60060C0
0 6 R 0x8718180
0 6 R 0x871A1C0
0 6 R 0x714100
0 6 W 0x714100
0 6 R 0x4000400
0 6 R 0x4002440
0 6 R 0x4004480
0 6 R 0x40064C0
0 6 R 0x816100
0 6 R 0x6008100
0 6 W 0x6008100
0 6 R 0x870C200
0 6 R 0x870E240
0 6 R 0x716140
0 6 W 0x716140
0 6 R 0x4008500
0 6 R 0x400A540
0 6 R 0x400C580
0 6 R 0x400E5C0
0 6 R 0x818140
0 6 R 0x600A140
0 6 W 0x600A140
0 6 R 0x8710280
0 6 R 0x87122C0
0 6 R 0x718180
0 6 W 0x718180
0 6 R 0x4000600
0 6 R 0x4002640
0 6 R 0x4004680
0 6 R 0x40066C0
0 6 R 0x81A180
0 6 R 0x600C180
0 6 W 0x600C180
0 6 R 0x8714300
0 6 R 0x8716340
0 6 R 0x71A1C0
0 6 W 0x71A1C0
0 6 R 0x4008700
0 6 R 0x400A740
0 6 R 0x400C780
0 6 R 0x400E7C0
0 6 R 0x81C1C0
0 6 R 0x600E1C0
0 6 W 0x600E1C0
0 6 R 0x8718380
0 6 R 0x871A3C0
0 6 R 0x70C200
0 6 W 0x70C200
0 6 R 0x4000000
0 6 R 0x4002040
0 6 R 0x4004080
0 6 R 0x40060C0
0 6 R 0x80E200
0 6 R 0x6000000
0 6 W 0x6000000
0 6 R 0x870C400
0 6 R 0x870E440
0 6 R 0x70E240
0 6 W 0x70E240
0 6 R 0x4008100
0 6 R 0x400A140
0 6 R 0x400C180
0 6 R 0x400E1C0
0 6 R 0x810240
0 6 R 0x6002040
0 6 W 0x6002040
0 6 R 0x8710480
0 6 R 0x87124C0
0 6 R 0x710280
0 6 W 0x710280
0 6 R 0x4000200
0 6 R 0x4002240
0 6 R 0x4004280
0 6 R 0x40062C0
0 6 R 0x812280
0 6 R 0x6004080
0 6 W 0x6004080
0 6 R 0x8714500
0 6 R 0x8716540
0 6 R 0x7122C0
0 6 W 0x7122C0
0 6 R 0x4008300
0 6 R 0x400A340
0 6 R 0x400C380
0 6 R 0x400E3C0
0 6 R 0x8142C0
0 6 R 0x60060C0
0 6 W 0x60060C0
0 6 R 0x8718580
0 6 R 0x871A5C0
0 6 R 0x714300
0 6 W 0x714300
0 6 R 0x4000400
0 6 R 0x4002440
0 6 R 0x4004480
0 6 R 0x40064C0
0 6 R 0x816300
0 6 R 0x6008100
0 6 W 0x6008100
0 6 R 0x870C600
0 6 R 0x870E640
0 6 R 0x716340
0 6 W 0x716340
0 6 R 0x4008500
0 6 R 0x400A540
0 6 R 0x400C580
0 6 R 0x400E5C0
0 6 R 0x818340
0 6 R 0x600A140
0 6 W 0x600A140
0 6 R 0x8710680
0 6 R 0x87126C0
0 6 R 0x718380
0 6 W 0x718380
0 6 R 0x4000600
0 6 R 0x4002640
0 6 R 0x4004680
0 6 R 0x40066C0
0 6 R 0x81A380
0 6 R 0x600C180
0 6 W 0x600C180
0 6 R 0x8714700
0 6 R 0x8716740
0 6 R 0x71A3C0
0 6 W 0x71A3C0
0 6 R 0x4008700
0 6 R 0x400A740
0 6 R 0x400C780
0 6 R 0x400E7C0
0 6 R 0x81C3C0
0 6 R 0x600E1C0
0 6 W 0x600E1C0
0 6 R 0x8718780
0 6 R 0x871A7C0
0 6 R 0x70C400
0 6 W 0x70C400
0 6 R 0x4000000
0 6 R 0x4002040
0 6 R 0x4004080
0 6 R 0x40060C0
0 6 R 0x80E400
0 6 R 0x6000000
0 6 W 0x6000000
0 6 R 0x870C800
0 6 R 0x870E840
0 6 R 0x70E440
0 6 W 0x70E440
0 6 R 0x4008100
0 6 R 0x400A140
0 6 R 0x400C180
0 6 R 0x400E1C0
0 6 R 0x810440
0 6 R 0x6002040
0 6 W 0x6002040
0 6 R 0x8710880
0 6 R 0x87128C0
0 6 R 0x710480
0 6 W 0x710480
0 6 R 0x4000200
0 6 R 0x4002240
0 6 R 0x4004280
0 6 R 0x40062C0
0 6 R 0x812480
0 6 R 0x6004080
0 6 W 0x6004080
0 6 R 0x8714900
0 6 R 0x8716940
0 6 R 0x7124C0
0 6 W 0x7124C0
0 6 R 0x4008300
0 6 R 0x400A340
0 6 R 0x400C380
0 6 R 0x400E3C0
0 6 R 0x8144C0
0 6 R 0x60060C0
0 6 W 0x60060C0
0 6 R 0x8718980
0 6 R 0x871A9C0
0 6 R 0x714500
0 6 W 0x714500
0 6 R 0x4000400
0 6 R 0x4002440
0 6 R 0x4004480
0 6 R 0x40064C0
0 6 R 0x816500
0 6 R 0x6008100
0 6 W 0x6008100
0 6 R 0x870CA00
0 6 R 0x870EA40
0 6 R 0x716540
0 6 W 0x716540
0 6 R 0x4008500
0 6 R 0x400A540
0 6 R 0x400C580
0 6 R 0x400E5C0
0 6 R 0x818540
0 6 R 0x600A140
0 6 W 0x600A140
0 6 R 0x8710A80
0 6 R 0x8712AC0
0 6 R 0x718580
0 6 W 0x718580
0 6 R 0x4000600
0 6 R 0x4002640
0 6 R 0x4004680
0 6 R 0x40066C0
0 6 R 0x81A580
0 6 R 0x600C180
0 6 W 0x600C180
0 6 R 0x8714B00
0 6 R 0x8716B40
0 6 R 0x71A5C0
0 6 W 0x71A5C0
0 6 R 0x4008700
0 6 R 0x400A740
0 6 R 0x400C780
0 6 R 0x400E7C0
0 6 R 0x81C5C0
0 6 R 0x600E1C0
0 6 W 0x600E1C0
0 6 R 0x8718B80
0 6 R 0x871ABC0
0 6 R 0x70C600
0 6 W 0x70C600
0 6 R 0x4000000
0 6 R 0x4002040
0 6 R 0x4004080
0 6 R 0x40060C0
0 6 R 0x80E600
0 6 R 0x6000000
0 6 W 0x6000000
0 6 R 0x870CC00
0 6 R 0x870EC40
0 6 R 0x70E640
0 6 W 0x70E640
0 6 R 0x4008100
0 6 R 0x400A140
0 6 R 0x400C180
0 6 R 0x400E1C0
0 6 R 0x810640
0 6 R 0x6002040
0 6 W 0x6002040
0 6 R 0x8710C80
0 6 R 0x8712CC0
0 6 R 0x710680
0 6 W 0x710680
0 6 R 0x4000200
0 6 R 0x4002240
0 6 R 0x4004280
0 6 R 0x40062C0
0 6 R 0x812680
0 6 R 0x6004080
0 6 W 0x6004080
0 6 R 0x8714D00
0 6 R 0x8716D40
0 6 R 0x7126C0
0 6 W 0x7126C0
0 6 R 0x4008300
0 6 R 0x400A340
0 6 R 0x400C380
0 6 R 0x400E3C0
0 6 R 0x8146C0
0 6 R 0x60060C0
0 6 W 0x60060C0
0 6 R 0x8718D80
0 6 R 0x871ADC0
0 6 R 0x714700
0 6 W 0x714700
0 6 R 0x4000400
0 6 R 0x4002440
0 6 R 0x4004480
0 6 R 0x40064C0
0 6 R 0x816700
0 6 R 0x6008100
0 6 W 0x6008100
0 6 R 0x870CE00
0 6 R 0x870EE40
0 6 R 0x716740
0 6 W 0x716740
0 6 R 0x4008500
0 6 R 0x400A540
0 6 R 0x400C580
0 6 R 0x400E5C0
0 6 R 0x818740
0 6 R 0x600A140
0 6 W 0x600A140
0 6 R 0x8710E80
0 6 R 0x8712EC0
0 6 R 0x718780
0 6 W 0x718780
0 6 R 0x4000600
0 6 R 0x4002640
0 6 R 0x4004680
0 6 R 0x40066C0
0 6 R 0x81A780
0 6 R 0x600C180
0 6 W 0x600C180
0 6 R 0x8714F00
0 6 R 0x8716F40
0 6 R 0x71A7C0
0 6 W 0x71A7C0
0 6 R 0x4008700
0 6 R 0x400A740
0 6 R 0x400C780
0 6 R 0x400E7C0
0 6 R 0x81C7C0
0 6 R 0x600E1C0
0 6 W 0x600E1C0
0 6 R 0x8718F80
0 6 R 0x871AFC0
0 6 R 0x70C000
0 6 W 0x70C000
0 6 R 0x4000000
0 6 R 0x4002040
0 6 R 0x4004080
0 6 R 0x40060C0
0 6 R 0x80E000
0 6 R 0x6000000
0 6 W 0x6000000
0 6 R 0x870D000
0 6 R 0x870F040
0 6 R 0x70E040
0 6 W 0x70E040
0 6 R 0x4008100
0 6 R 0x400A140
0 6 R 0x400C180
0 6 R 0x400E1C0
0 6 R 0x810040
0 6 R 0x6002040
0 6 W 0x6002040
0 6 R 0x8711080
0 6 R 0x87130C0
0 6 R 0x710080
0 6 W 0x710080
0 6 R 0x4000200
0 6 R 0x4002240
0 6 R 0x4004280
0 6 R 0x40062C0
0 6 R 0x812080
0 6 R 0x6004080
0 6 W 0x6004080
0 6 R 0x8715100
0 6 R 0x8717140
0 6 R 0x7120C0
0 6 W 0x7120C0
0 6 R 0x4008300
0 6 R 0x400A340
0 6 R 0x400C380
0 6 R 0x400E3C0
0 6 R 0x8140C0
0 6 R 0x60060C0
0 6 W 0x60060C0
0 6 R 0x8719180
0 6 R 0x871B1C0
0 6 R 0x714100
0 6 W 0x714100
0 6 R 0x4000400
0 6 R 0x4002440
0 6 R 0x4004480
0 6 R 0x40064C0
0 6 R 0x816100
0 6 R 0x6008100
0 6 W 0x6008100
0 6 R 0x870D200
0 6 R 0x870F240
0 6 R 0x716140
0 6 W 0x716140
0 6 R 0x4008500
0 6 R 0x400A540
0 6 R 0x400C580
0 6 R 0x400E5C0
0 6 R 0x818140
0 6 R 0x600A140
0 6 W 0x600A140
0 6 R 0x8711280
0 6 R 0x87132C0
0 6 R 0x718180
0 6 W 0x718180
0 6 R 0x4000600
0 6 R 0x4002640
0 6 R 0x4004680
0 6 R 0x40066C0
0 6 R 0x81A180
0 6 R 0x600C180
0 6 W 0x600C180
0 6 R 0x8715300
0 6 R 0x8717340
0 6 R 0x71A1C0
0 6 W 0x71A1C0
0 6 R 0x4008700
0 6 R 0x400A740
0 6 R 0x400C780
0 6 R 0x400E7C0
0 6 R 0x81C1C0
0 6 R 0x600E1C0
0 6 W 0x600E1C0
0 6 R 0x8719380
0 6 R 0x871B3C0
0 6 R 0x70C200
0 6 W 0x70C200
0 6 R 0x4000000
0 6 R 0x4002040
0 6 R 0x4004080
0 6 R 0x40060C0
0 6 R 0x80E200
0 6 R 0x6000000
0 6 W 0x6000000
0 6 R 0x870D400
0 6 R 0x870F440
0 6 R 0x70E240
0 6 W 0x70E240
0 6 R 0x4008100
0 6 R 0x400A140
0 6 R 0x400C180
0 6 R 0x400E1C0
0 6 R 0x810240
0 6 R 0x6002040
0 6 W 0x6002040
0 6 R 0x8711480
0 6 R 0x87134C0
0 6 R 0x710280
0 6 W 0x710280
0 6 R 0x4000200
0 6 R 0x4002240
0 6 R 0x4004280
0 6 R 0x40062C0
0 6 R 0x812280
0 6 R 0x6004080
0 6 W 0x6004080
0 6 R 0x8715500
0 6 R 0x8717540
0 6 R 0x7122C0
0 6 W 0x7122C0
0 6 R 0x4008300
0 6 R 0x400A340
0 6 R 0x400C380
0 6 R 0x400E3C0
0 6 R 0x8142C0
0 6 R 0x60060C0
0 6 W 0x60060C0
0 6 R 0x8719580
0 6 R 0x871B5C0
0 6 R 0x714300
0 6 W 0x714300
0 6 R 0x4000400
0 6 R 0x4002440
0 6 R 0x4004480
0 6 R 0x40064C0
0 6 R 0x816300
0 6 R 0x6008100
0 6 W 0x6008100
0 6 R 0x870D600
0 6 R 0x870F640
0 6 R 0x716340
0 6 W 0x716340
0 6 R 0x4008500
0 6 R 0x400A540
0 6 R 0x400C580
0 6 R 0x400E5C0
0 6 R 0x818340
0 6 R 0x600A140
0 6 W 0x600A140
0 6 R 0x8711680
0 6 R 0x87136C0
0 6 R 0x718380
0 6 W 0x718380
0 6 R 0x4000600
0 6 R 0x4002640
0 6 R 0x4004680
0 6 R 0x40066C0
0 6 R 0x81A380
0 6 R 0x600C180
0 6 W 0x600C180
0 6 R 0x8715700
0 6 R 0x8717740
0 6 R 0x71A3C0
0 6 W 0x71A3C0
0 6 R 0x4008700
0 6 R 0x400A740
0 6 R 0x400C780
0 6 R 0x400E7C0
0 6 R 0x81C3C0
0 6 R 0x600E1C0
0 6 W 0x600E1C0
0 6 R 0x8719780
0 6 R 0x871B7C0
0 7 R 0x80E000
0 7 W 0x80E000
0 7 R 0x4000000
0 7 R 0x4002040
0 7 R 0x4004080
0 7 R 0x40060C0
0 7 R 0x910000
0 7 R 0x6000000
0 7 W 0x6000000
0 7 R 0x880E000
0 7 R 0x8810040
0 7 R 0x810040
0 7 W 0x810040
0 7 R 0x4008100
0 7 R 0x400A140
0 7 R 0x400C180
0 7 R 0x400E1C0
0 7 R 0x912040
0 7 R 0x6002040
0 7 W 0x6002040
0 7 R 0x8812080
0 7 R 0x88140C0
0 7 R 0x812080
0 7 W 0x812080
0 7 R 0x4000200
0 7 R 0x4002240
0 7 R 0x4004280
0 7 R 0x40062C0
0 7 R 0x914080
0 7 R 0x6004080
0 7 W 0x6004080
0 7 R 0x8816100
0 7 R 0x8818140
0 7 R 0x8140C0
0 7 W 0x8140C0
0 7 R 0x4008300
0 7 R 0x400A340
0 7 R 0x400C380
0 7 R 0x400E3C0
0 7 R 0x9160C0
0 7 R 0x60060C0
0 7 W 0x60060C0
0 7 R 0x881A180
0 7 R 0x881C1C0
0 7 R 0x816100
0 7 W 0x816100
0 7 R 0x4000400
0 7 R 0x4002440
0 7 R 0x4004480
0 7 R 0x40064C0
0 7 R 0x918100
0 7 R 0x6008100
0 7 W 0x6008100
0 7 R 0x880E200
0 7 R 0x8810240
0 7 R 0x818140
0 7 W 0x818140
0 7 R 0x4008500
0 7 R 0x400A540
0 7 R 0x400C580
0 7 R 0x400E5C0
0 7 R 0x91A140
0 7 R 0x600A140
0 7 W 0x600A140
0 7 R 0x8812280
0 7 R 0x88142C0
0 7 R 0x81A180
0 7 W 0x81A180
0 7 R 0x4000600
0 7 R 0x4002640
0 7 R 0x4004680
0 7 R 0x40066C0
0 7 R 0x91C180
0 7 R 0x600C180
0 7 W 0x600C180
0 7 R 0x8816300
0 7 R 0x8818340
0 7 R 0x81C1C0
0 7 W 0x81C1C0
0 7 R 0x4008700
0 7 R 0x400A740
0 7 R 0x400C780
0 7 R 0x400E7C0
0 7 R 0x91E1C0
0 7 R 0x600E1C0
0 7 W 0x600E1C0
0 7 R 0x881A380
0 7 R 0x881C3C0
0 7 R 0x80E200
0 7 W 0x80E200
0 7 R 0x4000000
0 7 R 0x4002040
0 7 R 0x4004080
0 7 R 0x40060C0
0 7 R 0x910200
0 7 R 0x6000000
0 7 W 0x6000000
0 7 R 0x880E400
0 7 R 0x8810440
0 7 R 0x810240
0 7 W 0x810240
0 7 R 0x4008100
0 7 R 0x400A140
0 7 R 0x400C180
0 7 R 0x400E1C0
0 7 R 0x912240
0 7 R 0x6002040
0 7 W 0x6002040
0 7 R 0x8812480
0 7 R 0x88144C0
0 7 R 0x812280
0 7 W 0x812280
0 7 R 0x4000200
0 7 R 0x4002240
0 7 R 0x4004280
0 7 R 0x40062C0
0 7 R 0x914280
0 7 R 0x6004080
0 7 W 0x6004080
0 7 R 0x8816500
0 7 R 0x8818540
0 7 R 0x8142C0
0 7 W 0x8142C0
0 7 R 0x4008300
0 7 R 0x400A340
0 7 R 0x400C380
0 7 R 0x400E3C0
0 7 R 0x9162C0
0 7 R 0x60060C0
0 7 W 0x60060C0
0 7 R 0x881A580
0 7 R 0x881C5C0
0 7 R 0x816300
0 7 W 0x816300
0 7 R 0x4000400
0 7 R 0x4002440
0 7 R 0x4004480
0 7 R 0x40064C0
0 7 R 0x918300
0 7 R 0x6008100
0 7 W 0x6008100
0 7 R 0x880E600
0 7 R 0x8810640
0 7 R 0x818340
0 7 W 0x818340
0 7 R 0x4008500
0 7 R 0x400A540
0 7 R 0x400C580
0 7 R 0x400E5C0
0 7 R 0x91A340
0 7 R 0x600A140
0 7 W 0x600A140
0 7 R 0x8812680
0 7 R 0x88146C0
0 7 R 0x81A380
0 7 W 0x81A380
0 7 R 0x4000600
0 7 R 0x4002640
0 7 R 0x4004680
0 7 R 0x40066C0
0 7 R 0x91C380
0 7 R 0x600C180
0 7 W 0x600C180
0 7 R 0x8816700
0 7 R 0x8818740
0 7 R 0x81C3C0
0 7 W 0x81C3C0
0 7 R 0x4008700
0 7 R 0x400A740
0 7 R 0x400C780
0 7 R 0x400E7C0
0 7 R 0x91E3C0
0 7 R 0x600E1C0
0 7 W 0x600E1C0
0 7 R 0x881A780
0 7 R 0x881C7C0
0 7 R 0x80E400
0 7 W 0x80E400
0 7 R 0x4000000
0 7 R 0x4002040
0 7 R 0x4004080
0 7 R 0x40060C0
0 7 R 0x910400
0 7 R 0x6000000
0 7 W 0x6000000
0 7 R 0x880E800
0 7 R 0x8810840
0 7 R 0x810440
0 7 W 0x810440
0 7 R 0x4008100
0 7 R 0x400A140
0 7 R 0x400C180
0 7 R 0x400E1C0
0 7 R 0x912440
0 7 R 0x6002040
0 7 W 0x6002040
0 7 R 0x8812880
0 7 R 0x88148C0
0 7 R 0x812480
0 7 W 0x812480
0 7 R 0x4000200
0 7 R 0x4002240
0 7 R 0x4004280
0 7 R 0x40062C0
0 7 R 0x914480
0 7 R 0x6004080
0 7 W 0x6004080
0 7 R 0x8816900
0 7 R 0x8818940
0 7 R 0x8144C0
0 7 W 0x8144C0
0 7 R 0x4008300
0 7 R 0x400A340
0 7 R 0x400C380
0 7 R 0x400E3C0
0 7 R 0x9164C0
0 7 R 0x60060C0
0 7 W 0x60060C0
0 7 R 0x881A980
0 7 R 0x881C9C0
0 7 R 0x816500
0 7 W 0x816500
0 7 R 0x4000400
0 7 R 0x4002440
0 7 R 0x4004480
0 7 R 0x40064C0
0 7 R 0x918500
0 7 R 0x6008100
0 7 W 0x6008100
0 7 R 0x880EA00
0 7 R 0x8810A40
0 7 R 0x818540
0 7 W 0x818540
0 7 R 0x4008500
0 7 R 0x400A540
0 7 R 0x400C580
0 7 R 0x400E5C0
0 7 R 0x91A540
0 7 R 0x600A140
0 7 W 0x600A140
0 7 R 0x8812A80
0 7 R 0x8814AC0
0 7 R 0x81A580
0 7 W 0x81A580
0 7 R 0x4000600
0 7 R 0x4002640
0 7 R 0x4004680
0 7 R 0x40066C0
0 7 R 0x91C580
0 7 R 0x600C180
0 7 W 0x600C180
0 7 R 0x8816B00
0 7 R 0x8818B40
0 7 R 0x81C5C0
0 7 W 0x81C5C0
0 7 R 0x4008700
0 7 R 0x400A740
0 7 R 0x400C780
0 7 R 0x400E7C0
0 7 R 0x91E5C0
0 7 R 0x600E1C0
0 7 W 0x600E1C0
0 7 R 0x881AB80
0 7 R 0x881CBC0
0 7 R 0x80E600
0 7 W 0x80E600
0 7 R 0x4000000
0 7 R 0x4002040
0 7 R 0x4004080
0 7 R 0x40060C0
0 7 R 0x910600
0 7 R 0x6000000
0 7 W 0x6000000
0 7 R 0x880EC00
0 7 R 0x8810C40
0 7 R 0x810640
0 7 W 0x810640
0 7 R 0x4008100
0 7 R 0x400A140
0 7 R 0x400C180
0 7 R 0x400E1C0
0 7 R 0x912640
0 7 R 0x6002040
0 7 W 0x6002040
0 7 R 0x8812C80
0 7 R 0x8814CC0
0 7 R 0x812680
0 7 W 0x812680
0 7 R 0x4000200
0 7 R 0x4002240
0 7 R 0x4004280
0 7 R 0x40062C0
0 7 R 0x914680
0 7 R 0x6004080
0 7 W 0x6004080
0 7 R 0x8816D00
0 7 R 0x8818D40
0 7 R 0x8146C0
0 7 W 0x8146C0
0 7 R 0x4008300
0 7 R 0x400A340
0 7 R 0x400C380
0 7 R 0x400E3C0
0 7 R 0x9166C0
0 7 R 0x60060C0
0 7 W 0x60060C0
0 7 R 0x881AD80
0 7 R 0x881CDC0
0 7 R 0x816700
0 7 W 0x816700
0 7 R 0x4000400
0 7 R 0x4002440
0 7 R 0x4004480
0 7 R 0x40064C0
0 7 R 0x918700
0 7 R 0x6008100
0 7 W 0x6008100
0 7 R 0x880EE00
0 7 R 0x8810E40
0 7 R 0x818740
0 7 W 0x818740
0 7 R 0x4008500
0 7 R 0x400A540
0 7 R 0x400C580
0 7 R 0x400E5C0
0 7 R 0x91A740
0 7 R 0x600A140
0 7 W 0x600A140
0 7 R 0x8812E80
0 7 R 0x8814EC0
0 7 R 0x81A780
0 7 W 0x81A780
0 7 R 0x4000600
0 7 R 0x4002640
0 7 R 0x4004680
0 7 R 0x40066C0
0 7 R 0x91C780
0 7 R 0x600C180
0 7 W 0x600C180
0 7 R 0x8816F00
0 7 R 0x8818F40
0 7 R 0x81C7C0
0 7 W 0x81C7C0
0 7 R 0x4008700
0 7 R 0x400A740
0 7 R 0x400C780
0 7 R 0x400E7C0
0 7 R 0x91E7C0
0 7 R 0x600E1C0
0 7 W 0x600E1C0
0 7 R 0x881AF80
0 7 R 0x881CFC0
0 7 R 0x80E000
0 7 W 0x80E000
0 7 R 0x4000000
0 7 R 0x4002040
0 7 R 0x4004080
0 7 R 0x40060C0
0 7 R 0x910000
0 7 R 0x6000000
0 7 W 0x6000000
0 7 R 0x880F000
0 7 R 0x8811040
0 7 R 0x810040
0 7 W 0x810040
0 7 R 0x4008100
0 7 R 0x400A140
0 7 R 0x400C180
0 7 R 0x400E1C0
0 7 R 0x912040
0 7 R 0x6002040
0 7 W 0x6002040
0 7 R 0x8813080
0 7 R 0x88150C0
0 7 R 0x812080
0 7 W 0x812080
0 7 R 0x4000200
0 7 R 0x4002240
0 7 R 0x4004280
0 7 R 0x40062C0
0 7 R 0x914080
0 7 R 0x6004080
0 7 W 0x6004080
0 7 R 0x8817100
0 7 R 0x8819140
0 7 R 0x8140C0
0 7 W 0x8140C0
0 7 R 0x4008300
0 7 R 0x400A340
0 7 R 0x400C380
0 7 R 0x400E3C0
0 7 R 0x9160C0
0 7 R 0x60060C0
0 7 W 0x60060C0
0 7 R 0x881B180
0 7 R 0x881D1C0
0 7 R 0x816100
0 7 W 0x816100
0 7 R 0x4000400
0 7 R 0x4002440
0 7 R 0x4004480
0 7 R 0x40064C0
0 7 R 0x918100
0 7 R 0x6008100
0 7 W 0x6008100
0 7 R 0x880F200
0 7 R 0x8811240
0 7 R 0x818140
0 7 W 0x818140
0 7 R 0x4008500
0 7 R 0x400A540
0 7 R 0x400C580
0 7 R 0x400E5C0
0 7 R 0x91A140
0 7 R 0x600A140
0 7 W 0x600A140
0 7 R 0x8813280
0 7 R 0x88152C0
0 7 R 0x81A180
0 7 W 0x81A180
0 7 R 0x4000600
0 7 R 0x4002640
0 7 R 0x4004680
0 7 R 0x40066C0
0 7 R 0x91C180
0 7 R 0x600C180
0 7 W 0x600C180
0 7 R 0x8817300
0 7 R 0x8819340
0 7 R 0x81C1C0
0 7 W 0x81C1C0
0 7 R 0x4008700
0 7 R 0x400A740
0 7 R 0x400C780
0 7 R 0x400E7C0
0 7 R 0x91E1C0
0 7 R 0x600E1C0
0 7 W 0x600E1C0
0 7 R 0x881B380
0 7 R 0x881D3C0
0 7 R 0x80E200
0 7 W 0x80E200
0 7 R 0x4000000
0 7 R 0x4002040
0 7 R 0x4004080
0 7 R 0x40060C0
0 7 R 0x910200
0 7 R 0x6000000
0 7 W 0x6000000
0 7 R 0x880F400
0 7 R 0x8811440
0 7 R 0x810240
0 7 W 0x810240
0 7 R 0x4008100
0 7 R 0x400A140
0 7 R 0x400C180
0 7 R 0x400E1C0
0 7 R 0x912240
0 7 R 0x6002040
0 7 W 0x6002040
0 7 R 0x8813480
0 7 R 0x88154C0
0 7 R 0x812280
0 7 W 0x812280
0 7 R 0x4000200
0 7 R 0x4002240
0 7 R 0x4004280
0 7 R 0x40062C0
0 7 R 0x914280
0 7 R 0x6004080
0 7 W 0x6004080
0 7 R 0x8817500
0 7 R 0x8819540
0 7 R 0x8142C0
0 7 W 0x8142C0
0 7 R 0x4008300
0 7 R 0x400A340
0 7 R 0x400C380
0 7 R 0x400E3C0
0 7 R 0x9162C0
0 7 R 0x60060C0
0 7 W 0x60060C0
0 7 R 0x881B580
0 7 R 0x881D5C0
0 7 R 0x816300
0 7 W 0x816300
0 7 R 0x4000400
0 7 R 0x4002440
0 7 R 0x4004480
0 7 R 0x40064C0
0 7 R 0x918300
0 7 R 0x6008100
0 7 W 0x6008100
0 7 R 0x880F600
0 7 R 0x8811640
0 7 R 0x818340
0 7 W 0x818340
0 7 R 0x4008500
0 7 R 0x400A540
0 7 R 0x400C580
0 7 R 0x400E5C0
0 7 R 0x91A340
0 7 R 0x600A140
0 7 W 0x600A140
0 7 R 0x8813680
0 7 R 0x88156C0
0 7 R 0x81A380
0 7 W 0x81A380
0 7 R 0x4000600
0 7 R 0x4002640
0 7 R 0x4004680
0 7 R 0x40066C0
0 7 R 0x91C380
0 7 R 0x600C180
0 7 W 0x600C180
0 7 R 0x8817700
0 7 R 0x8819740
0 7 R 0x81C3C0
0 7 W 0x81C3C0
0 7 R 0x4008700
0 7 R 0x400A740
0 7 R 0x400C780
0 7 R 0x400E7C0
0 7 R 0x91E3C0
0 7 R 0x600E1C0
0 7 W 0x600E1C0
0 7 R 0x881B780
0 7 R 0x881D7C0
0 8 R 0x910000
0 8 W 0x910000
0 8 R 0x4000000
0 8 R 0x4002040
0 8 R 0x4004080
0 8 R 0x40060C0
0 8 R 0xA12000
0 8 R 0x6000000
0 8 W 0x6000000
0 8 R 0x8910000
0 8 R 0x8912040
0 8 R 0x912040
0 8 W 0x912040
0 8 R 0x4008100
0 8 R 0x400A140
0 8 R 0x400C180
0 8 R 0x400E1C0
0 8 R 0xA14040
0 8 R 0x6002040
0 8 W 0x6002040
0 8 R 0x8914080
0 8 R 0x89160C0
0 8 R 0x914080
0 8 W 0x914080
0 8 R 0x4000200
0 8 R 0x4002240
0 8 R 0x4004280
0 8 R 0x40062C0
0 8 R 0xA16080
0 8 R 0x6004080
0 8 W 0x6004080
0 8 R 0x8918100
0 8 R 0x891A140
0 8 R 0x9160C0
0 8 W 0x9160C0
0 8 R 0x4008300
0 8 R 0x400A340
0 8 R 0x400C380
0 8 R 0x400E3C0
0 8 R 0xA180C0
0 8 R 0x60060C0
0 8 W 0x60060C0
0 8 R 0x891C180
0 8 R 0x891E1C0
0 8 R 0x918100
0 8 W 0x918100
0 8 R 0x4000400
0 8 R 0x4002440
0 8 R 0x4004480
0 8 R 0x40064C0
0 8 R 0xA1A100
0 8 R 0x6008100
0 8 W 0x6008100
0 8 R 0x8910200
0 8 R 0x8912240
0 8 R 0x91A140
0 8 W 0x91A140
0 8 R 0x4008500
0 8 R 0x400A540
0 8 R 0x400C580
0 8 R 0x400E5C0
0 8 R 0xA1C140
0 8 R 0x600A140
0 8 W 0x600A140
0 8 R 0x8914280
0 8 R 0x89162C0
0 8 R 0x91C180
0 8 W 0x91C180
0 8 R 0x4000600
0 8 R 0x4002640
0 8 R 0x4004680
0 8 R 0x40066C0
0 8 R 0xA1E180
0 8 R 0x600C180
0 8 W 0x600C180
0 8 R 0x8918300
0 8 R 0x891A340
0 8 R 0x91E1C0
0 8 W 0x91E1C0
0 8 R 0x4008700
0 8 R 0x400A740
0 8 R 0x400C780
0 8 R 0x400E7C0
0 8 R 0xA201C0
0 8 R 0x600E1C0
0 8 W 0x600E1C0
0 8 R 0x891C380
0 8 R 0x891E3C0
0 8 R 0x910200
0 8 W 0x910200
0 8 R 0x4000000
0 8 R 0x4002040
0 8 R 0x4004080
0 8 R 0x40060C0
0 8 R 0xA12200
0 8 R 0x6000000
0 8 W 0x6000000
0 8 R 0x8910400
0 8 R 0x8912440
0 8 R 0x912240
0 8 W 0x912240
0 8 R 0x4008100
0 8 R 0x400A140
0 8 R 0x400C180
0 8 R 0x400E1C0
0 8 R 0xA14240
0 8 R 0x6002040
0 8 W 0x6002040
0 8 R 0x8914480
0 8 R 0x89164C0
0 8 R 0x914280
0 8 W 0x914280
0 8 R 0x4000200
0 8 R 0x4002240
0 8 R 0x4004280
0 8 R 0x40062C0
0 8 R 0xA16280
0 8 R 0x6004080
0 8 W 0x6004080
0 8 R 0x8918500
0 8 R 0x891A540
0 8 R 0x9162C0
0 8 W 0x9162C0
0 8 R 0x4008300
0 8 R 0x400A340
0 8 R 0x400C380
0 8 R 0x400E3C0
0 8 R 0xA182C0
0 8 R 0x60060C0
0 8 W 0x60060C0
0 8 R 0x891C580
0 8 R 0x891E5C0
0 8 R 0x918300
0 8 W 0x918300
0 8 R 0x4000400
0 8 R 0x4002440
0 8 R 0x4004480
0 8 R 0x40064C0
0 8 R 0xA1A300
0 8 R 0x6008100
0 8 W 0x6008100
0 8 R 0x8910600
0 8 R 0x8912640
0 8 R 0x91A340
0 8 W 0x91A340
0 8 R 0x4008500
0 8 R 0x400A540
0 8 R 0x400C580
0 8 R 0x400E5C0
0 8 R 0xA1C340
0 8 R 0x600A140
0 8 W 0x600A140
0 8 R 0x8914680
0 8 R 0x89166C0
0 8 R 0x91C380
0 8 W 0x91C380
0 8 R 0x4000600
0 8 R 0x4002640
0 8 R 0x4004680
0 8 R 0x40066C0
0 8 R 0xA1E380
0 8 R 0x600C180
0 8 W 0x600C180
0 8 R 0x8918700
0 8 R 0x891A740
0 8 R 0x91E3C0
0 8 W 0x91E3C0
0 8 R 0x4008700
0 8 R 0x400A740
0 8 R 0x400C780
0 8 R 0x400E7C0
0 8 R 0xA203C0
0 8 R 0x600E1C0
0 8 W 0x600E1C0
0 8 R 0x891C780
0 8 R 0x891E7C0
0 8 R 0x910400
0 8 W 0x910400
0 8 R 0x4000000
0 8 R 0x4002040
0 8 R 0x4004080
0 8 R 0x40060C0
0 8 R 0xA12400
0 8 R 0x6000000
0 8 W 0x6000000
0 8 R 0x8910800
0 8 R 0x8912840
0 8 R 0x912440
0 8 W 0x912440
0 8 R 0x4008100
0 8 R 0x400A140
0 8 R 0x400C180
0 8 R 0x400E1C0
0 8 R 0xA14440
0 8 R 0x6002040
0 8 W 0x6002040
0 8 R 0x8914880
0 8 R 0x89168C0
0 8 R 0x914480
0 8 W 0x914480
0 8 R 0x4000200
0 8 R 0x4002240
0 8 R 0x4004280
0 8 R 0x40062C0
0 8 R 0xA16480
0 8 R 0x6004080
0 8 W 0x6004080
0 8 R 0x8918900
0 8 R 0x891A940
0 8 R 0x9164C0
0 8 W 0x9164C0
0 8 R 0x4008300
0 8 R 0x400A340
0 8 R 0x400C380
0 8 R 0x400E3C0
0 8 R 0xA184C0
0 8 R 0x60060C0
0 8 W 0x60060C0
0 8 R 0x891C980
0 8 R 0x891E9C0
0 8 R 0x918500
0 8 W 0x918500
0 8 R 0x4000400
0 8 R 0x4002440
0 8 R 0x4004480
0 8 R 0x40064C0
0 8 R 0xA1A500
0 8 R 0x6008100
0 8 W 0x6008100
0 8 R 0x8910A00
0 8 R 0x8912A40
0 8 R 0x91A540
0 8 W 0x91A540
0 8 R 0x4008500
0 8 R 0x400A540
0 8 R 0x400C580
0 8 R 0x400E5C0
0 8 R 0xA1C540
0 8 R 0x600A140
0 8 W 0x600A140
0 8 R 0x8914A80
0 8 R 0x8916AC0
0 8 R 0x91C580
0 8 W 0x91C580
0 8 R 0x4000600
0 8 R 0x4002640
0 8 R 0x4004680
0 8 R 0x40066C0
0 8 R 0xA1E580
0 8 R 0x600C180
0 8 W 0x600C180
0 8 R 0x8918B00
0 8 R 0x891AB40
0 8 R 0x91E5C0
0 8 W 0x91E5C0
0 8 R 0x4008700
0 8 R 0x400A740
0 8 R 0x400C780
0 8 R 0x400E7C0
0 8 R 0xA205C0
0 8 R 0x600E1C0
0 8 W 0x600E1C0
0 8 R 0x891CB80
0 8 R 0x891EBC0
0 8 R 0x910600
0 8 W 0x910600
0 8 R 0x4000000
0 8 R 0x4002040
0 8 R 0x4004080
0 8 R 0x40060C0
0 8 R 0xA12600
0 8 R 0x6000000
0 8 W 0x6000000
0 8 R 0x8910C00
0 8 R 0x8912C40
0 8 R 0x912640
0 8 W 0x912640
0 8 R 0x4008100
0 8 R 0x400A140
0 8 R 0x400C180
0 8 R 0x400E1C0
0 8 R 0xA14640
0 8 R 0x6002040
0 8 W 0x6002040
0 8 R 0x8914C80
0 8 R 0x8916CC0
0 8 R 0x914680
0 8 W 0x914680
0 8 R 0x4000200
0 8 R 0x4002240
0 8 R 0x4004280
0 8 R 0x40062C0
0 8 R 0xA16680
0 8 R 0x6004080
0 8 W 0x6004080
0 8 R 0x8918D00
0 8 R 0x891AD40
0 8 R 0x9166C0
0 8 W 0x9166C0
0 8 R 0x4008300
0 8 R 0x400A340
0 8 R 0x400C380
0 8 R 0x400E3C0
0 8 R 0xA186C0
0 8 R 0x60060C0
0 8 W 0x60060C0
0 8 R 0x891CD80
0 8 R 0x891EDC0
0 8 R 0x918700
0 8 W 0x918700
0 8 R 0x4000400
0 8 R 0x4002440
0 8 R 0x4004480
0 8 R 0x40064C0
0 8 R 0xA1A700
0 8 R 0x6008100
0 8 W 0x6008100
0 8 R 0x8910E00
0 8 R 0x8912E40
0 8 R 0x91A740
0 8 W 0x91A740
0 8 R 0x4008500
0 8 R 0x400A540
0 8 R 0x400C580
0 8 R 0x400E5C0
0 8 R 0xA1C740
0 8 R 0x600A140
0 8 W 0x600A140
0 8 R 0x8914E80
0 8 R 0x8916EC0
0 8 R 0x91C780
0 8 W 0x91C780
0 8 R 0x4000600
0 8 R 0x4002640
0 8 R 0x4004680
0 8 R 0x40066C0
0 8 R 0xA1E780
0 8 R 0x600C180
0 8 W 0x600C180
0 8 R 0x8918F00
0 8 R 0x891AF40
0 8 R 0x91E7C0
0 8 W 0x91E7C0
0 8 R 0x4008700
0 8 R 0x400A740
0 8 R 0x400C780
0 8 R 0x400E7C0
0 8 R 0xA207C0
0 8 R 0x600E1C0
0 8 W 0x600E1C0
0 8 R 0x891CF80
0 8 R 0x891EFC0
0 8 R 0x910000
0 8 W 0x910000
0 8 R 0x4000000
0 8 R 0x4002040
0 8 R 0x4004080
0 8 R 0x40060C0
0 8 R 0xA12000
0 8 R 0x6000000
0 8 W 0x6000000
0 8 R 0x8911000
0 8 R 0x8913040
0 8 R 0x912040
0 8 W 0x912040
0 8 R 0x4008100
0 8 R 0x400A140
0 8 R 0x400C180
0 8 R 0x400E1C0
0 8 R 0xA14040
0 8 R 0x6002040
0 8 W 0x6002040
0 8 R 0x8915080
0 8 R 0x89170C0
0 8 R 0x914080
0 8 W 0x914080
0 8 R 0x4000200
0 8 R 0x4002240
0 8 R 0x4004280
0 8 R 0x40062C0
0 8 R 0xA16080
0 8 R 0x6004080
0 8 W 0x6004080
0 8 R 0x8919100
0 8 R 0x891B140
0 8 R 0x9160C0
0 8 W 0x9160C0
0 8 R 0x4008300
0 8 R 0x400A340
0 8 R 0x400C380
0 8 R 0x400E3C0
0 8 R 0xA180C0
0 8 R 0x60060C0
0 8 W 0x60060C0
0 8 R 0x891D180
0 8 R 0x891F1C0
0 8 R 0x918100
0 8 W 0x918100
0 8 R 0x4000400
0 8 R 0x4002440
0 8 R 0x4004480
0 8 R 0x40064C0
0 8 R 0xA1A100
0 8 R 0x6008100
0 8 W 0x6008100
0 8 R 0x8911200
0 8 R 0x8913240
0 8 R 0x91A140
0 8 W 0x91A140
0 8 R 0x4008500
0 8 R 0x400A540
0 8 R 0x400C580
0 8 R 0x400E5C0
0 8 R 0xA1C140
0 8 R 0x600A140
0 8 W 0x600A140
0 8 R 0x8915280
0 8 R 0x89172C0
0 8 R 0x91C180
0 8 W 0x91C180
0 8 R 0x4000600
0 8 R 0x4002640
0 8 R 0x4004680
0 8 R 0x40066C0
0 8 R 0xA1E180
0 8 R 0x600C180
0 8 W 0x600C180
0 8 R 0x8919300
0 8 R 0x891B340
0 8 R 0x91E1C0
0 8 W 0x91E1C0
0 8 R 0x4008700
0 8 R 0x400A740
0 8 R 0x400C780
0 8 R 0x400E7C0
0 8 R 0xA201C0
0 8 R 0x600E1C0
0 8 W 0x600E1C0
0 8 R 0x891D380
0 8 R 0x891F3C0
0 8 R 0x910200
0 8 W 0x910200
0 8 R 0x4000000
0 8 R 0x4002040
0 8 R 0x4004080
0 8 R 0x40060C0
0 8 R 0xA12200
0 8 R 0x6000000
0 8 W 0x6000000
0 8 R 0x8911400
0 8 R 0x8913440
0 8 R 0x912240
0 8 W 0x912240
0 8 R 0x4008100
0 8 R 0x400A140
0 8 R 0x400C180
0 8 R 0x400E1C0
0 8 R 0xA14240
0 8 R 0x6002040
0 8 W 0x6002040
0 8 R 0x8915480
0 8 R 0x89174C0
0 8 R 0x914280
0 8 W 0x914280
0 8 R 0x4000200
0 8 R 0x4002240
0 8 R 0x4004280
0 8 R 0x40062C0
0 8 R 0xA16280
0 8 R 0x6004080
0 8 W 0x6004080
0 8 R 0x8919500
0 8 R 0x891B540
0 8 R 0x9162C0
0 8 W 0x9162C0
0 8 R 0x4008300
0 8 R 0x400A340
0 8 R 0x400C380
0 8 R 0x400E3C0
0 8 R 0xA182C0
0 8 R 0x60060C0
0 8 W 0x60060C0
0 8 R 0x891D580
0 8 R 0x891F5C0
0 8 R 0x918300
0 8 W 0x918300
0 8 R 0x4000400
0 8 R 0x4002440
0 8 R 0x4004480
0 8 R 0x40064C0
0 8 R 0xA1A300
0 8 R 0x6008100
0 8 W 0x6008100
0 8 R 0x8911600
0 8 R 0x8913640
0 8 R 0x91A340
0 8 W 0x91A340
0 8 R 0x4008500
0 8 R 0x400A540
0 8 R 0x400C580
0 8 R 0x400E5C0
0 8 R 0xA1C340
0 8 R 0x600A140
0 8 W 0x600A140
0 8 R 0x8915680
0 8 R 0x89176C0
0 8 R 0x91C380
0 8 W 0x91C380
0 8 R 0x4000600
0 8 R 0x4002640
0 8 R 0x4004680
0 8 R 0x40066C0
0 8 R 0xA1E380
0 8 R 0x600C180
0 8 W 0x600C180
0 8 R 0x8919700
0 8 R 0x891B740
0 8 R 0x91E3C0
0 8 W 0x91E3C0
0 8 R 0x4008700
0 8 R 0x400A740
0 8 R 0x400C780
0 8 R 0x400E7C0
0 8 R 0xA203C0
0 8 R 0x600E1C0
0 8 W 0x600E1C0
0 8 R 0x891D780
0 8 R 0x891F7C0
0 9 R 0xA12000
0 9 W 0xA12000
0 9 R 0x4000000
0 9 R 0x4002040
0 9 R 0x4004080
0 9 R 0x40060C0
0 9 R 0xB14000
0 9 R 0x6000000
0 9 W 0x6000000
0 9 R 0x8A12000
0 9 R 0x8A14040
0 9 R 0xA14040
0 9 W 0xA14040
0 9 R 0x4008100
0 9 R 0x400A140
0 9 R 0x400C180
0 9 R 0x400E1C0
0 9 R 0xB16040
0 9 R 0x6002040
0 9 W 0x6002040
0 9 R 0x8A16080
0 9 R 0x8A180C0
0 9 R 0xA16080
0 9 W 0xA16080
0 9 R 0x4000200
0 9 R 0x4002240
0 9 R 0x4004280
0 9 R 0x40062C0
0 9 R 0xB18080
0 9 R 0x6004080
0 9 W 0x6004080
0 9 R 0x8A1A100
0 9 R 0x8A1C140
0 9 R 0xA180C0
0 9 W 0xA180C0
0 9 R 0x4008300
0 9 R 0x400A340
0 9 R 0x400C380
0 9 R 0x400E3C0
0 9 R 0xB1A0C0
0 9 R 0x60060C0
0 9 W 0x60060C0
0 9 R 0x8A1E180
0 9 R 0x8A201C0
0 9 R 0xA1A100
0 9 W 0xA1A100
0 9 R 0x4000400
0 9 R 0x4002440
0 9 R 0x4004480
0 9 R 0x40064C0
0 9 R 0xB1C100
0 9 R 0x6008100
0 9 W 0x6008100
0 9 R 0x8A12200
0 9 R 0x8A14240
0 9 R 0xA1C140
0 9 W 0xA1C140
0 9 R 0x4008500
0 9 R 0x400A540
0 9 R 0x400C580
0 9 R 0x400E5C0
0 9 R 0xB1E140
0 9 R 0x600A140
0 9 W 0x600A140
0 9 R 0x8A16280
0 9 R 0x8A182C0
0 9 R 0xA1E180
0 9 W 0xA1E180
0 9 R 0x4000600
0 9 R 0x4002640
0 9 R 0x4004680
0 9 R 0x40066C0
0 9 R 0xB20180
0 9 R 0x600C180
0 9 W 0x600C180
0 9 R 0x8A1A300
0 9 R 0x8A1C340
0 9 R 0xA201C0
0 9 W 0xA201C0
0 9 R 0x4008700
0 9 R 0x400A740
0 9 R 0x400C780
0 9 R 0x400E7C0
0 9 R 0xB221C0
0 9 R 0x600E1C0
0 9 W 0x600E1C0
0 9 R 0x8A1E380
0 9 R 0x8A203C0
0 9 R 0xA12200
0 9 W 0xA12200
0 9 R 0x4000000
0 9 R 0x4002040
0 9 R 0x4004080
0 9 R 0x40060C0
0 9 R 0xB14200
0 9 R 0x6000000
0 9 W 0x6000000
0 9 R 0x8A12400
0 9 R 0x8A14440
0 9 R 0xA14240
0 9 W 0xA14240
0 9 R 0x4008100
0 9 R 0x400A140
0 9 R 0x400C180
0 9 R 0x400E1C0
0 9 R 0xB16240
0 9 R 0x6002040
0 9 W 0x6002040
0 9 R 0x8A16480
0 9 R 0x8A184C0
0 9 R 0xA16280
0 9 W 0xA16280
0 9 R 0x4000200
0 9 R 0x4002240
0 9 R 0x4004280
0 9 R 0x40062C0
0 9 R 0xB18280
0 9 R 0x6004080
0 9 W 0x6004080
0 9 R 0x8A1A500
0 9 R 0x8A1C540
0 9 R 0xA182C0
0 9 W 0xA182C0
0 9 R 0x4008300
0 9 R 0x400A340
0 9 R 0x400C380
0 9 R 0x400E3C0
0 9 R 0xB1A2C0
0 9 R 0x60060C0
0 9 W 0x60060C0
0 9 R 0x8A1E580
0 9 R 0x8A205C0
0 9 R 0xA1A300
0 9 W 0xA1A300
0 9 R 0x4000400
0 9 R 0x4002440
0 9 R 0x4004480
0 9 R 0x40064C0
0 9 R 0xB1C300
0 9 R 0x6008100
0 9 W 0x6008100
0 9 R 0x8A12600
0 9 R 0x8A14640
0 9 R 0xA1C340
0 9 W 0xA1C340
0 9 R 0x4008500
0 9 R 0x400A540
0 9 R 0x400C580
0 9 R 0x400E5C0
0 9 R 0xB1E340
0 9 R 0x600A140
0 9 W 0x600A140
0 9 R 0x8A16680
0 9 R 0x8A186C0
0 9 R 0xA1E380
0 9 W 0xA1E380
0 9 R 0x4000600
0 9 R 0x4002640
0 9 R 0x4004680
0 9 R 0x40066C0
0 9 R 0xB20380
0 9 R 0x600C180
0 9 W 0x600C180
0 9 R 0x8A1A700
0 9 R 0x8A1C740
0 9 R 0xA203C0
0 9 W 0xA203C0
0 9 R 0x4008700
0 9 R 0x400A740
0 9 R 0x400C780
0 9 R 0x400E7C0
0 9 R 0xB223C0
0 9 R 0x600E1C0
0 9 W 0x600E1C0
0 9 R 0x8A1E780
0 9 R 0x8A207C0
0 9 R 0xA12400
0 9 W 0xA12400
0 9 R 0x4000000
0 9 R 0x4002040
0 9 R 0x4004080
0 9 R 0x40060C0
0 9 R 0xB14400
0 9 R 0x6000000
0 9 W 0x6000000
0 9 R 0x8A12800
0 9 R 0x8A14840
0 9 R 0xA14440
0 9 W 0xA14440
0 9 R 0x4008100
0 9 R 0x400A140
0 9 R 0x400C180
0 9 R 0x400E1C0
0 9 R 0xB16440
0 9 R 0x6002040
0 9 W 0x6002040
0 9 R 0x8A16880
0 9 R 0x8A188C0
0 9 R 0xA16480
0 9 W 0xA16480
0 9 R 0x4000200
0 9 R 0x4002240
0 9 R 0x4004280
0 9 R 0x40062C0
0 9 R 0xB18480
0 9 R 0x6004080
0 9 W 0x6004080
0 9 R 0x8A1A900
0 9 R 0x8A1C940
0 9 R 0xA184C0
0 9 W 0xA184C0
0 9 R 0x4008300
0 9 R 0x400A340
0 9 R 0x400C380
0 9 R 0x400E3C0
0 9 R 0xB1A4C0
0 9 R 0x60060C0
0 9 W 0x60060C0
0 9 R 0x8A1E980
0 9 R 0x8A209C0
0 9 R 0xA1A500
0 9 W 0xA1A500
0 9 R 0x4000400
0 9 R 0x4002440
0 9 R 0x4004480
0 9 R 0x40064C0
0 9 R 0xB1C500
0 9 R 0x6008100
0 9 W 0x6008100
0 9 R 0x8A12A00
0 9 R 0x8A14A40
0 9 R 0xA1C540
0 9 W 0xA1C540
0 9 R 0x4008500
0 9 R 0x400A540
0 9 R 0x400C580
0 9 R 0x400E5C0
0 9 R 0xB1E540
0 9 R 0x600A140
0 9 W 0x600A140
0 9 R 0x8A16A80
0 9 R 0x8A18AC0
0 9 R 0xA1E580
0 9 W 0xA1E580
0 9 R 0x4000600
0 9 R 0x4002640
0 9 R 0x4004680
0 9 R 0x40066C0
0 9 R 0xB20580
0 9 R 0x600C180
0 9 W 0x600C180
0 9 R 0x8A1AB00
0 9 R 0x8A1CB40
0 9 R 0xA205C0
0 9 W 0xA205C0
0 9 R 0x4008700
0 9 R 0x400A740
0 9 R 0x400C780
0 9 R 0x400E7C0
0 9 R 0xB225C0
0 9 R 0x600E1C0
0 9 W 0x600E1C0
0 9 R 0x8A1EB80
0 9 R 0x8A20BC0
0 9 R 0xA12600
0 9 W 0xA12600
0 9 R 0x4000000
0 9 R 0x4002040
0 9 R 0x4004080
0 9 R 0x40060C0
0 9 R 0xB14600
0 9 R 0x6000000
0 9 W 0x6000000
0 9 R 0x8A12C00
0 9 R 0x8A14C40
0 9 R 0xA14640
0 9 W 0xA14640
0 9 R 0x4008100
0 9 R 0x400A140
0 9 R 0x400C180
0 9 R 0x400E1C0
0 9 R 0xB16640
0 9 R 0x6002040
0 9 W 0x6002040
0 9 R 0x8A16C80
0 9 R 0x8A18CC0
0 9 R 0xA16680
0 9 W 0xA16680
0 9 R 0x4000200
0 9 R 0x4002240
0 9 R 0x4004280
0 9 R 0x40062C0
0 9 R 0xB18680
0 9 R 0x6004080
0 9 W 0x6004080
0 9 R 0x8A1AD00
0 9 R 0x8A1CD40
0 9 R 0xA186C0
0 9 W 0xA186C0
0 9 R 0x4008300
0 9 R 0x400A340
0 9 R 0x400C380
0 9 R 0x400E3C0
0 9 R 0xB1A6C0
0 9 R 0x60060C0
0 9 W 0x60060C0
0 9 R 0x8A1ED80
0 9 R 0x8A20DC0
0 9 R 0xA1A700
0 9 W 0xA1A700
0 9 R 0x4000400
0 9 R 0x4002440
0 9 R 0x4004480
0 9 R 0x40064C0
0 9 R 0xB1C700
0 9 R 0x6008100
0 9 W 0x6008100
0 9 R 0x8A12E00
0 9 R 0x8A14E40
0 9 R 0xA1C740
0 9 W 0xA1C740
0 9 R 0x4008500
0 9 R 0x400A540
0 9 R 0x400C580
0 9 R 0x400E5C0
0 9 R 0xB1E740
0 9 R 0x600A140
0 9 W 0x600A140
0 9 R 0x8A16E80
0 9 R 0x8A18EC0
0 9 R 0xA1E780
0 9 W 0xA1E780
0 9 R 0x4000600
0 9 R 0x4002640
0 9 R 0x4004680
0 9 R 0x40066C0
0 9 R 0xB20780
0 9 R 0x600C180
0 9 W 0x600C180
0 9 R 0x8A1AF00
0 9 R 0x8A1CF40
0 9 R 0xA207C0
0 9 W 0xA207C0
0 9 R 0x4008700
0 9 R 0x400A740
0 9 R 0x400C780
0 9 R 0x400E7C0
0 9 R 0xB227C0
0 9 R 0x600E1C0
0 9 W 0x600E1C0
0 9 R 0x8A1EF80
0 9 R 0x8A20FC0
0 9 R 0xA12000
0 9 W 0xA12000
0 9 R 0x4000000
0 9 R 0x4002040
0 9 R 0x4004080
0 9 R 0x40060C0
0 9 R 0xB14000
0 9 R 0x6000000
0 9 W 0x6000000
0 9 R 0x8A13000
0 9 R 0x8A15040
0 9 R 0xA14040
0 9 W 0xA14040
0 9 R 0x4008100
0 9 R 0x400A140
0 9 R 0x400C180
0 9 R 0x400E1C0
0 9 R 0xB16040
0 9 R 0x6002040
0 9 W 0x6002040
0 9 R 0x8A17080
0 9 R 0x8A190C0
0 9 R 0xA16080
0 9 W 0xA16080
0 9 R 0x4000200
0 9 R 0x4002240
0 9 R 0x4004280
0 9 R 0x40062C0
0 9 R 0xB18080
0 9 R 0x6004080
0 9 W 0x6004080
0 9 R 0x8A1B100
0 9 R 0x8A1D140
0 9 R 0xA180C0
0 9 W 0xA180C0
0 9 R 0x4008300
0 9 R 0x400A340
0 9 R 0x400C380
0 9 R 0x400E3C0
0 9 R 0xB1A0C0
0 9 R 0x60060C0
0 9 W 0x60060C0
0 9 R 0x8A1F180
0 9 R 0x8A211C0
0 9 R 0xA1A100
0 9 W 0xA1A100
0 9 R 0x4000400
0 9 R 0x4002440
0 9 R 0x4004480
0 9 R 0x40064C0
0 9 R 0xB1C100
0 9 R 0x6008100
0 9 W 0x6008100
0 9 R 0x8A13200
0 9 R 0x8A15240
0 9 R 0xA1C140
0 9 W 0xA1C140
0 9 R 0x4008500
0 9 R 0x400A540
0 9 R 0x400C580
0 9 R 0x400E5C0
0 9 R 0xB1E140
0 9 R 0x600A140
0 9 W 0x600A140
0 9 R 0x8A17280
0 9 R 0x8A192C0
0 9 R 0xA1E180
0 9 W 0xA1E180
0 9 R 0x4000600
0 9 R 0x4002640
0 9 R 0x4004680
0 9 R 0x40066C0
0 9 R 0xB20180
0 9 R 0x600C180
0 9 W 0x600C180
0 9 R 0x8A1B300
0 9 R 0x8A1D340
0 9 R 0xA201C0
0 9 W 0xA201C0
0 9 R 0x4008700
0 9 R 0x400A740
0 9 R 0x400C780
0 9 R 0x400E7C0
0 9 R 0xB221C0
0 9 R 0x600E1C0
0 9 W 0x600E1C0
0 9 R 0x8A1F380
0 9 R 0x8A213C0
0 9 R 0xA12200
0 9 W 0xA12200
0 9 R 0x4000000
0 9 R 0x4002040
0 9 R 0x4004080
0 9 R 0x40060C0
0 9 R 0xB14200
0 9 R 0x6000000
0 9 W 0x6000000
0 9 R 0x8A13400
0 9 R 0x8A15440
0 9 R 0xA14240
0 9 W 0xA14240
0 9 R 0x4008100
0 9 R 0x400A140
0 9 R 0x400C180
0 9 R 0x400E1C0
0 9 R 0xB16240
0 9 R 0x6002040
0 9 W 0x6002040
0 9 R 0x8A17480
0 9 R 0x8A194C0
0 9 R 0xA16280
0 9 W 0xA16280
0 9 R 0x4000200
0 9 R 0x4002240
0 9 R 0x4004280
0 9 R 0x40062C0
0 9 R 0xB18280
0 9 R 0x6004080
0 9 W 0x6004080
0 9 R 0x8A1B500
0 9 R 0x8A1D540
0 9 R 0xA182C0
0 9 W 0xA182C0
0 9 R 0x4008300
0 9 R 0x400A340
0 9 R 0x400C380
0 9 R 0x400E3C0
0 9 R 0xB1A2C0
0 9 R 0x60060C0
0 9 W 0x60060C0
0 9 R 0x8A1F580
0 9 R 0x8A215C0
0 9 R 0xA1A300
0 9 W 0xA1A300
0 9 R 0x4000400
0 9 R 0x4002440
0 9 R 0x4004480
0 9 R 0x40064C0
0 9 R 0xB1C300
0 9 R 0x6008100
0 9 W 0x6008100
0 9 R 0x8A13600
0 9 R 0x8A15640
0 9 R 0xA1C340
0 9 W 0xA1C340
0 9 R 0x4008500
0 9 R 0x400A540
0 9 R 0x400C580
0 9 R 0x400E5C0
0 9 R 0xB1E340
0 9 R 0x600A140
0 9 W 0x600A140
0 9 R 0x8A17680
0 9 R 0x8A196C0
0 9 R 0xA1E380
0 9 W 0xA1E380
0 9 R 0x4000600
0 9 R 0x4002640
0 9 R 0x4004680
0 9 R 0x40066C0
0 9 R 0xB20380
0 9 R 0x600C180
0 9 W 0x600C180
0 9 R 0x8A1B700
0 9 R 0x8A1D740
0 9 R 0xA203C0
0 9 W 0xA203C0
0 9 R 0x4008700
0 9 R 0x400A740
0 9 R 0x400C780
0 9 R 0x400E7C0
0 9 R 0xB223C0
0 9 R 0x600E1C0
0 9 W 0x600E1C0
0 9 R 0x8A1F780
0 9 R 0x8A217C0
0 10 R 0xB14000
0 10 W 0xB14000
0 10 R 0x4000000
0 10 R 0x4002040
0 10 R 0x4004080
0 10 R 0x40060C0
0 10 R 0xC16000
0 10 R 0x6000000
0 10 W 0x6000000
0 10 R 0x8B14000
0 10 R 0x8B16040
0 10 R 0xB16040
0 10 W 0xB16040
0 10 R 0x4008100
0 10 R 0x400A140
0 10 R 0x400C180
0 10 R 0x400E1C0
0 10 R 0xC18040
0 10 R 0x6002040
0 10 W 0x6002040
0 10 R 0x8B18080
0 10 R 0x8B1A0C0
0 10 R 0xB18080
0 10 W 0xB18080
0 10 R 0x4000200
0 10 R 0x4002240
0 10 R 0x4004280
0 10 R 0x40062C0
0 10 R 0xC1A080
0 10 R 0x6004080
0 10 W 0x6004080
0 10 R 0x8B1C100
0 10 R 0x8B1E140
0 10 R 0xB1A0C0
0 10 W 0xB1A0C0
0 10 R 0x4008300
0 10 R 0x400A340
0 10 R 0x400C380
0 10 R 0x400E3C0
0 10 R 0xC1C0C0
0 10 R 0x60060C0
0 10 W 0x60060C0
0 10 R 0x8B20180
0 10 R 0x8B221C0
0 10 R 0xB1C100
0 10 W 0xB1C100
0 10 R 0x4000400
0 10 R 0x4002440
0 10 R 0x4004480
0 10 R 0x40064C0
0 10 R 0xC1E100
0 10 R 0x6008100
0 10 W 0x6008100
0 10 R 0x8B14200
0 10 R 0x8B16240
0 10 R 0xB1E140
0 10 W 0xB1E140
0 10 R 0x4008500
0 10 R 0x400A540
0 10 R 0x400C580
0 10 R 0x400E5C0
0 10 R 0xC20140
0 10 R 0x600A140
0 10 W 0x600A140
0 10 R 0x8B18280
0 10 R 0x8B1A2C0
0 10 R 0xB20180
0 10 W 0xB20180
0 10 R 0x4000600
0 10 R 0x4002640
0 10 R 0x4004680
0 10 R 0x40066C0
0 10 R 0xC22180
0 10 R 0x600C180
0 10 W 0x600C180
0 10 R 0x8B1C300
0 10 R 0x8B1E340
0 10 R 0xB221C0
0 10 W 0xB221C0
0 10 R 0x4008700
0 10 R 0x400A740
0 10 R 0x400C780
0 10 R 0x400E7C0
0 10 R 0xC241C0
0 10 R 0x600E1C0
0 10 W 0x600E1C0
0 10 R 0x8B20380
0 10 R 0x8B223C0
0 10 R 0xB14200
0 10 W 0xB14200
0 10 R 0x4000000
0 10 R 0x4002040
0 10 R 0x4004080
0 10 R 0x40060C0
0 10 R 0xC16200
0 10 R 0x6000000
0 10 W 0x6000000
0 10 R 0x8B14400
0 10 R 0x8B16440
0 10 R 0xB16240
0 10 W 0xB16240
0 10 R 0x4008100
0 10 R 0x400A140
0 10 R 0x400C180
0 10 R 0x400E1C0
0 10 R 0xC18240
0 10 R 0x6002040
0 10 W 0x6002040
0 10 R 0x8B18480
0 10 R 0x8B1A4C0
0 10 R 0xB18280
0 10 W 0xB18280
0 10 R 0x4000200
0 10 R 0x4002240
0 10 R 0x4004280
0 10 R 0x40062C0
0 10 R 0xC1A280
0 10 R 0x6004080
0 10 W 0x6004080
0 10 R 0x8B1C500
0 10 R 0x8B1E540
0 10 R 0xB1A2C0
0 10 W 0xB1A2C0
0 10 R 0x4008300
0 10 R 0x400A340
0 10 R 0x400C380
0 10 R 0x400E3C0
0 10 R 0xC1C2C0
0 10 R 0x60060C0
0 10 W 0x60060C0
0 10 R 0x8B20580
0 10 R 0x8B225C0
0 10 R 0xB1C300
0 10 W 0xB1C300
0 10 R 0x4000400
0 10 R 0x4002440
0 10 R 0x4004480
0 10 R 0x40064C0
0 10 R 0xC1E300
0 10 R 0x6008100
0 10 W 0x6008100
0 10 R 0x8B14600
0 10 R 0x8B16640
0 10 R 0xB1E340
0 10 W 0xB1E340
0 10 R 0x4008500
0 10 R 0x400A540
0 10 R 0x400C580
0 10 R 0x400E5C0
0 10 R 0xC20340
0 10 R 0x600A140
0 10 W 0x600A140
0 10 R 0x8B18680
0 10 R 0x8B1A6C0
0 10 R 0xB20380
0 10 W 0xB20380
0 10 R 0x4000600
0 10 R 0x4002640
0 10 R 0x4004680
0 10 R 0x40066C0
0 10 R 0xC22380
0 10 R 0x600C180
0 10 W 0x600C180
0 10 R 0x8B1C700
0 10 R 0x8B1E740
0 10 R 0xB223C0
0 10 W 0xB223C0
0 10 R 0x4008700
0 10 R 0x400A740
0 10 R 0x400C780
0 10 R 0x400E7C0
0 10 R 0xC243C0
0 10 R 0x600E1C0
0 10 W 0x600E1C0
0 10 R 0x8B20780
0 10 R 0x8B227C0
0 10 R 0xB14400
0 10 W 0xB14400
0 10 R 0x4000000
0 10 R 0x4002040
0 10 R 0x4004080
0 10 R 0x40060C0
0 10 R 0xC16400
0 10 R 0x6000000
0 10 W 0x6000000
0 10 R 0x8B14800
0 10 R 0x8B16840
0 10 R 0xB16440
0 10 W 0xB16440
0 10 R 0x4008100
0 10 R 0x400A140
0 10 R 0x400C180
0 10 R 0x400E1C0
0 10 R 0xC18440
0 10 R 0x6002040
0 10 W 0x6002040
0 10 R 0x8B18880
0 10 R 0x8B1A8C0
0 10 R 0xB18480
0 10 W 0xB18480
0 10 R 0x4000200
0 10 R 0x4002240
0 10 R 0x4004280
0 10 R 0x40062C0
0 10 R 0xC1A480
0 10 R 0x6004080
0 10 W 0x6004080
0 10 R 0x8B1C900
0 10 R 0x8B1E940
0 10 R 0xB1A4C0
0 10 W 0xB1A4C0
0 10 R 0x4008300
0 10 R 0x400A340
0 10 R 0x400C380
0 10 R 0x400E3C0
0 10 R 0xC1C4C0
0 10 R 0x60060C0
0 10 W 0x60060C0
0 10 R 0x8B20980
0 10 R 0x8B229C0
0 10 R 0xB1C500
0 10 W 0xB1C500
0 10 R 0x4000400
0 10 R 0x4002440
0 10 R 0x4004480
0 10 R 0x40064C0
0 10 R 0xC1E500
0 10 R 0x6008100
0 10 W 0x6008100
0 10 R 0x8B14A00
0 10 R 0x8B16A40
0 10 R 0xB1E540
0 10 W 0xB1E540
0 10 R 0x4008500
0 10 R 0x400A540
0 10 R 0x400C580
0 10 R 0x400E5C0
0 10 R 0xC20540
0 10 R 0x600A140
0 10 W 0x600A140
0 10 R 0x8B18A80
0 10 R 0x8B1AAC0
0 10 R 0xB20580
0 10 W 0xB20580
0 10 R 0x4000600
0 10 R 0x4002640
0 10 R 0x4004680
0 10 R 0x40066C0
0 10 R 0xC22580
0 10 R 0x600C180
0 10 W 0x600C180
0 10 R 0x8B1CB00
0 10 R 0x8B1EB40
0 10 R 0xB225C0
0 10 W 0xB225C0
0 10 R 0x4008700
0 10 R 0x400A740
0 10 R 0x400C780
0 10 R 0x400E7C0
0 10 R 0xC245C0
0 10 R 0x600E1C0
0 10 W 0x600E1C0
0 10 R 0x8B20B80
0 10 R 0x8B22BC0
0 10 R 0xB14600
0 10 W 0xB14600
0 10 R 0x4000000
0 10 R 0x4002040
0 10 R 0x4004080
0 10 R 0x40060C0
0 10 R 0xC16600
0 10 R 0x6000000
0 10 W 0x6000000
0 10 R 0x8B14C00
0 10 R 0x8B16C40
0 10 R 0xB16640
0 10 W 0xB16640
0 10 R 0x4008100
0 10 R 0x400A140
0 10 R 0x400C180
0 10 R 0x400E1C0
0 10 R 0xC18640
0 10 R 0x6002040
0 10 W 0x6002040
0 10 R 0x8B18C80
0 10 R 0x8B1ACC0
0 10 R 0xB18680
0 10 W 0xB18680
0 10 R 0x4000200
0 10 R 0x4002240
0 10 R 0x4004280
0 10 R 0x40062C0
0 10 R 0xC1A680
0 10 R 0x6004080
0 10 W 0x6004080
0 10 R 0x8B1CD00
0 10 R 0x8B1ED40
0 10 R 0xB1A6C0
0 10 W 0xB1A6C0
0 10 R 0x4008300
0 10 R 0x400A340
0 10 R 0x400C380
0 10 R 0x400E3C0
0 10 R 0xC1C6C0
0 10 R 0x60060C0
0 10 W 0x60060C0
0 10 R 0x8B20D80
0 10 R 0x8B22DC0
0 10 R 0xB1C700
0 10 W 0xB1C700
0 10 R 0x4000400
0 10 R 0x4002440
0 10 R 0x4004480
0 10 R 0x40064C0
0 10 R 0xC1E700
0 10 R 0x6008100
0 10 W 0x6008100
0 10 R 0x8B14E00
0 10 R 0x8B16E40
0 10 R 0xB1E740
0 10 W 0xB1E740
0 10 R 0x4008500
0 10 R 0x400A540
0 10 R 0x400C580
0 10 R 0x400E5C0
0 10 R 0xC20740
0 10 R 0x600A140
0 10 W 0x600A140
0 10 R 0x8B18E80
0 10 R 0x8B1AEC0
0 10 R 0xB20780
0 10 W 0xB20780
0 10 R 0x4000600
0 10 R 0x4002640
0 10 R 0x4004680
0 10 R 0x40066C0
0 10 R 0xC22780
0 10 R 0x600C180
0 10 W 0x600C180
0 10 R 0x8B1CF00
0 10 R 0x8B1EF40
0 10 R 0xB227C0
0 10 W 0xB227C0
0 10 R 0x4008700
0 10 R 0x400A740
0 10 R 0x400C780
0 10 R 0x400E7C0
0 10 R 0xC247C0
0 10 R 0x600E1C0
0 10 W 0x600E1C0
0 10 R 0x8B20F80
0 10 R 0x8B22FC0
0 10 R 0xB14000
0 10 W 0xB14000
0 10 R 0x4000000
0 10 R 0x4002040
0 10 R 0x4004080
0 10 R 0x40060C0
0 10 R 0xC16000
0 10 R 0x6000000
0 10 W 0x6000000
0 10 R 0x8B15000
0 10 R 0x8B17040
0 10 R 0xB16040
0 10 W 0xB16040
0 10 R 0x4008100
0 10 R 0x400A140
0 10 R 0x400C180
0 10 R 0x400E1C0
0 10 R 0xC18040
0 10 R 0x6002040
0 10 W 0x6002040
0 10 R 0x8B19080
0 10 R 0x8B1B0C0
0 10 R 0xB18080
0 10 W 0xB18080
0 10 R 0x4000200
0 10 R 0x4002240
0 10 R 0x4004280
0 10 R 0x40062C0
0 10 R 0xC1A080
0 10 R 0x6004080
0 10 W 0x6004080
0 10 R 0x8B1D100
0 10 R 0x8B1F140
0 10 R 0xB1A0C0
0 10 W 0xB1A0C0
0 10 R 0x4008300
0 10 R 0x400A340
0 10 R 0x400C380
0 10 R 0x400E3C0
0 10 R 0xC1C0C0
0 10 R 0x60060C0
0 10 W 0x60060C0
0 10 R 0x8B21180
0 10 R 0x8B231C0
0 10 R 0xB1C100
0 10 W 0xB1C100
0 10 R 0x4000400
0 10 R 0x4002440
0 10 R 0x4004480
0 10 R 0x40064C0
0 10 R 0xC1E100
0 10 R 0x6008100
0 10 W 0x6008100
0 10 R 0x8B15200
0 10 R 0x8B17240
0 10 R 0xB1E140
0 10 W 0xB1E140
0 10 R 0x4008500
0 10 R 0x400A540
0 10 R 0x400C580
0 10 R 0x400E5C0
0 10 R 0xC20140
0 10 R 0x600A140
0 10 W 0x600A140
0 10 R 0x8B19280
0 10 R 0x8B1B2C0
0 10 R 0xB20180
0 10 W 0xB20180
0 10 R 0x4000600
0 10 R 0x4002640
0 10 R 0x4004680
0 10 R 0x40066C0
0 10 R 0xC22180
0 10 R 0x600C180
0 10 W 0x600C180
0 10 R 0x8B1D300
0 10 R 0x8B1F340
0 10 R 0xB221C0
0 10 W 0xB221C0
0 10 R 0x4008700
0 10 R 0x400A740
0 10 R 0x400C780
0 10 R 0x400E7C0
0 10 R 0xC241C0
0 10 R 0x600E1C0
0 10 W 0x600E1C0
0 10 R 0x8B21380
0 10 R 0x8B233C0
0 10 R 0xB14200
0 10 W 0xB14200
0 10 R 0x4000000
0 10 R 0x4002040
0 10 R 0x4004080
0 10 R 0x40060C0
0 10 R 0xC16200
0 10 R 0x6000000
0 10 W 0x6000000
0 10 R 0x8B15400
0 10 R 0x8B17440
0 10 R 0xB16240
0 10 W 0xB16240
0 10 R 0x4008100
0 10 R 0x400A140
0 10 R 0x400C180
0 10 R 0x400E1C0
0 10 R 0xC18240
0 10 R 0x6002040
0 10 W 0x6002040
0 10 R 0x8B19480
0 10 R 0x8B1B4C0
0 10 R 0xB18280
0 10 W 0xB18280
0 10 R 0x4000200
0 10 R 0x4002240
0 10 R 0x4004280
0 10 R 0x40062C0
0 10 R 0xC1A280
0 10 R 0x6004080
0 10 W 0x6004080
0 10 R 0x8B1D500
0 10 R 0x8B1F540
0 10 R 0xB1A2C0
0 10 W 0xB1A2C0
0 10 R 0x4008300
0 10 R 0x400A340
0 10 R 0x400C380
0 10 R 0x400E3C0
0 10 R 0xC1C2C0
0 10 R 0x60060C0
0 10 W 0x60060C0
0 10 R 0x8B21580
0 10 R 0x8B235C0
0 10 R 0xB1C300
0 10 W 0xB1C300
0 10 R 0x4000400
0 10 R 0x4002440
0 10 R 0x4004480
0 10 R 0x40064C0
0 10 R 0xC1E300
0 10 R 0x6008100
0 10 W 0x6008100
0 10 R 0x8B15600
0 10 R 0x8B17640
0 10 R 0xB1E340
0 10 W 0xB1E340
0 10 R 0x4008500
0 10 R 0x400A540
0 10 R 0x400C580
0 10 R 0x400E5C0
0 10 R 0xC20340
0 10 R 0x600A140
0 10 W 0x600A140
0 10 R 0x8B19680
0 10 R 0x8B1B6C0
0 10 R 0xB20380
0 10 W 0xB20380
0 10 R 0x4000600
0 10 R 0x4002640
0 10 R 0x4004680
0 10 R 0x40066C0
0 10 R 0xC22380
0 10 R 0x600C180
0 10 W 0x600C180
0 10 R 0x8B1D700
0 10 R 0x8B1F740
0 10 R 0xB223C0
0 10 W 0xB223C0
0 10 R 0x4008700
0 10 R 0x400A740
0 10 R 0x400C780
0 10 R 0x400E7C0
0 10 R 0xC243C0
0 10 R 0x600E1C0
0 10 W 0x600E1C0
0 10 R 0x8B21780
0 10 R 0x8B237C0
0 11 R 0xC16000
0 11 W 0xC16000
0 11 R 0x4000000
0 11 R 0x4002040
0 11 R 0x4004080
0 11 R 0x40060C0
0 11 R 0xD18000
0 11 R 0x6000000
0 11 W 0x6000000
0 11 R 0x8C16000
0 11 R 0x8C18040
0 11 R 0xC18040
0 11 W 0xC18040
0 11 R 0x4008100
0 11 R 0x400A140
0 11 R 0x400C180
0 11 R 0x400E1C0
0 11 R 0xD1A040
0 11 R 0x6002040
0 11 W 0x6002040
0 11 R 0x8C1A080
0 11 R 0x8C1C0C0
0 11 R 0xC1A080
0 11 W 0xC1A080
0 11 R 0x4000200
0 11 R 0x4002240
0 11 R 0x4004280
0 11 R 0x40062C0
0 11 R 0xD1C080
0 11 R 0x6004080
0 11 W 0x6004080
0 11 R 0x8C1E100
0 11 R 0x8C20140
0 11 R 0xC1C0C0
0 11 W 0xC1C0C0
0 11 R 0x4008300
0 11 R 0x400A340
0 11 R 0x400C380
0 11 R 0x400E3C0
0 11 R 0xD1E0C0
0 11 R 0x60060C0
0 11 W 0x60060C0
0 11 R 0x8C22180
0 11 R 0x8C241C0
0 11 R 0xC1E100
0 11 W 0xC1E100
0 11 R 0x4000400
0 11 R 0x4002440
0 11 R 0x4004480
0 11 R 0x40064C0
0 11 R 0xD20100
0 11 R 0x6008100
0 11 W 0x6008100
0 11 R 0x8C16200
0 11 R 0x8C18240
0 11 R 0xC20140
0 11 W 0xC20140
0 11 R 0x4008500
0 11 R 0x400A540
0 11 R 0x400C580
0 11 R 0x400E5C0
0 11 R 0xD22140
0 11 R 0x600A140
0 11 W 0x600A140
0 11 R 0x8C1A280
0 11 R 0x8C1C2C0
0 11 R 0xC22180
0 11 W 0xC22180
0 11 R 0x4000600
0 11 R 0x4002640
0 11 R 0x4004680
0 11 R 0x40066C0
0 11 R 0xD24180
0 11 R 0x600C180
0 11 W 0x600C180
0 11 R 0x8C1E300
0 11 R 0x8C20340
0 11 R 0xC241C0
0 11 W 0xC241C0
0 11 R 0x4008700
0 11 R 0x400A740
0 11 R 0x400C780
0 11 R 0x400E7C0
0 11 R 0xD261C0
0 11 R 0x600E1C0
0 11 W 0x600E1C0
0 11 R 0x8C22380
0 11 R 0x8C243C0
0 11 R 0xC16200
0 11 W 0xC16200
0 11 R 0x4000000
0 11 R 0x4002040
0 11 R 0x4004080
0 11 R 0x40060C0
0 11 R 0xD18200
0 11 R 0x6000000
0 11 W 0x6000000
0 11 R 0x8C16400
0 11 R 0x8C18440
0 11 R 0xC18240
0 11 W 0xC18240
0 11 R 0x4008100
0 11 R 0x400A140
0 11 R 0x400C180
0 11 R 0x400E1C0
0 11 R 0xD1A240
0 11 R 0x6002040
0 11 W 0x6002040
0 11 R 0x8C1A480
0 11 R 0x8C1C4C0
0 11 R 0xC1A280
0 11 W 0xC1A280
0 11 R 0x4000200
0 11 R 0x4002240
0 11 R 0x4004280
0 11 R 0x40062C0
0 11 R 0xD1C280
0 11 R 0x6004080
0 11 W 0x6004080
0 11 R 0x8C1E500
0 11 R 0x8C20540
0 11 R 0xC1C2C0
0 11 W 0xC1C2C0
0 11 R 0x4008300
0 11 R 0x400A340
0 11 R 0x400C380
0 11 R 0x400E3C0
0 11 R 0xD1E2C0
0 11 R 0x60060C0
0 11 W 0x60060C0
0 11 R 0x8C22580
0 11 R 0x8C245C0
0 11 R 0xC1E300
0 11 W 0xC1E300
0 11 R 0x4000400
0 11 R 0x4002440
0 11 R 0x4004480
0 11 R 0x40064C0
0 11 R 0xD20300
0 11 R 0x6008100
0 11 W 0x6008100
0 11 R 0x8C16600
0 11 R 0x8C18640
0 11 R 0xC20340
0 11 W 0xC20340
0 11 R 0x4008500
0 11 R 0x400A540
0 11 R 0x400C580
0 11 R 0x400E5C0
0 11 R 0xD22340
0 11 R 0x600A140
0 11 W 0x600A140
0 11 R 0x8C1A680
0 11 R 0x8C1C6C0
0 11 R 0xC22380
0 11 W 0xC22380
0 11 R 0x4000600
0 11 R 0x4002640
0 11 R 0x4004680
0 11 R 0x40066C0
0 11 R 0xD24380
0 11 R 0x600C180
0 11 W 0x600C180
0 11 R 0x8C1E700
0 11 R 0x8C20740
0 11 R 0xC243C0
0 11 W 0xC243C0
0 11 R 0x4008700
0 11 R 0x400A740
0 11 R 0x400C780
0 11 R 0x400E7C0
0 11 R 0xD263C0
0 11 R 0x600E1C0
0 11 W 0x600E1C0
0 11 R 0x8C22780
0 11 R 0x8C247C0
0 11 R 0xC16400
0 11 W 0xC16400
0 11 R 0x4000000
0 11 R 0x4002040
0 11 R 0x4004080
0 11 R 0x40060C0
0 11 R 0xD18400
0 11 R 0x6000000
0 11 W 0x6000000
0 11 R 0x8C16800
0 11 R 0x8C18840
0 11 R 0xC18440
0 11 W 0xC18440
0 11 R 0x4008100
0 11 R 0x400A140
0 11 R 0x400C180
0 11 R 0x400E1C0
0 11 R 0xD1A440
0 11 R 0x6002040
0 11 W 0x6002040
0 11 R 0x8C1A880
0 11 R 0x8C1C8C0
0 11 R 0xC1A480
0 11 W 0xC1A480
0 11 R 0x4000200
0 11 R 0x4002240
0 11 R 0x4004280
0 11 R 0x40062C0
0 11 R 0xD1C480
0 11 R 0x6004080
0 11 W 0x6004080
0 11 R 0x8C1E900
0 11 R 0x8C20940
0 11 R 0xC1C4C0
0 11 W 0xC1C4C0
0 11 R 0x4008300
0 11 R 0x400A340
0 11 R 0x400C380
0 11 R 0x400E3C0
0 11 R 0xD1E4C0
0 11 R 0x60060C0
0 11 W 0x60060C0
0 11 R 0x8C22980
0 11 R 0x8C249C0
0 11 R 0xC1E500
0 11 W 0xC1E500
0 11 R 0x4000400
0 11 R 0x4002440
0 11 R 0x4004480
0 11 R 0x40064C0
0 11 R 0xD20500
0 11 R 0x6008100
0 11 W 0x6008100
0 11 R 0x8C16A00
0 11 R 0x8C18A40
0 11 R 0xC20540
0 11 W 0xC20540
0 11 R 0x4008500
0 11 R 0x400A540
0 11 R 0x400C580
0 11 R 0x400E5C0
0 11 R 0xD22540
0 11 R 0x600A140
0 11 W 0x600A140
0 11 R 0x8C1AA80
0 11 R 0x8C1CAC0
0 11 R 0xC22580
0 11 W 0xC22580
0 11 R 0x4000600
0 11 R 0x4002640
0 11 R 0x4004680
0 11 R 0x40066C0
0 11 R 0xD24580
0 11 R 0x600C180
0 11 W 0x600C180
0 11 R 0x8C1EB00
0 11 R 0x8C20B40
0 11 R 0xC245C0
0 11 W 0xC245C0
0 11 R 0x4008700
0 11 R 0x400A740
0 11 R 0x400C780
0 11 R 0x400E7C0
0 11 R 0xD265C0
0 11 R 0x600E1C0
0 11 W 0x600E1C0
0 11 R 0x8C22B80
0 11 R 0x8C24BC0
0 11 R 0xC16600
0 11 W 0xC16600
0 11 R 0x4000000
0 11 R 0x4002040
0 11 R 0x4004080
0 11 R 0x40060C0
0 11 R 0xD18600
0 11 R 0x6000000
0 11 W 0x6000000
0 11 R 0x8C16C00
0 11 R 0x8C18C40
0 11 R 0xC18640
0 11 W 0xC18640
0 11 R 0x4008100
0 11 R 0x400A140
0 11 R 0x400C180
0 11 R 0x400E1C0
0 11 R 0xD1A640
0 11 R 0x6002040
0 11 W 0x6002040
0 11 R 0x8C1AC80
0 11 R 0x8C1CCC0
0 11 R 0xC1A680
0 11 W 0xC1A680
0 11 R 0x4000200
0 11 R 0x4002240
0 11 R 0x4004280
0 11 R 0x40062C0
0 11 R 0xD1C680
0 11 R 0x6004080
0 11 W 0x6004080
0 11 R 0x8C1ED00
0 11 R 0x8C20D40
0 11 R 0xC1C6C0
0 11 W 0xC1C6C0
0 11 R 0x4008300
0 11 R 0x400A340
0 11 R 0x400C380
0 11 R 0x400E3C0
0 11 R 0xD1E6C0
0 11 R 0x60060C0
0 11 W 0x60060C0
0 11 R 0x8C22D80
0 11 R 0x8C24DC0
0 11 R 0xC1E700
0 11 W 0xC1E700
0 11 R 0x4000400
0 11 R 0x4002440
0 11 R 0x4004480
0 11 R 0x40064C0
0 11 R 0xD20700
0 11 R 0x6008100
0 11 W 0x6008100
0 11 R 0x8C16E00
0 11 R 0x8C18E40
0 11 R 0xC20740
0 11 W 0xC20740
0 11 R 0x4008500
0 11 R 0x400A540
0 11 R 0x400C580
0 11 R 0x400E5C0
0 11 R 0xD22740
0 11 R 0x600A140
0 11 W 0x600A140
0 11 R 0x8C1AE80
0 11 R 0x8C1CEC0
0 11 R 0xC22780
0 11 W 0xC22780
0 11 R 0x4000600
0 11 R 0x4002640
0 11 R 0x4004680
0 11 R 0x40066C0
0 11 R 0xD24780
0 11 R 0x600C180
0 11 W 0x600C180
0 11 R 0x8C1EF00
0 11 R 0x8C20F40
0 11 R 0xC247C0
0 11 W 0xC247C0
0 11 R 0x4008700
0 11 R 0x400A740
0 11 R 0x400C780
0 11 R 0x400E7C0
0 11 R 0xD267C0
0 11 R 0x600E1C0
0 11 W 0x600E1C0
0 11 R 0x8C22F80
0 11 R 0x8C24FC0
0 11 R 0xC16000
0 11 W 0xC16000
0 11 R 0x4000000
0 11 R 0x4002040
0 11 R 0x4004080
0 11 R 0x40060C0
0 11 R 0xD18000
0 11 R 0x6000000
0 11 W 0x6000000
0 11 R 0x8C17000
0 11 R 0x8C19040
0 11 R 0xC18040
0 11 W 0xC18040
0 11 R 0x4008100
0 11 R 0x400A140
0 11 R 0x400C180
0 11 R 0x400E1C0
0 11 R 0xD1A040
0 11 R 0x6002040
0 11 W 0x6002040
0 11 R 0x8C1B080
0 11 R 0x8C1D0C0
0 11 R 0xC1A080
0 11 W 0xC1A080
0 11 R 0x4000200
0 11 R 0x4002240
0 11 R 0x4004280
0 11 R 0x40062C0
0 11 R 0xD1C080
0 11 R 0x6004080
0 11 W 0x6004080
0 11 R 0x8C1F100
0 11 R 0x8C21140
0 11 R 0xC1C0C0
0 11 W 0xC1C0C0
0 11 R 0x4008300
0 11 R 0x400A340
0 11 R 0x400C380
0 11 R 0x400E3C0
0 11 R 0xD1E0C0
0 11 R 0x60060C0
0 11 W 0x60060C0
0 11 R 0x8C23180
0 11 R 0x8C251C0
0 11 R 0xC1E100
0 11 W 0xC1E100
0 11 R 0x4000400
0 11 R 0x4002440
0 11 R 0x4004480
0 11 R 0x40064C0
0 11 R 0xD20100
0 11 R 0x6008100
0 11 W 0x6008100
0 11 R 0x8C17200
0 11 R 0x8C19240
0 11 R 0xC20140
0 11 W 0xC20140
0 11 R 0x4008500
0 11 R 0x400A540
0 11 R 0x400C580
0 11 R 0x400E5C0
0 11 R 0xD22140
0 11 R 0x600A140
0 11 W 0x600A140
0 11 R 0x8C1B280
0 11 R 0x8C1D2C0
0 11 R 0xC22180
0 11 W 0xC22180
0 11 R 0x4000600
0 11 R 0x4002640
0 11 R 0x4004680
0 11 R 0x40066C0
0 11 R 0xD24180
0 11 R 0x600C180
0 11 W 0x600C180
0 11 R 0x8C1F300
0 11 R 0x8C21340
0 11 R 0xC241C0
0 11 W 0xC241C0
0 11 R 0x4008700
0 11 R 0x400A740
0 11 R 0x400C780
0 11 R 0x400E7C0
0 11 R 0xD261C0
0 11 R 0x600E1C0
0 11 W 0x600E1C0
0 11 R 0x8C23380
0 11 R 0x8C253C0
0 11 R 0xC16200
0 11 W 0xC16200
0 11 R 0x4000000
0 11 R 0x4002040
0 11 R 0x4004080
0 11 R 0x40060C0
0 11 R 0xD18200
0 11 R 0x6000000
0 11 W 0x6000000
0 11 R 0x8C17400
0 11 R 0x8C19440
0 11 R 0xC18240
0 11 W 0xC18240
0 11 R 0x4008100
0 11 R 0x400A140
0 11 R 0x400C180
0 11 R 0x400E1C0
0 11 R 0xD1A240
0 11 R 0x6002040
0 11 W 0x6002040
0 11 R 0x8C1B480
0 11 R 0x8C1D4C0
0 11 R 0xC1A280
0 11 W 0xC1A280
0 11 R 0x4000200
0 11 R 0x4002240
0 11 R 0x4004280
0 11 R 0x40062C0
0 11 R 0xD1C280
0 11 R 0x6004080
0 11 W 0x6004080
0 11 R 0x8C1F500
0 11 R 0x8C21540
0 11 R 0xC1C2C0
0 11 W 0xC1C2C0
0 11 R 0x4008300
0 11 R 0x400A340
0 11 R 0x400C380
0 11 R 0x400E3C0
0 11 R 0xD1E2C0
0 11 R 0x60060C0
0 11 W 0x60060C0
0 11 R 0x8C23580
0 11 R 0x8C255C0
0 11 R 0xC1E300
0 11 W 0xC1E300
0 11 R 0x4000400
0 11 R 0x4002440
0 11 R 0x4004480
0 11 R 0x40064C0
0 11 R 0xD20300
0 11 R 0x6008100
0 11 W 0x6008100
0 11 R 0x8C17600
0 11 R 0x8C19640
0 11 R 0xC20340
0 11 W 0xC20340
0 11 R 0x4008500
0 11 R 0x400A540
0 11 R 0x400C580
0 11 R 0x400E5C0
0 11 R 0xD22340
0 11 R 0x600A140
0 11 W 0x600A140
0 11 R 0x8C1B680
0 11 R 0x8C1D6C0
0 11 R 0xC22380
0 11 W 0xC22380
0 11 R 0x4000600
0 11 R 0x4002640
0 11 R 0x4004680
0 11 R 0x40066C0
0 11 R 0xD24380
0 11 R 0x600C180
0 11 W 0x600C180
0 11 R 0x8C1F700
0 11 R 0x8C21740
0 11 R 0xC243C0
0 11 W 0xC243C0
0 11 R 0x4008700
0 11 R 0x400A740
0 11 R 0x400C780
0 11 R 0x400E7C0
0 11 R 0xD263C0
0 11 R 0x600E1C0
0 11 W 0x600E1C0
0 11 R 0x8C23780
0 11 R 0x8C257C0
0 12 R 0xD18000
0 12 W 0xD18000
0 12 R 0x4000000
0 12 R 0x4002040
0 12 R 0x4004080
0 12 R 0x40060C0
0 12 R 0xE1A000
0 12 R 0x6000000
0 12 W 0x6000000
0 12 R 0x8D18000
0 12 R 0x8D1A040
0 12 R 0xD1A040
0 12 W 0xD1A040
0 12 R 0x4008100
0 12 R 0x400A140
0 12 R 0x400C180
0 12 R 0x400E1C0
0 12 R 0xE1C040
0 12 R 0x6002040
0 12 W 0x6002040
0 12 R 0x8D1C080
0 12 R 0x8D1E0C0
0 12 R 0xD1C080
0 12 W 0xD1C080
0 12 R 0x4000200
0 12 R 0x4002240
0 12 R 0x4004280
0 12 R 0x40062C0
0 12 R 0xE1E080
0 12 R 0x6004080
0 12 W 0x6004080
0 12 R 0x8D20100
0 12 R 0x8D22140
0 12 R 0xD1E0C0
0 12 W 0xD1E0C0
0 12 R 0x4008300
0 12 R 0x400A340
0 12 R 0x400C380
0 12 R 0x400E3C0
0 12 R 0xE200C0
0 12 R 0x60060C0
0 12 W 0x60060C0
0 12 R 0x8D24180
0 12 R 0x8D261C0
0 12 R 0xD20100
0 12 W 0xD20100
0 12 R 0x4000400
0 12 R 0x4002440
0 12 R 0x4004480
0 12 R 0x40064C0
0 12 R 0xE22100
0 12 R 0x6008100
0 12 W 0x6008100
0 12 R 0x8D18200
0 12 R 0x8D1A240
0 12 R 0xD22140
0 12 W 0xD22140
0 12 R 0x4008500
0 12 R 0x400A540
0 12 R 0x400C580
0 12 R 0x400E5C0
0 12 R 0xE24140
0 12 R 0x600A140
0 12 W 0x600A140
0 12 R 0x8D1C280
0 12 R 0x8D1E2C0
0 12 R 0xD24180
0 12 W 0xD24180
0 12 R 0x4000600
0 12 R 0x4002640
0 12 R 0x4004680
0 12 R 0x40066C0
0 12 R 0xE26180
0 12 R 0x600C180
0 12 W 0x600C180
0 12 R 0x8D20300
0 12 R 0x8D22340
0 12 R 0xD261C0
0 12 W 0xD261C0
0 12 R 0x4008700
0 12 R 0x400A740
0 12 R 0x400C780
0 12 R 0x400E7C0
0 12 R 0xE281C0
0 12 R 0x600E1C0
0 12 W 0x600E1C0
0 12 R 0x8D24380
0 12 R 0x8D263C0
0 12 R 0xD18200
0 12 W 0xD18200
0 12 R 0x4000000
0 12 R 0x4002040
0 12 R 0x4004080
0 12 R 0x40060C0
0 12 R 0xE1A200
0 12 R 0x6000000
0 12 W 0x6000000
0 12 R 0x8D18400
0 12 R 0x8D1A440
0 12 R 0xD1A240
0 12 W 0xD1A240
0 12 R 0x4008100
0 12 R 0x400A140
0 12 R 0x400C180
0 12 R 0x400E1C0
0 12 R 0xE1C240
0 12 R 0x6002040
0 12 W 0x6002040
0 12 R 0x8D1C480
0 12 R 0x8D1E4C0
0 12 R 0xD1C280
0 12 W 0xD1C280
0 12 R 0x4000200
0 12 R 0x4002240
0 12 R 0x4004280
0 12 R 0x40062C0
0 12 R 0xE1E280
0 12 R 0x6004080
0 12 W 0x6004080
0 12 R 0x8D20500
0 12 R 0x8D22540
0 12 R 0xD1E2C0
0 12 W 0xD1E2C0
0 12 R 0x4008300
0 12 R 0x400A340
0 12 R 0x400C380
0 12 R 0x400E3C0
0 12 R 0xE202C0
0 12 R 0x60060C0
0 12 W 0x60060C0
0 12 R 0x8D24580
0 12 R 0x8D265C0
0 12 R 0xD20300
0 12 W 0xD20300
0 12 R 0x4000400
0 12 R 0x4002440
0 12 R 0x4004480
0 12 R 0x40064C0
0 12 R 0xE22300
0 12 R 0x6008100
0 12 W 0x6008100
0 12 R 0x8D18600
0 12 R 0x8D1A640
0 12 R 0xD22340
0 12 W 0xD22340
0 12 R 0x4008500
0 12 R 0x400A540
0 12 R 0x400C580
0 12 R 0x400E5C0
0 12 R 0xE24340
0 12 R 0x600A140
0 12 W 0x600A140
0 12 R 0x8D1C680
0 12 R 0x8D1E6C0
0 12 R 0xD24380
0 12 W 0xD24380
0 12 R 0x4000600
0 12 R 0x4002640
0 12 R 0x4004680
0 12 R 0x40066C0
0 12 R 0xE26380
0 12 R 0x600C180
0 12 W 0x600C180
0 12 R 0x8D20700
0 12 R 0x8D22740
0 12 R 0xD263C0
0 12 W 0xD263C0
0 12 R 0x4008700
0 12 R 0x400A740
0 12 R 0x400C780
0 12 R 0x400E7C0
0 12 R 0xE283C0
0 12 R 0x600E1C0
0 12 W 0x600E1C0
0 12 R 0x8D24780
0 12 R 0x8D267C0
0 12 R 0xD18400
0 12 W 0xD18400
0 12 R 0x4000000
0 12 R 0x4002040
0 12 R 0x4004080
0 12 R 0x40060C0
0 12 R 0xE1A400
0 12 R 0x6000000
0 12 W 0x6000000
0 12 R 0x8D18800
0 12 R 0x8D1A840
0 12 R 0xD1A440
0 12 W 0xD1A440
0 12 R 0x4008100
0 12 R 0x400A140
0 12 R 0x400C180
0 12 R 0x400E1C0
0 12 R 0xE1C440
0 12 R 0x6002040
0 12 W 0x6002040
0 12 R 0x8D1C880
0 12 R 0x8D1E8C0
0 12 R 0xD1C480
0 12 W 0xD1C480
0 12 R 0x4000200
0 12 R 0x4002240
0 12 R 0x4004280
0 12 R 0x40062C0
0 12 R 0xE1E480
0 12 R 0x6004080
0 12 W 0x6004080
0 12 R 0x8D20900
0 12 R 0x8D22940
0 12 R 0xD1E4C0
0 12 W 0xD1E4C0
0 12 R 0x4008300
0 12 R 0x400A340
0 12 R 0x400C380
0 12 R 0x400E3C0
0 12 R 0xE204C0
0 12 R 0x60060C0
0 12 W 0x60060C0
0 12 R 0x8D24980
0 12 R 0x8D269C0
0 12 R 0xD20500
0 12 W 0xD20500
0 12 R 0x4000400
0 12 R 0x4002440
0 12 R 0x4004480
0 12 R 0x40064C0
0 12 R 0xE22500
0 12 R 0x6008100
0 12 W 0x6008100
0 12 R 0x8D18A00
0 12 R 0x8D1AA40
0 12 R 0xD22540
0 12 W 0xD22540
0 12 R 0x4008500
0 12 R 0x400A540
0 12 R 0x400C580
0 12 R 0x400E5C0
0 12 R 0xE24540
0 12 R 0x600A140
0 12 W 0x600A140
0 12 R 0x8D1CA80
0 12 R 0x8D1EAC0
0 12 R 0xD24580
0 12 W 0xD24580
0 12 R 0x4000600
0 12 R 0x4002640
0 12 R 0x4004680
0 12 R 0x40066C0
0 12 R 0xE26580
0 12 R 0x600C180
0 12 W 0x600C180
0 12 R 0x8D20B00
0 12 R 0x8D22B40
0 12 R 0xD265C0
0 12 W 0xD265C0
0 12 R 0x4008700
0 12 R 0x400A740
0 12 R 0x400C780
0 12 R 0x400E7C0
0 12 R 0xE285C0
0 12 R 0x600E1C0
0 12 W 0x600E1C0
0 12 R 0x8D24B80
0 12 R 0x8D26BC0
0 12 R 0xD18600
0 12 W 0xD18600
0 12 R 0x4000000
0 12 R 0x4002040
0 12 R 0x4004080
0 12 R 0x40060C0
0 12 R 0xE1A600
0 12 R 0x6000000
0 12 W 0x6000000
0 12 R 0x8D18C00
0 12 R 0x8D1AC40
0 12 R 0xD1A640
0 12 W 0xD1A640
0 12 R 0x4008100
0 12 R 0x400A140
0 12 R 0x400C180
0 12 R 0x400E1C0
0 12 R 0xE1C640
0 12 R 0x6002040
0 12 W 0x6002040
0 12 R 0x8D1CC80
0 12 R 0x8D1ECC0
0 12 R 0xD1C680
0 12 W 0xD1C680
0 12 R 0x4000200
0 12 R 0x4002240
0 12 R 0x4004280
0 12 R 0x40062C0
0 12 R 0xE1E680
0 12 R 0x6004080
0 12 W 0x6004080
0 12 R 0x8D20D00
0 12 R 0x8D22D40
0 12 R 0xD1E6C0
0 12 W 0xD1E6C0
0 12 R 0x4008300
0 12 R 0x400A340
0 12 R 0x400C380
0 12 R 0x400E3C0
0 12 R 0xE206C0
0 12 R 0x60060C0
0 12 W 0x60060C0
0 12 R 0x8D24D80
0 12 R 0x8D26DC0
0 12 R 0xD20700
0 12 W 0xD20700
0 12 R 0x4000400
0 12 R 0x4002440
0 12 R 0x4004480
0 12 R 0x40064C0
0 12 R 0xE22700
0 12 R 0x6008100
0 12 W 0x6008100
0 12 R 0x8D18E00
0 12 R 0x8D1AE40
0 12 R 0xD22740
0 12 W 0xD22740
0 12 R 0x4008500
0 12 R 0x400A540
0 12 R 0x400C580
0 12 R 0x400E5C0
0 12 R 0xE24740
0 12 R 0x600A140
0 12 W 0x600A140
0 12 R 0x8D1CE80
0 12 R 0x8D1EEC0
0 12 R 0xD24780
0 12 W 0xD24780
0 12 R 0x4000600
0 12 R 0x4002640
0 12 R 0x4004680
0 12 R 0x40066C0
0 12 R 0xE26780
0 12 R 0x600C180
0 12 W 0x600C180
0 12 R 0x8D20F00
0 12 R 0x8D22F40
0 12 R 0xD267C0
0 12 W 0xD267C0
0 12 R 0x4008700
0 12 R 0x400A740
0 12 R 0x400C780
0 12 R 0x400E7C0
0 12 R 0xE287C0
0 12 R 0x600E1C0
0 12 W 0x600E1C0
0 12 R 0x8D24F80
0 12 R 0x8D26FC0
0 12 R 0xD18000
0 12 W 0xD18000
0 12 R 0x4000000
0 12 R 0x4002040
0 12 R 0x4004080
0 12 R 0x40060C0
0 12 R 0xE1A000
0 12 R 0x6000000
0 12 W 0x6000000
0 12 R 0x8D19000
0 12 R 0x8D1B040
0 12 R 0xD1A040
0 12 W 0xD1A040
0 12 R 0x4008100
0 12 R 0x400A140
0 12 R 0x400C180
0 12 R 0x400E1C0
0 12 R 0xE1C040
0 12 R 0x6002040
0 12 W 0x6002040
0 12 R 0x8D1D080
0 12 R 0x8D1F0C0
0 12 R 0xD1C080
0 12 W 0xD1C080
0 12 R 0x4000200
0 12 R 0x4002240
0 12 R 0x4004280
0 12 R 0x40062C0
0 12 R 0xE1E080
0 12 R 0x6004080
0 12 W 0x6004080
0 12 R 0x8D21100
0 12 R 0x8D23140
0 12 R 0xD1E0C0
0 12 W 0xD1E0C0
0 12 R 0x4008300
0 12 R 0x400A340
0 12 R 0x400C380
0 12 R 0x400E3C0
0 12 R 0xE200C0
0 12 R 0x60060C0
0 12 W 0x60060C0
0 12 R 0x8D25180
0 12 R 0x8D271C0
0 12 R 0xD20100
0 12 W 0xD20100
0 12 R 0x4000400
0 12 R 0x4002440
0 12 R 0x4004480
0 12 R 0x40064C0
0 12 R 0xE22100
0 12 R 0x6008100
0 12 W 0x6008100
0 12 R 0x8D19200
0 12 R 0x8D1B240
0 12 R 0xD22140
0 12 W 0xD22140
0 12 R 0x4008500
0 12 R 0x400A540
0 12 R 0x400C580
0 12 R 0x400E5C0
0 12 R 0xE24140
0 12 R 0x600A140
0 12 W 0x600A140
0 12 R 0x8D1D280
0 12 R 0x8D1F2C0
0 12 R 0xD24180
0 12 W 0xD24180
0 12 R 0x4000600
0 12 R 0x4002640
0 12 R 0x4004680
0 12 R 0x40066C0
0 12 R 0xE26180
0 12 R 0x600C180
0 12 W 0x600C180
0 12 R 0x8D21300
0 12 R 0x8D23340
0 12 R 0xD261C0
0 12 W 0xD261C0
0 12 R 0x4008700
0 12 R 0x400A740
0 12 R 0x400C780
0 12 R 0x400E7C0
0 12 R 0xE281C0
0 12 R 0x600E1C0
0 12 W 0x600E1C0
0 12 R 0x8D25380
0 12 R 0x8D273C0
0 12 R 0xD18200
0 12 W 0xD18200
0 12 R 0x4000000
0 12 R 0x4002040
0 12 R 0x4004080
0 12 R 0x40060C0
0 12 R 0xE1A200
0 12 R 0x6000000
0 12 W 0x6000000
0 12 R 0x8D19400
0 12 R 0x8D1B440
0 12 R 0xD1A240
0 12 W 0xD1A240
0 12 R 0x4008100
0 12 R 0x400A140
0 12 R 0x400C180
0 12 R 0x400E1C0
0 12 R 0xE1C240
0 12 R 0x6002040
0 12 W 0x6002040
0 12 R 0x8D1D480
0 12 R 0x8D1F4C0
0 12 R 0xD1C280
0 12 W 0xD1C280
0 12 R 0x4000200
0 12 R 0x4002240
0 12 R 0x4004280
0 12 R 0x40062C0
0 12 R 0xE1E280
0 12 R 0x6004080
0 12 W 0x6004080
0 12 R 0x8D21500
0 12 R 0x8D23540
0 12 R 0xD1E2C0
0 12 W 0xD1E2C0
0 12 R 0x4008300
0 12 R 0x400A340
0 12 R 0x400C380
0 12 R 0x400E3C0
0 12 R 0xE202C0
0 12 R 0x60060C0
0 12 W 0x60060C0
0 12 R 0x8D25580
0 12 R 0x8D275C0
0 12 R 0xD20300
0 12 W 0xD20300
0 12 R 0x4000400
0 12 R 0x4002440
0 12 R 0x4004480
0 12 R 0x40064C0
0 12 R 0xE22300
0 12 R 0x6008100
0 12 W 0x6008100
0 12 R 0x8D19600
0 12 R 0x8D1B640
0 12 R 0xD22340
0 12 W 0xD22340
0 12 R 0x4008500
0 12 R 0x400A540
0 12 R 0x400C580
0 12 R 0x400E5C0
0 12 R 0xE24340
0 12 R 0x600A140
0 12 W 0x600A140
0 12 R 0x8D1D680
0 12 R 0x8D1F6C0
0 12 R 0xD24380
0 12 W 0xD24380
0 12 R 0x4000600
0 12 R 0x4002640
0 12 R 0x4004680
0 12 R 0x40066C0
0 12 R 0xE26380
0 12 R 0x600C180
0 12 W 0x600C180
0 12 R 0x8D21700
0 12 R 0x8D23740
0 12 R 0xD263C0
0 12 W 0xD263C0
0 12 R 0x4008700
0 12 R 0x400A740
0 12 R 0x400C780
0 12 R 0x400E7C0
0 12 R 0xE283C0
0 12 R 0x600E1C0
0 12 W 0x600E1C0
0 12 R 0x8D25780
0 12 R 0x8D277C0
0 13 R 0xE1A000
0 13 W 0xE1A000
0 13 R 0x4000000
0 13 R 0x4002040
0 13 R 0x4004080
0 13 R 0x40060C0
0 13 R 0xF1C000
0 13 R 0x6000000
0 13 W 0x6000000
0 13 R 0x8E1A000
0 13 R 0x8E1C040
0 13 R 0xE1C040
0 13 W 0xE1C040
0 13 R 0x4008100
0 13 R 0x400A140
0 13 R 0x400C180
0 13 R 0x400E1C0
0 13 R 0xF1E040
0 13 R 0x6002040
0 13 W 0x6002040
0 13 R 0x8E1E080
0 13 R 0x8E200C0
0 13 R 0xE1E080
0 13 W 0xE1E080
0 13 R 0x4000200
0 13 R 0x4002240
0 13 R 0x4004280
0 13 R 0x40062C0
0 13 R 0xF20080
0 13 R 0x6004080
0 13 W 0x6004080
0 13 R 0x8E22100
0 13 R 0x8E24140
0 13 R 0xE200C0
0 13 W 0xE200C0
0 13 R 0x4008300
0 13 R 0x400A340
0 13 R 0x400C380
0 13 R 0x400E3C0
0 13 R 0xF220C0
0 13 R 0x60060C0
0 13 W 0x60060C0
0 13 R 0x8E26180
0 13 R 0x8E281C0
0 13 R 0xE22100
0 13 W 0xE22100
0 13 R 0x4000400
0 13 R 0x4002440
0 13 R 0x4004480
0 13 R 0x40064C0
0 13 R 0xF24100
0 13 R 0x6008100
0 13 W 0x6008100
0 13 R 0x8E1A200
0 13 R 0x8E1C240
0 13 R 0xE24140
0 13 W 0xE24140
0 13 R 0x4008500
0 13 R 0x400A540
0 13 R 0x400C580
0 13 R 0x400E5C0
0 13 R 0xF26140
0 13 R 0x600A140
0 13 W 0x600A140
0 13 R 0x8E1E280
0 13 R 0x8E202C0
0 13 R 0xE26180
0 13 W 0xE26180
0 13 R 0x4000600
0 13 R 0x4002640
0 13 R 0x4004680
0 13 R 0x40066C0
0 13 R 0xF28180
0 13 R 0x600C180
0 13 W 0x600C180
0 13 R 0x8E22300
0 13 R 0x8E24340
0 13 R 0xE281C0
0 13 W 0xE281C0
0 13 R 0x4008700
0 13 R 0x400A740
0 13 R 0x400C780
0 13 R 0x400E7C0
0 13 R 0xF2A1C0
0 13 R 0x600E1C0
0 13 W 0x600E1C0
0 13 R 0x8E26380
0 13 R 0x8E283C0
0 13 R 0xE1A200
0 13 W 0xE1A200
0 13 R 0x4000000
0 13 R 0x4002040
0 13 R 0x4004080
0 13 R 0x40060C0
0 13 R 0xF1C200
0 13 R 0x6000000
0 13 W 0x6000000
0 13 R 0x8E1A400
0 13 R 0x8E1C440
0 13 R 0xE1C240
0 13 W 0xE1C240
0 13 R 0x4008100
0 13 R 0x400A140
0 13 R 0x400C180
0 13 R 0x400E1C0
0 13 R 0xF1E240
0 13 R 0x6002040
0 13 W 0x6002040
0 13 R 0x8E1E480
0 13 R 0x8E204C0
0 13 R 0xE1E280
0 13 W 0xE1E280
0 13 R 0x4000200
0 13 R 0x4002240
0 13 R 0x4004280
0 13 R 0x40062C0
0 13 R 0xF20280
0 13 R 0x6004080
0 13 W 0x6004080
0 13 R 0x8E22500
0 13 R 0x8E24540
0 13 R 0xE202C0
0 13 W 0xE202C0
0 13 R 0x4008300
0 13 R 0x400A340
0 13 R 0x400C380
0 13 R 0x400E3C0
0 13 R 0xF222C0
0 13 R 0x60060C0
0 13 W 0x60060C0
0 13 R 0x8E26580
0 13 R 0x8E285C0
0 13 R 0xE22300
0 13 W 0xE22300
0 13 R 0x4000400
0 13 R 0x4002440
0 13 R 0x4004480
0 13 R 0x40064C0
0 13 R 0xF24300
0 13 R 0x6008100
0 13 W 0x6008100
0 13 R 0x8E1A600
0 13 R 0x8E1C640
0 13 R 0xE24340
0 13 W 0xE24340
0 13 R 0x4008500
0 13 R 0x400A540
0 13 R 0x400C580
0 13 R 0x400E5C0
0 13 R 0xF26340
0 13 R 0x600A140
0 13 W 0x600A140
0 13 R 0x8E1E680
0 13 R 0x8E206C0
0 13 R 0xE26380
0 13 W 0xE26380
0 13 R 0x4000600
0 13 R 0x4002640
0 13 R 0x4004680
0 13 R 0x40066C0
0 13 R 0xF28380
0 13 R 0x600C180
0 13 W 0x600C180
0 13 R 0x8E22700
0 13 R 0x8E24740
0 13 R 0xE283C0
0 13 W 0xE283C0
0 13 R 0x4008700
0 13 R 0x400A740
0 13 R 0x400C780
0 13 R 0x400E7C0
0 13 R 0xF2A3C0
0 13 R 0x600E1C0
0 13 W 0x600E1C0
0 13 R 0x8E26780
0 13 R 0x8E287C0
0 13 R 0xE1A400
0 13 W 0xE1A400
0 13 R 0x4000000
0 13 R 0x4002040
0 13 R 0x4004080
0 13 R 0x40060C0
0 13 R 0xF1C400
0 13 R 0x6000000
0 13 W 0x6000000
0 13 R 0x8E1A800
0 13 R 0x8E1C840
0 13 R 0xE1C440
0 13 W 0xE1C440
0 13 R 0x4008100
0 13 R 0x400A140
0 13 R 0x400C180
0 13 R 0x400E1C0
0 13 R 0xF1E440
0 13 R 0x6002040
0 13 W 0x6002040
0 13 R 0x8E1E880
0 13 R 0x8E208C0
0 13 R 0xE1E480
0 13 W 0xE1E480
0 13 R 0x4000200
0 13 R 0x4002240
0 13 R 0x4004280
0 13 R 0x40062C0
0 13 R 0xF20480
0 13 R 0x6004080
0 13 W 0x6004080
0 13 R 0x8E22900
0 13 R 0x8E24940
0 13 R 0xE204C0
0 13 W 0xE204C0
0 13 R 0x4008300
0 13 R 0x400A340
0 13 R 0x400C380
0 13 R 0x400E3C0
0 13 R 0xF224C0
0 13 R 0x60060C0
0 13 W 0x60060C0
0 13 R 0x8E26980
0 13 R 0x8E289C0
0 13 R 0xE22500
0 13 W 0xE22500
0 13 R 0x4000400
0 13 R 0x4002440
0 13 R 0x4004480
0 13 R 0x40064C0
0 13 R 0xF24500
0 13 R 0x6008100
0 13 W 0x6008100
0 13 R 0x8E1AA00
0 13 R 0x8E1CA40
0 13 R 0xE24540
0 13 W 0xE24540
0 13 R 0x4008500
0 13 R 0x400A540
0 13 R 0x400C580
0 13 R 0x400E5C0
0 13 R 0xF26540
0 13 R 0x600A140
0 13 W 0x600A140
0 13 R 0x8E1EA80
0 13 R 0x8E20AC0
0 13 R 0xE26580
0 13 W 0xE26580
0 13 R 0x4000600
0 13 R 0x4002640
0 13 R 0x4004680
0 13 R 0x40066C0
0 13 R 0xF28580
0 13 R 0x600C180
0 13 W 0x600C180
0 13 R 0x8E22B00
0 13 R 0x8E24B40
0 13 R 0xE285C0
0 13 W 0xE285C0
0 13 R 0x4008700
0 13 R 0x400A740
0 13 R 0x400C780
0 13 R 0x400E7C0
0 13 R 0xF2A5C0
0 13 R 0x600E1C0
0 13 W 0x600E1C0
0 13 R 0x8E26B80
0 13 R 0x8E28BC0
0 13 R 0xE1A600
0 13 W 0xE1A600
0 13 R 0x4000000
0 13 R 0x4002040
0 13 R 0x4004080
0 13 R 0x40060C0
0 13 R 0xF1C600
0 13 R 0x6000000
0 13 W 0x6000000
0 13 R 0x8E1AC00
0 13 R 0x8E1CC40
0 13 R 0xE1C640
0 13 W 0xE1C640
0 13 R 0x4008100
0 13 R 0x400A140
0 13 R 0x400C180
0 13 R 0x400E1C0
0 13 R 0xF1E640
0 13 R 0x6002040
0 13 W 0x6002040
0 13 R 0x8E1EC80
0 13 R 0x8E20CC0
0 13 R 0xE1E680
0 13 W 0xE1E680
0 13 R 0x4000200
0 13 R 0x4002240
0 13 R 0x4004280
0 13 R 0x40062C0
0 13 R 0xF20680
0 13 R 0x6004080
0 13 W 0x6004080
0 13 R 0x8E22D00
0 13 R 0x8E24D40
0 13 R 0xE206C0
0 13 W 0xE206C0
0 13 R 0x4008300
0 13 R 0x400A340
0 13 R 0x400C380
0 13 R 0x400E3C0
0 13 R 0xF226C0
0 13 R 0x60060C0
0 13 W 0x60060C0
0 13 R 0x8E26D80
0 13 R 0x8E28DC0
0 13 R 0xE22700
0 13 W 0xE22700
0 13 R 0x4000400
0 13 R 0x4002440
0 13 R 0x4004480
0 13 R 0x40064C0
0 13 R 0xF24700
0 13 R 0x6008100
0 13 W 0x6008100
0 13 R 0x8E1AE00
0 13 R 0x8E1CE40
0 13 R 0xE24740
0 13 W 0xE24740
0 13 R 0x4008500
0 13 R 0x400A540
0 13 R 0x400C580
0 13 R 0x400E5C0
0 13 R 0xF26740
0 13 R 0x600A140
0 13 W 0x600A140
0 13 R 0x8E1EE80
0 13 R 0x8E20EC0
0 13 R 0xE26780
0 13 W 0xE26780
0 13 R 0x4000600
0 13 R 0x4002640
0 13 R 0x4004680
0 13 R 0x40066C0
0 13 R 0xF28780
0 13 R 0x600C180
0 13 W 0x600C180
0 13 R 0x8E22F00
0 13 R 0x8E24F40
0 13 R 0xE287C0
0 13 W 0xE287C0
0 13 R 0x4008700
0 13 R 0x400A740
0 13 R 0x400C780
0 13 R 0x400E7C0
0 13 R 0xF2A7C0
0 13 R 0x600E1C0
0 13 W 0x600E1C0
0 13 R 0x8E26F80
0 13 R 0x8E28FC0
0 13 R 0xE1A000
0 13 W 0xE1A000
0 13 R 0x4000000
0 13 R 0x4002040
0 13 R 0x4004080
0 13 R 0x40060C0
0 13 R 0xF1C000
0 13 R 0x6000000
0 13 W 0x6000000
0 13 R 0x8E1B000
0 13 R 0x8E1D040
0 13 R 0xE1C040
0 13 W 0xE1C040
0 13 R 0x4008100
0 13 R 0x400A140
0 13 R 0x400C180
0 13 R 0x400E1C0
0 13 R 0xF1E040
0 13 R 0x6002040
0 13 W 0x6002040
0 13 R 0x8E1F080
0 13 R 0x8E210C0
0 13 R 0xE1E080
0 13 W 0xE1E080
0 13 R 0x4000200
0 13 R 0x4002240
0 13 R 0x4004280
0 13 R 0x40062C0
0 13 R 0xF20080
0 13 R 0x6004080
0 13 W 0x6004080
0 13 R 0x8E23100
0 13 R 0x8E25140
0 13 R 0xE200C0
0 13 W 0xE200C0
0 13 R 0x4008300
0 13 R 0x400A340
0 13 R 0x400C380
0 13 R 0x400E3C0
0 13 R 0xF220C0
0 13 R 0x60060C0
0 13 W 0x60060C0
0 13 R 0x8E27180
0 13 R 0x8E291C0
0 13 R 0xE22100
0 13 W 0xE22100
0 13 R 0x4000400
0 13 R 0x4002440
0 13 R 0x4004480
0 13 R 0x40064C0
0 13 R 0xF24100
0 13 R 0x6008100
0 13 W 0x6008100
0 13 R 0x8E1B200
0 13 R 0x8E1D240
0 13 R 0xE24140
0 13 W 0xE24140
0 13 R 0x4008500
0 13 R 0x400A540
0 13 R 0x400C580
0 13 R 0x400E5C0
0 13 R 0xF26140
0 13 R 0x600A140
0 13 W 0x600A140
0 13 R 0x8E1F280
0 13 R 0x8E212C0
0 13 R 0xE26180
0 13 W 0xE26180
0 13 R 0x4000600
0 13 R 0x4002640
0 13 R 0x4004680
0 13 R 0x40066C0
0 13 R 0xF28180
0 13 R 0x600C180
0 13 W 0x600C180
0 13 R 0x8E23300
0 13 R 0x8E25340
0 13 R 0xE281C0
0 13 W 0xE281C0
0 13 R 0x4008700
0 13 R 0x400A740
0 13 R 0x400C780
0 13 R 0x400E7C0
0 13 R 0xF2A1C0
0 13 R 0x600E1C0
0 13 W 0x600E1C0
0 13 R 0x8E27380
0 13 R 0x8E293C0
0 13 R 0xE1A200
0 13 W 0xE1A200
0 13 R 0x4000000
0 13 R 0x4002040
0 13 R 0x4004080
0 13 R 0x40060C0
0 13 R 0xF1C200
0 13 R 0x6000000
0 13 W 0x6000000
0 13 R 0x8E1B400
0 13 R 0x8E1D440
0 13 R 0xE1C240
0 13 W 0xE1C240
0 13 R 0x4008100
0 13 R 0x400A140
0 13 R 0x400C180
0 13 R 0x400E1C0
0 13 R 0xF1E240
0 13 R 0x6002040
0 13 W 0x6002040
0 13 R 0x8E1F480
0 13 R 0x8E214C0
0 13 R 0xE1E280
0 13 W 0xE1E280
0 13 R 0x4000200
0 13 R 0x4002240
0 13 R 0x4004280
0 13 R 0x40062C0
0 13 R 0xF20280
0 13 R 0x6004080
0 13 W 0x6004080
0 13 R 0x8E23500
0 13 R 0x8E25540
0 13 R 0xE202C0
0 13 W 0xE202C0
0 13 R 0x4008300
0 13 R 0x400A340
0 13 R 0x400C380
0 13 R 0x400E3C0
0 13 R 0xF222C0
0 13 R 0x60060C0
0 13 W 0x60060C0
0 13 R 0x8E27580
0 13 R 0x8E295C0
0 13 R 0xE22300
0 13 W 0xE22300
0 13 R 0x4000400
0 13 R 0x4002440
0 13 R 0x4004480
0 13 R 0x40064C0
0 13 R 0xF24300
0 13 R 0x6008100
0 13 W 0x6008100
0 13 R 0x8E1B600
0 13 R 0x8E1D640
0 13 R 0xE24340
0 13 W 0xE24340
0 13 R 0x4008500
0 13 R 0x400A540
0 13 R 0x400C580
0 13 R 0x400E5C0
0 13 R 0xF26340
0 13 R 0x600A140
0 13 W 0x600A140
0 13 R 0x8E1F680
0 13 R 0x8E216C0
0 13 R 0xE26380
0 13 W 0xE26380
0 13 R 0x4000600
0 13 R 0x4002640
0 13 R 0x4004680
0 13 R 0x40066C0
0 13 R 0xF28380
0 13 R 0x600C180
0 13 W 0x600C180
0 13 R 0x8E23700
0 13 R 0x8E25740
0 13 R 0xE283C0
0 13 W 0xE283C0
0 13 R 0x4008700
0 13 R 0x400A740
0 13 R 0x400C780
0 13 R 0x400E7C0
0 13 R 0xF2A3C0
0 13 R 0x600E1C0
0 13 W 0x600E1C0
0 13 R 0x8E27780
0 13 R 0x8E297C0
0 14 R 0xF1C000
0 14 W 0xF1C000
0 14 R 0x4000000
0 14 R 0x4002040
0 14 R 0x4004080
0 14 R 0x40060C0
0 14 R 0x101E000
0 14 R 0x6000000
0 14 W 0x6000000
0 14 R 0x8F1C000
0 14 R 0x8F1E040
0 14 R 0xF1E040
0 14 W 0xF1E040
0 14 R 0x4008100
0 14 R 0x400A140
0 14 R 0x400C180
0 14 R 0x400E1C0
0 14 R 0x1020040
0 14 R 0x6002040
0 14 W 0x6002040
0 14 R 0x8F20080
0 14 R 0x8F220C0
0 14 R 0xF20080
0 14 W 0xF20080
0 14 R 0x4000200
0 14 R 0x4002240
0 14 R 0x4004280
0 14 R 0x40062C0
0 14 R 0x1022080
0 14 R 0x6004080
0 14 W 0x6004080
0 14 R 0x8F24100
0 14 R 0x8F26140
0 14 R 0xF220C0
0 14 W 0xF220C0
0 14 R 0x4008300
0 14 R 0x400A340
0 14 R 0x400C380
0 14 R 0x400E3C0
0 14 R 0x10240C0
0 14 R 0x60060C0
0 14 W 0x60060C0
0 14 R 0x8F28180
0 14 R 0x8F2A1C0
0 14 R 0xF24100
0 14 W 0xF24100
0 14 R 0x4000400
0 14 R 0x4002440
0 14 R 0x4004480
0 14 R 0x40064C0
0 14 R 0x1026100
0 14 R 0x6008100
0 14 W 0x6008100
0 14 R 0x8F1C200
0 14 R 0x8F1E240
0 14 R 0xF26140
0 14 W 0xF26140
0 14 R 0x4008500
0 14 R 0x400A540
0 14 R 0x400C580
0 14 R 0x400E5C0
0 14 R 0x1028140
0 14 R 0x600A140
0 14 W 0x600A140
0 14 R 0x8F20280
0 14 R 0x8F222C0
0 14 R 0xF28180
0 14 W 0xF28180
0 14 R 0x4000600
0 14 R 0x4002640
0 14 R 0x4004680
0 14 R 0x40066C0
0 14 R 0x102A180
0 14 R 0x600C180
0 14 W 0x600C180
0 14 R 0x8F24300
0 14 R 0x8F26340
0 14 R 0xF2A1C0
0 14 W 0xF2A1C0
0 14 R 0x4008700
0 14 R 0x400A740
0 14 R 0x400C780
0 14 R 0x400E7C0
0 14 R 0x102C1C0
0 14 R 0x600E1C0
0 14 W 0x600E1C0
0 14 R 0x8F28380
0 14 R 0x8F2A3C0
0 14 R 0xF1C200
0 14 W 0xF1C200
0 14 R 0x4000000
0 14 R 0x4002040
0 14 R 0x4004080
0 14 R 0x40060C0
0 14 R 0x101E200
0 14 R 0x6000000
0 14 W 0x6000000
0 14 R 0x8F1C400
0 14 R 0x8F1E440
0 14 R 0xF1E240
0 14 W 0xF1E240
0 14 R 0x4008100
0 14 R 0x400A140
0 14 R 0x400C180
0 14 R 0x400E1C0
0 14 R 0x1020240
0 14 R 0x6002040
0 14 W 0x6002040
0 14 R 0x8F20480
0 14 R 0x8F224C0
0 14 R 0xF20280
0 14 W 0xF20280
0 14 R 0x4000200
0 14 R 0x4002240
0 14 R 0x4004280
0 14 R 0x40062C0
0 14 R 0x1022280
0 14 R 0x6004080
0 14 W 0x6004080
0 14 R 0x8F24500
0 14 R 0x8F26540
0 14 R 0xF222C0
0 14 W 0xF222C0
0 14 R 0x4008300
0 14 R 0x400A340
0 14 R 0x400C380
0 14 R 0x400E3C0
0 14 R 0x10242C0
0 14 R 0x60060C0
0 14 W 0x60060C0
0 14 R 0x8F28580
0 14 R 0x8F2A5C0
0 14 R 0xF24300
0 14 W 0xF24300
0 14 R 0x4000400
0 14 R 0x4002440
0 14 R 0x4004480
0 14 R 0x40064C0
0 14 R 0x1026300
0 14 R 0x6008100
0 14 W 0x6008100
0 14 R 0x8F1C600
0 14 R 0x8F1E640
0 14 R 0xF26340
0 14 W 0xF26340
0 14 R 0x4008500
0 14 R 0x400A540
0 14 R 0x400C580
0 14 R 0x400E5C0
0 14 R 0x1028340
0 14 R 0x600A140
0 14 W 0x600A140
0 14 R 0x8F20680
0 14 R 0x8F226C0
0 14 R 0xF28380
0 14 W 0xF28380
0 14 R 0x4000600
0 14 R 0x4002640
0 14 R 0x4004680
0 14 R 0x40066C0
0 14 R 0x102A380
0 14 R 0x600C180
0 14 W 0x600C180
0 14 R 0x8F24700
0 14 R 0x8F26740
0 14 R 0xF2A3C0
0 14 W 0xF2A3C0
0 14 R 0x4008700
0 14 R 0x400A740
0 14 R 0x400C780
0 14 R 0x400E7C0
0 14 R 0x102C3C0
0 14 R 0x600E1C0
0 14 W 0x600E1C0
0 14 R 0x8F28780
0 14 R 0x8F2A7C0
0 14 R 0xF1C400
0 14 W 0xF1C400
0 14 R 0x4000000
0 14 R 0x4002040
0 14 R 0x4004080
0 14 R 0x40060C0
0 14 R 0x101E400
0 14 R 0x6000000
0 14 W 0x6000000
0 14 R 0x8F1C800
0 14 R 0x8F1E840
0 14 R 0xF1E440
0 14 W 0xF1E440
0 14 R 0x4008100
0 14 R 0x400A140
0 14 R 0x400C180
0 14 R 0x400E1C0
0 14 R 0x1020440
0 14 R 0x6002040
0 14 W 0x6002040
0 14 R 0x8F20880
0 14 R 0x8F228C0
0 14 R 0xF20480
0 14 W 0xF20480
0 14 R 0x4000200
0 14 R 0x4002240
0 14 R 0x4004280
0 14 R 0x40062C0
0 14 R 0x1022480
0 14 R 0x6004080
0 14 W 0x6004080
0 14 R 0x8F24900
0 14 R 0x8F26940
0 14 R 0xF224C0
0 14 W 0xF224C0
0 14 R 0x4008300
0 14 R 0x400A340
0 14 R 0x400C380
0 14 R 0x400E3C0
0 14 R 0x10244C0
0 14 R 0x60060C0
0 14 W 0x60060C0
0 14 R 0x8F28980
0 14 R 0x8F2A9C0
0 14 R 0xF24500
0 14 W 0xF24500
0 14 R 0x4000400
0 14 R 0x4002440
0 14 R 0x4004480
0 14 R 0x40064C0
0 14 R 0x1026500
0 14 R 0x6008100
0 14 W 0x6008100
0 14 R 0x8F1CA00
0 14 R 0x8F1EA40
0 14 R 0xF26540
0 14 W 0xF26540
0 14 R 0x4008500
0 14 R 0x400A540
0 14 R 0x400C580
0 14 R 0x400E5C0
0 14 R 0x1028540
0 14 R 0x600A140
0 14 W 0x600A140
0 14 R 0x8F20A80
0 14 R 0x8F22AC0
0 14 R 0xF28580
0 14 W 0xF28580
0 14 R 0x4000600
0 14 R 0x4002640
0 14 R 0x4004680
0 14 R 0x40066C0
0 14 R 0x102A580
0 14 R 0x600C180
0 14 W 0x600C180
0 14 R 0x8F24B00
0 14 R 0x8F26B40
0 14 R 0xF2A5C0
0 14 W 0xF2A5C0
0 14 R 0x4008700
0 14 R 0x400A740
0 14 R 0x400C780
0 14 R 0x400E7C0
0 14 R 0x102C5C0
0 14 R 0x600E1C0
0 14 W 0x600E1C0
0 14 R 0x8F28B80
0 14 R 0x8F2ABC0
0 14 R 0xF1C600
0 14 W 0xF1C600
0 14 R 0x4000000
0 14 R 0x4002040
0 14 R 0x4004080
0 14 R 0x40060C0
0 14 R 0x101E600
0 14 R 0x6000000
0 14 W 0x6000000
0 14 R 0x8F1CC00
0 14 R 0x8F1EC40
0 14 R 0xF1E640
0 14 W 0xF1E640
0 14 R 0x4008100
0 14 R 0x400A140
0 14 R 0x400C180
0 14 R 0x400E1C0
0 14 R 0x1020640
0 14 R 0x6002040
0 14 W 0x6002040
0 14 R 0x8F20C80
0 14 R 0x8F22CC0
0 14 R 0xF20680
0 14 W 0xF20680
0 14 R 0x4000200
0 14 R 0x4002240
0 14 R 0x4004280
0 14 R 0x40062C0
0 14 R 0x1022680
0 14 R 0x6004080
0 14 W 0x6004080
0 14 R 0x8F24D00
0 14 R 0x8F26D40
0 14 R 0xF226C0
0 14 W 0xF226C0
0 14 R 0x4008300
0 14 R 0x400A340
0 14 R 0x400C380
0 14 R 0x400E3C0
0 14 R 0x10246C0
0 14 R 0x60060C0
0 14 W 0x60060C0
0 14 R 0x8F28D80
0 14 R 0x8F2ADC0
0 14 R 0xF24700
0 14 W 0xF24700
0 14 R 0x4000400
0 14 R 0x4002440
0 14 R 0x4004480
0 14 R 0x40064C0
0 14 R 0x1026700
0 14 R 0x6008100
0 14 W 0x6008100
0 14 R 0x8F1CE00
0 14 R 0x8F1EE40
0 14 R 0xF26740
0 14 W 0xF26740
0 14 R 0x4008500
0 14 R 0x400A540
0 14 R 0x400C580
0 14 R 0x400E5C0
0 14 R 0x1028740
0 14 R 0x600A140
0 14 W 0x600A140
0 14 R 0x8F20E80
0 14 R 0x8F22EC0
0 14 R 0xF28780
0 14 W 0xF28780
0 14 R 0x4000600
0 14 R 0x4002640
0 14 R 0x4004680
0 14 R 0x40066C0
0 14 R 0x102A780
0 14 R 0x600C180
0 14 W 0x600C180
0 14 R 0x8F24F00
0 14 R 0x8F26F40
0 14 R 0xF2A7C0
0 14 W 0xF2A7C0
0 14 R 0x4008700
0 14 R 0x400A740
0 14 R 0x400C780
0 14 R 0x400E7C0
0 14 R 0x102C7C0
0 14 R 0x600E1C0
0 14 W 0x600E1C0
0 14 R 0x8F28F80
0 14 R 0x8F2AFC0
0 14 R 0xF1C000
0 14 W 0xF1C000
0 14 R 0x4000000
0 14 R 0x4002040
0 14 R 0x4004080
0 14 R 0x40060C0
0 14 R 0x101E000
0 14 R 0x6000000
0 14 W 0x6000000
0 14 R 0x8F1D000
0 14 R 0x8F1F040
0 14 R 0xF1E040
0 14 W 0xF1E040
0 14 R 0x4008100
0 14 R 0x400A140
0 14 R 0x400C180
0 14 R 0x400E1C0
0 14 R 0x1020040
0 14 R 0x6002040
0 14 W 0x6002040
0 14 R 0x8F21080
0 14 R 0x8F230C0
0 14 R 0xF20080
0 14 W 0xF20080
0 14 R 0x4000200
0 14 R 0x4002240
0 14 R 0x4004280
0 14 R 0x40062C0
0 14 R 0x1022080
0 14 R 0x6004080
0 14 W 0x6004080
0 14 R 0x8F25100
0 14 R 0x8F27140
0 14 R 0xF220C0
0 14 W 0xF220C0
0 14 R 0x4008300
0 14 R 0x400A340
0 14 R 0x400C380
0 14 R 0x400E3C0
0 14 R 0x10240C0
0 14 R 0x60060C0
0 14 W 0x60060C0
0 14 R 0x8F29180
0 14 R 0x8F2B1C0
0 14 R 0xF24100
0 14 W 0xF24100
0 14 R 0x4000400
0 14 R 0x4002440
0 14 R 0x4004480
0 14 R 0x40064C0
0 14 R 0x1026100
0 14 R 0x6008100
0 14 W 0x6008100
0 14 R 0x8F1D200
0 14 R 0x8F1F240
0 14 R 0xF26140
0 14 W 0xF26140
0 14 R 0x4008500
0 14 R 0x400A540
0 14 R 0x400C580
0 14 R 0x400E5C0
0 14 R 0x1028140
0 14 R 0x600A140
0 14 W 0x600A140
0 14 R 0x8F21280
0 14 R 0x8F232C0
0 14 R 0xF28180
0 14 W 0xF28180
0 14 R 0x4000600
0 14 R 0x4002640
0 14 R 0x4004680
0 14 R 0x40066C0
0 14 R 0x102A180
0 14 R 0x600C180
0 14 W 0x600C180
0 14 R 0x8F25300
0 14 R 0x8F27340
0 14 R 0xF2A1C0
0 14 W 0xF2A1C0
0 14 R 0x4008700
0 14 R 0x400A740
0 14 R 0x400C780
0 14 R 0x400E7C0
0 14 R 0x102C1C0
0 14 R 0x600E1C0
0 14 W 0x600E1C0
0 14 R 0x8F29380
0 14 R 0x8F2B3C0
0 14 R 0xF1C200
0 14 W 0xF1C200
0 14 R 0x4000000
0 14 R 0x4002040
0 14 R 0x4004080
0 14 R 0x40060C0
0 14 R 0x101E200
0 14 R 0x6000000
0 14 W 0x6000000
0 14 R 0x8F1D400
0 14 R 0x8F1F440
0 14 R 0xF1E240
0 14 W 0xF1E240
0 14 R 0x4008100
0 14 R 0x400A140
0 14 R 0x400C180
0 14 R 0x400E1C0
0 14 R 0x1020240
0 14 R 0x6002040
0 14 W 0x6002040
0 14 R 0x8F21480
0 14 R 0x8F234C0
0 14 R 0xF20280
0 14 W 0xF20280
0 14 R 0x4000200
0 14 R 0x4002240
0 14 R 0x4004280
0 14 R 0x40062C0
0 14 R 0x1022280
0 14 R 0x6004080
0 14 W 0x6004080
0 14 R 0x8F25500
0 14 R 0x8F27540
0 14 R 0xF222C0
0 14 W 0xF222C0
0 14 R 0x4008300
0 14 R 0x400A340
0 14 R 0x400C380
0 14 R 0x400E3C0
0 14 R 0x10242C0
0 14 R 0x60060C0
0 14 W 0x60060C0
0 14 R 0x8F29580
0 14 R 0x8F2B5C0
0 14 R 0xF24300
0 14 W 0xF24300
0 14 R 0x4000400
0 14 R 0x4002440
0 14 R 0x4004480
0 14 R 0x40064C0
0 14 R 0x1026300
0 14 R 0x6008100
0 14 W 0x6008100
0 14 R 0x8F1D600
0 14 R 0x8F1F640
0 14 R 0xF26340
0 14 W 0xF26340
0 14 R 0x4008500
0 14 R 0x400A540
0 14 R 0x400C580
0 14 R 0x400E5C0
0 14 R 0x1028340
0 14 R 0x600A140
0 14 W 0x600A140
0 14 R 0x8F21680
0 14 R 0x8F236C0
0 14 R 0xF28380
0 14 W 0xF28380
0 14 R 0x4000600
0 14 R 0x4002640
0 14 R 0x4004680
0 14 R 0x40066C0
0 14 R 0x102A380
0 14 R 0x600C180
0 14 W 0x600C180
0 14 R 0x8F25700
0 14 R 0x8F27740
0 14 R 0xF2A3C0
0 14 W 0xF2A3C0
0 14 R 0x4008700
0 14 R 0x400A740
0 14 R 0x400C780
0 14 R 0x400E7C0
0 14 R 0x102C3C0
0 14 R 0x600E1C0
0 14 W 0x600E1C0
0 14 R 0x8F29780
0 14 R 0x8F2B7C0
0 15 R 0x101E000
0 15 W 0x101E000
0 15 R 0x4000000
0 15 R 0x4002040
0 15 R 0x4004080
0 15 R 0x40060C0
0 15 R 0x100000
0 15 R 0x6000000
0 15 W 0x6000000
0 15 R 0x901E000
0 15 R 0x9020040
0 15 R 0x1020040
0 15 W 0x1020040
0 15 R 0x4008100
0 15 R 0x400A140
0 15 R 0x400C180
0 15 R 0x400E1C0
0 15 R 0x102040
0 15 R 0x6002040
0 15 W 0x6002040
0 15 R 0x9022080
0 15 R 0x90240C0
0 15 R 0x1022080
0 15 W 0x1022080
0 15 R 0x4000200
0 15 R 0x4002240
0 15 R 0x4004280
0 15 R 0x40062C0
0 15 R 0x104080
0 15 R 0x6004080
0 15 W 0x6004080
0 15 R 0x9026100
0 15 R 0x9028140
0 15 R 0x10240C0
0 15 W 0x10240C0
0 15 R 0x4008300
0 15 R 0x400A340
0 15 R 0x400C380
0 15 R 0x400E3C0
0 15 R 0x1060C0
0 15 R 0x60060C0
0 15 W 0x60060C0
0 15 R 0x902A180
0 15 R 0x902C1C0
0 15 R 0x1026100
0 15 W 0x1026100
0 15 R 0x4000400
0 15 R 0x4002440
0 15 R 0x4004480
0 15 R 0x40064C0
0 15 R 0x108100
0 15 R 0x6008100
0 15 W 0x6008100
0 15 R 0x901E200
0 15 R 0x9020240
0 15 R 0x1028140
0 15 W 0x1028140
0 15 R 0x4008500
0 15 R 0x400A540
0 15 R 0x400C580
0 15 R 0x400E5C0
0 15 R 0x10A140
0 15 R 0x600A140
0 15 W 0x600A140
0 15 R 0x9022280
0 15 R 0x90242C0
0 15 R 0x102A180
0 15 W 0x102A180
0 15 R 0x4000600
0 15 R 0x4002640
0 15 R 0x4004680
0 15 R 0x40066C0
0 15 R 0x10C180
0 15 R 0x600C180
0 15 W 0x600C180
0 15 R 0x9026300
0 15 R 0x9028340
0 15 R 0x102C1C0
0 15 W 0x102C1C0
0 15 R 0x4008700
0 15 R 0x400A740
0 15 R 0x400C780
0 15 R 0x400E7C0
0 15 R 0x10E1C0
0 15 R 0x600E1C0
0 15 W 0x600E1C0
0 15 R 0x902A380
0 15 R 0x902C3C0
0 15 R 0x101E200
0 15 W 0x101E200
0 15 R 0x4000000
0 15 R 0x4002040
0 15 R 0x4004080
0 15 R 0x40060C0
0 15 R 0x100200
0 15 R 0x6000000
0 15 W 0x6000000
0 15 R 0x901E400
0 15 R 0x9020440
0 15 R 0x1020240
0 15 W 0x1020240
0 15 R 0x4008100
0 15 R 0x400A140
0 15 R 0x400C180
0 15 R 0x400E1C0
0 15 R 0x102240
0 15 R 0x6002040
0 15 W 0x6002040
0 15 R 0x9022480
0 15 R 0x90244C0
0 15 R 0x1022280
0 15 W 0x1022280
0 15 R 0x4000200
0 15 R 0x4002240
0 15 R 0x4004280
0 15 R 0x40062C0
0 15 R 0x104280
0 15 R 0x6004080
0 15 W 0x6004080
0 15 R 0x9026500
0 15 R 0x9028540
0 15 R 0x10242C0
0 15 W 0x10242C0
0 15 R 0x4008300
0 15 R 0x400A340
0 15 R 0x400C380
0 15 R 0x400E3C0
0 15 R 0x1062C0
0 15 R 0x60060C0
0 15 W 0x60060C0
0 15 R 0x902A580
0 15 R 0x902C5C0
0 15 R 0x1026300
0 15 W 0x1026300
0 15 R 0x4000400
0 15 R 0x4002440
0 15 R 0x4004480
0 15 R 0x40064C0
0 15 R 0x108300
0 15 R 0x6008100
0 15 W 0x6008100
0 15 R 0x901E600
0 15 R 0x9020640
0 15 R 0x1028340
0 15 W 0x1028340
0 15 R 0x4008500
0 15 R 0x400A540
0 15 R 0x400C580
0 15 R 0x400E5C0
0 15 R 0x10A340
0 15 R 0x600A140
0 15 W 0x600A140
0 15 R 0x9022680
0 15 R 0x90246C0
0 15 R 0x102A380
0 15 W 0x102A380
0 15 R 0x4000600
0 15 R 0x4002640
0 15 R 0x4004680
0 15 R 0x40066C0
0 15 R 0x10C380
0 15 R 0x600C180
0 15 W 0x600C180
0 15 R 0x9026700
0 15 R 0x9028740
0 15 R 0x102C3C0
0 15 W 0x102C3C0
0 15 R 0x4008700
0 15 R 0x400A740
0 15 R 0x400C780
0 15 R 0x400E7C0
0 15 R 0x10E3C0
0 15 R 0x600E1C0
0 15 W 0x600E1C0
0 15 R 0x902A780
0 15 R 0x902C7C0
0 15 R 0x101E400
0 15 W 0x101E400
0 15 R 0x4000000
0 15 R 0x4002040
0 15 R 0x4004080
0 15 R 0x40060C0
0 15 R 0x100400
0 15 R 0x6000000
0 15 W 0x6000000
0 15 R 0x901E800
0 15 R 0x9020840
0 15 R 0x1020440
0 15 W 0x1020440
0 15 R 0x4008100
0 15 R 0x400A140
0 15 R 0x400C180
0 15 R 0x400E1C0
0 15 R 0x102440
0 15 R 0x6002040
0 15 W 0x6002040
0 15 R 0x9022880
0 15 R 0x90248C0
0 15 R 0x1022480
0 15 W 0x1022480
0 15 R 0x4000200
0 15 R 0x4002240
0 15 R 0x4004280
0 15 R 0x40062C0
0 15 R 0x104480
0 15 R 0x6004080
0 15 W 0x6004080
0 15 R 0x9026900
0 15 R 0x9028940
0 15 R 0x10244C0
0 15 W 0x10244C0
0 15 R 0x4008300
0 15 R 0x400A340
0 15 R 0x400C380
0 15 R 0x400E3C0
0 15 R 0x1064C0
0 15 R 0x60060C0
0 15 W 0x60060C0
0 15 R 0x902A980
0 15 R 0x902C9C0
0 15 R 0x1026500
0 15 W 0x1026500
0 15 R 0x4000400
0 15 R 0x4002440
0 15 R 0x4004480
0 15 R 0x40064C0
0 15 R 0x108500
0 15 R 0x6008100
0 15 W 0x6008100
0 15 R 0x901EA00
0 15 R 0x9020A40
0 15 R 0x1028540
0 15 W 0x1028540
0 15 R 0x4008500
0 15 R 0x400A540
0 15 R 0x400C580
0 15 R 0x400E5C0
0 15 R 0x10A540
0 15 R 0x600A140
0 15 W 0x600A140
0 15 R 0x9022A80
0 15 R 0x9024AC0
0 15 R 0x102A580
0 15 W 0x102A580
0 15 R 0x4000600
0 15 R 0x4002640
0 15 R 0x4004680
0 15 R 0x40066C0
0 15 R 0x10C580
0 15 R 0x600C180
0 15 W 0x600C180
0 15 R 0x9026B00
0 15 R 0x9028B40
0 15 R 0x102C5C0
0 15 W 0x102C5C0
0 15 R 0x4008700
0 15 R 0x400A740
0 15 R 0x400C780
0 15 R 0x400E7C0
0 15 R 0x10E5C0
0 15 R 0x600E1C0
0 15 W 0x600E1C0
0 15 R 0x902AB80
0 15 R 0x902CBC0
0 15 R 0x101E600
0 15 W 0x101E600
0 15 R 0x4000000
0 15 R 0x4002040
0 15 R 0x4004080
0 15 R 0x40060C0
0 15 R 0x100600
0 15 R 0x6000000
0 15 W 0x6000000
0 15 R 0x901EC00
0 15 R 0x9020C40
0 15 R 0x1020640
0 15 W 0x1020640
0 15 R 0x4008100
0 15 R 0x400A140
0 15 R 0x400C180
0 15 R 0x400E1C0
0 15 R 0x102640
0 15 R 0x6002040
0 15 W 0x6002040
0 15 R 0x9022C80
0 15 R 0x9024CC0
0 15 R 0x1022680
0 15 W 0x1022680
0 15 R 0x4000200
0 15 R 0x4002240
0 15 R 0x4004280
0 15 R 0x40062C0
0 15 R 0x104680
0 15 R 0x6004080
0 15 W 0x6004080
0 15 R 0x9026D00
0 15 R 0x9028D40
0 15 R 0x10246C0
0 15 W 0x10246C0
0 15 R 0x4008300
0 15 R 0x400A340
0 15 R 0x400C380
0 15 R 0x400E3C0
0 15 R 0x1066C0
0 15 R 0x60060C0
0 15 W 0x60060C0
0 15 R 0x902AD80
0 15 R 0x902CDC0
0 15 R 0x1026700
0 15 W 0x1026700
0 15 R 0x4000400
0 15 R 0x4002440
0 15 R 0x4004480
0 15 R 0x40064C0
0 15 R 0x108700
0 15 R 0x6008100
0 15 W 0x6008100
0 15 R 0x901EE00
0 15 R 0x9020E40
0 15 R 0x1028740
0 15 W 0x1028740
0 15 R 0x4008500
0 15 R 0x400A540
0 15 R 0x400C580
0 15 R 0x400E5C0
0 15 R 0x10A740
0 15 R 0x600A140
0 15 W 0x600A140
0 15 R 0x9022E80
0 15 R 0x9024EC0
0 15 R 0x102A780
0 15 W 0x102A780
0 15 R 0x4000600
0 15 R 0x4002640
0 15 R 0x4004680
0 15 R 0x40066C0
0 15 R 0x10C780
0 15 R 0x600C180
0 15 W 0x600C180
0 15 R 0x9026F00
0 15 R 0x9028F40
0 15 R 0x102C7C0
0 15 W 0x102C7C0
0 15 R 0x4008700
0 15 R 0x400A740
0 15 R 0x400C780
0 15 R 0x400E7C0
0 15 R 0x10E7C0
0 15 R 0x600E1C0
0 15 W 0x600E1C0
0 15 R 0x902AF80
0 15 R 0x902CFC0
0 15 R 0x101E000
0 15 W 0x101E000
0 15 R 0x4000000
0 15 R 0x4002040
0 15 R 0x4004080
0 15 R 0x40060C0
0 15 R 0x100000
0 15 R 0x6000000
0 15 W 0x6000000
0 15 R 0x901F000
0 15 R 0x9021040
0 15 R 0x1020040
0 15 W 0x1020040
0 15 R 0x4008100
0 15 R 0x400A140
0 15 R 0x400C180
0 15 R 0x400E1C0
0 15 R 0x102040
0 15 R 0x6002040
0 15 W 0x6002040
0 15 R 0x9023080
0 15 R 0x90250C0
0 15 R 0x1022080
0 15 W 0x1022080
0 15 R 0x4000200
0 15 R 0x4002240
0 15 R 0x4004280
0 15 R 0x40062C0
0 15 R 0x104080
0 15 R 0x6004080
0 15 W 0x6004080
0 15 R 0x9027100
0 15 R 0x9029140
0 15 R 0x10240C0
0 15 W 0x10240C0
0 15 R 0x4008300
0 15 R 0x400A340
0 15 R 0x400C380
0 15 R 0x400E3C0
0 15 R 0x1060C0
0 15 R 0x60060C0
0 15 W 0x60060C0
0 15 R 0x902B180
0 15 R 0x902D1C0
0 15 R 0x1026100
0 15 W 0x1026100
0 15 R 0x4000400
0 15 R 0x4002440
0 15 R 0x4004480
0 15 R 0x40064C0
0 15 R 0x108100
0 15 R 0x6008100
0 15 W 0x6008100
0 15 R 0x901F200
0 15 R 0x9021240
0 15 R 0x1028140
0 15 W 0x1028140
0 15 R 0x4008500
0 15 R 0x400A540
0 15 R 0x400C580
0 15 R 0x400E5C0
0 15 R 0x10A140
0 15 R 0x600A140
0 15 W 0x600A140
0 15 R 0x9023280
0 15 R 0x90252C0
0 15 R 0x102A180
0 15 W 0x102A180
0 15 R 0x4000600
0 15 R 0x4002640
0 15 R 0x4004680
0 15 R 0x40066C0
0 15 R 0x10C180
0 15 R 0x600C180
0 15 W 0x600C180
0 15 R 0x9027300
0 15 R 0x9029340
0 15 R 0x102C1C0
0 15 W 0x102C1C0
0 15 R 0x4008700
0 15 R 0x400A740
0 15 R 0x400C780
0 15 R 0x400E7C0
0 15 R 0x10E1C0
0 15 R 0x600E1C0
0 15 W 0x600E1C0
0 15 R 0x902B380
0 15 R 0x902D3C0
0 15 R 0x101E200
0 15 W 0x101E200
0 15 R 0x4000000
0 15 R 0x4002040
0 15 R 0x4004080
0 15 R 0x40060C0
0 15 R 0x100200
0 15 R 0x6000000
0 15 W 0x6000000
0 15 R 0x901F400
0 15 R 0x9021440
0 15 R 0x1020240
0 15 W 0x1020240
0 15 R 0x4008100
0 15 R 0x400A140
0 15 R 0x400C180
0 15 R 0x400E1C0
0 15 R 0x102240
0 15 R 0x6002040
0 15 W 0x6002040
0 15 R 0x9023480
0 15 R 0x90254C0
0 15 R 0x1022280
0 15 W 0x1022280
0 15 R 0x4000200
0 15 R 0x4002240
0 15 R 0x4004280
0 15 R 0x40062C0
0 15 R 0x104280
0 15 R 0x6004080
0 15 W 0x6004080
0 15 R 0x9027500
0 15 R 0x9029540
0 15 R 0x10242C0
0 15 W 0x10242C0
0 15 R 0x4008300
0 15 R 0x400A340
0 15 R 0x400C380
0 15 R 0x400E3C0
0 15 R 0x1062C0
0 15 R 0x60060C0
0 15 W 0x60060C0
0 15 R 0x902B580
0 15 R 0x902D5C0
0 15 R 0x1026300
0 15 W 0x1026300
0 15 R 0x4000400
0 15 R 0x4002440
0 15 R 0x4004480
0 15 R 0x40064C0
0 15 R 0x108300
0 15 R 0x6008100
0 15 W 0x6008100
0 15 R 0x901F600
0 15 R 0x9021640
0 15 R 0x1028340
0 15 W 0x1028340
0 15 R 0x4008500
0 15 R 0x400A540
0 15 R 0x400C580
0 15 R 0x400E5C0
0 15 R 0x10A340
0 15 R 0x600A140
0 15 W 0x600A140
0 15 R 0x9023680
0 15 R 0x90256C0
0 15 R 0x102A380
0 15 W 0x102A380
0 15 R 0x4000600
0 15 R 0x4002640
0 15 R 0x4004680
0 15 R 0x40066C0
0 15 R 0x10C380
0 15 R 0x600C180
0 15 W 0x600C180
0 15 R 0x9027700
0 15 R 0x9029740
0 15 R 0x102C3C0
0 15 W 0x102C3C0
0 15 R 0x4008700
0 15 R 0x400A740
0 15 R 0x400C780
0 15 R 0x400E7C0
0 15 R 0x10E3C0
0 15 R 0x600E1C0
0 15 W 0x600E1C0
0 15 R 0x902B780
0 15 R 0x902D7C0
