# private read-then-write -- isolates the E state
# 16 cores x 256 private lines, each read then written.
# MESI/MOESI: read miss lands in E, the write is silent.
# MSI/MOSI:   read miss lands in S, the write costs an Upgrade.

0 0 R 0x100000
0 0 W 0x100000
0 0 R 0x102040
0 0 W 0x102040
0 0 R 0x104080
0 0 W 0x104080
0 0 R 0x1060C0
0 0 W 0x1060C0
0 0 R 0x108100
0 0 W 0x108100
0 0 R 0x10A140
0 0 W 0x10A140
0 0 R 0x10C180
0 0 W 0x10C180
0 0 R 0x10E1C0
0 0 W 0x10E1C0
0 0 R 0x100200
0 0 W 0x100200
0 0 R 0x102240
0 0 W 0x102240
0 0 R 0x104280
0 0 W 0x104280
0 0 R 0x1062C0
0 0 W 0x1062C0
0 0 R 0x108300
0 0 W 0x108300
0 0 R 0x10A340
0 0 W 0x10A340
0 0 R 0x10C380
0 0 W 0x10C380
0 0 R 0x10E3C0
0 0 W 0x10E3C0
0 0 R 0x100400
0 0 W 0x100400
0 0 R 0x102440
0 0 W 0x102440
0 0 R 0x104480
0 0 W 0x104480
0 0 R 0x1064C0
0 0 W 0x1064C0
0 0 R 0x108500
0 0 W 0x108500
0 0 R 0x10A540
0 0 W 0x10A540
0 0 R 0x10C580
0 0 W 0x10C580
0 0 R 0x10E5C0
0 0 W 0x10E5C0
0 0 R 0x100600
0 0 W 0x100600
0 0 R 0x102640
0 0 W 0x102640
0 0 R 0x104680
0 0 W 0x104680
0 0 R 0x1066C0
0 0 W 0x1066C0
0 0 R 0x108700
0 0 W 0x108700
0 0 R 0x10A740
0 0 W 0x10A740
0 0 R 0x10C780
0 0 W 0x10C780
0 0 R 0x10E7C0
0 0 W 0x10E7C0
0 0 R 0x100800
0 0 W 0x100800
0 0 R 0x102840
0 0 W 0x102840
0 0 R 0x104880
0 0 W 0x104880
0 0 R 0x1068C0
0 0 W 0x1068C0
0 0 R 0x108900
0 0 W 0x108900
0 0 R 0x10A940
0 0 W 0x10A940
0 0 R 0x10C980
0 0 W 0x10C980
0 0 R 0x10E9C0
0 0 W 0x10E9C0
0 0 R 0x100A00
0 0 W 0x100A00
0 0 R 0x102A40
0 0 W 0x102A40
0 0 R 0x104A80
0 0 W 0x104A80
0 0 R 0x106AC0
0 0 W 0x106AC0
0 0 R 0x108B00
0 0 W 0x108B00
0 0 R 0x10AB40
0 0 W 0x10AB40
0 0 R 0x10CB80
0 0 W 0x10CB80
0 0 R 0x10EBC0
0 0 W 0x10EBC0
0 0 R 0x100C00
0 0 W 0x100C00
0 0 R 0x102C40
0 0 W 0x102C40
0 0 R 0x104C80
0 0 W 0x104C80
0 0 R 0x106CC0
0 0 W 0x106CC0
0 0 R 0x108D00
0 0 W 0x108D00
0 0 R 0x10AD40
0 0 W 0x10AD40
0 0 R 0x10CD80
0 0 W 0x10CD80
0 0 R 0x10EDC0
0 0 W 0x10EDC0
0 0 R 0x100E00
0 0 W 0x100E00
0 0 R 0x102E40
0 0 W 0x102E40
0 0 R 0x104E80
0 0 W 0x104E80
0 0 R 0x106EC0
0 0 W 0x106EC0
0 0 R 0x108F00
0 0 W 0x108F00
0 0 R 0x10AF40
0 0 W 0x10AF40
0 0 R 0x10CF80
0 0 W 0x10CF80
0 0 R 0x10EFC0
0 0 W 0x10EFC0
0 0 R 0x101000
0 0 W 0x101000
0 0 R 0x103040
0 0 W 0x103040
0 0 R 0x105080
0 0 W 0x105080
0 0 R 0x1070C0
0 0 W 0x1070C0
0 0 R 0x109100
0 0 W 0x109100
0 0 R 0x10B140
0 0 W 0x10B140
0 0 R 0x10D180
0 0 W 0x10D180
0 0 R 0x10F1C0
0 0 W 0x10F1C0
0 0 R 0x101200
0 0 W 0x101200
0 0 R 0x103240
0 0 W 0x103240
0 0 R 0x105280
0 0 W 0x105280
0 0 R 0x1072C0
0 0 W 0x1072C0
0 0 R 0x109300
0 0 W 0x109300
0 0 R 0x10B340
0 0 W 0x10B340
0 0 R 0x10D380
0 0 W 0x10D380
0 0 R 0x10F3C0
0 0 W 0x10F3C0
0 0 R 0x101400
0 0 W 0x101400
0 0 R 0x103440
0 0 W 0x103440
0 0 R 0x105480
0 0 W 0x105480
0 0 R 0x1074C0
0 0 W 0x1074C0
0 0 R 0x109500
0 0 W 0x109500
0 0 R 0x10B540
0 0 W 0x10B540
0 0 R 0x10D580
0 0 W 0x10D580
0 0 R 0x10F5C0
0 0 W 0x10F5C0
0 0 R 0x101600
0 0 W 0x101600
0 0 R 0x103640
0 0 W 0x103640
0 0 R 0x105680
0 0 W 0x105680
0 0 R 0x1076C0
0 0 W 0x1076C0
0 0 R 0x109700
0 0 W 0x109700
0 0 R 0x10B740
0 0 W 0x10B740
0 0 R 0x10D780
0 0 W 0x10D780
0 0 R 0x10F7C0
0 0 W 0x10F7C0
0 0 R 0x101800
0 0 W 0x101800
0 0 R 0x103840
0 0 W 0x103840
0 0 R 0x105880
0 0 W 0x105880
0 0 R 0x1078C0
0 0 W 0x1078C0
0 0 R 0x109900
0 0 W 0x109900
0 0 R 0x10B940
0 0 W 0x10B940
0 0 R 0x10D980
0 0 W 0x10D980
0 0 R 0x10F9C0
0 0 W 0x10F9C0
0 0 R 0x101A00
0 0 W 0x101A00
0 0 R 0x103A40
0 0 W 0x103A40
0 0 R 0x105A80
0 0 W 0x105A80
0 0 R 0x107AC0
0 0 W 0x107AC0
0 0 R 0x109B00
0 0 W 0x109B00
0 0 R 0x10BB40
0 0 W 0x10BB40
0 0 R 0x10DB80
0 0 W 0x10DB80
0 0 R 0x10FBC0
0 0 W 0x10FBC0
0 0 R 0x101C00
0 0 W 0x101C00
0 0 R 0x103C40
0 0 W 0x103C40
0 0 R 0x105C80
0 0 W 0x105C80
0 0 R 0x107CC0
0 0 W 0x107CC0
0 0 R 0x109D00
0 0 W 0x109D00
0 0 R 0x10BD40
0 0 W 0x10BD40
0 0 R 0x10DD80
0 0 W 0x10DD80
0 0 R 0x10FDC0
0 0 W 0x10FDC0
0 0 R 0x101E00
0 0 W 0x101E00
0 0 R 0x103E40
0 0 W 0x103E40
0 0 R 0x105E80
0 0 W 0x105E80
0 0 R 0x107EC0
0 0 W 0x107EC0
0 0 R 0x109F00
0 0 W 0x109F00
0 0 R 0x10BF40
0 0 W 0x10BF40
0 0 R 0x10DF80
0 0 W 0x10DF80
0 0 R 0x10FFC0
0 0 W 0x10FFC0
0 0 R 0x102000
0 0 W 0x102000
0 0 R 0x104040
0 0 W 0x104040
0 0 R 0x106080
0 0 W 0x106080
0 0 R 0x1080C0
0 0 W 0x1080C0
0 0 R 0x10A100
0 0 W 0x10A100
0 0 R 0x10C140
0 0 W 0x10C140
0 0 R 0x10E180
0 0 W 0x10E180
0 0 R 0x1101C0
0 0 W 0x1101C0
0 0 R 0x102200
0 0 W 0x102200
0 0 R 0x104240
0 0 W 0x104240
0 0 R 0x106280
0 0 W 0x106280
0 0 R 0x1082C0
0 0 W 0x1082C0
0 0 R 0x10A300
0 0 W 0x10A300
0 0 R 0x10C340
0 0 W 0x10C340
0 0 R 0x10E380
0 0 W 0x10E380
0 0 R 0x1103C0
0 0 W 0x1103C0
0 0 R 0x102400
0 0 W 0x102400
0 0 R 0x104440
0 0 W 0x104440
0 0 R 0x106480
0 0 W 0x106480
0 0 R 0x1084C0
0 0 W 0x1084C0
0 0 R 0x10A500
0 0 W 0x10A500
0 0 R 0x10C540
0 0 W 0x10C540
0 0 R 0x10E580
0 0 W 0x10E580
0 0 R 0x1105C0
0 0 W 0x1105C0
0 0 R 0x102600
0 0 W 0x102600
0 0 R 0x104640
0 0 W 0x104640
0 0 R 0x106680
0 0 W 0x106680
0 0 R 0x1086C0
0 0 W 0x1086C0
0 0 R 0x10A700
0 0 W 0x10A700
0 0 R 0x10C740
0 0 W 0x10C740
0 0 R 0x10E780
0 0 W 0x10E780
0 0 R 0x1107C0
0 0 W 0x1107C0
0 0 R 0x102800
0 0 W 0x102800
0 0 R 0x104840
0 0 W 0x104840
0 0 R 0x106880
0 0 W 0x106880
0 0 R 0x1088C0
0 0 W 0x1088C0
0 0 R 0x10A900
0 0 W 0x10A900
0 0 R 0x10C940
0 0 W 0x10C940
0 0 R 0x10E980
0 0 W 0x10E980
0 0 R 0x1109C0
0 0 W 0x1109C0
0 0 R 0x102A00
0 0 W 0x102A00
0 0 R 0x104A40
0 0 W 0x104A40
0 0 R 0x106A80
0 0 W 0x106A80
0 0 R 0x108AC0
0 0 W 0x108AC0
0 0 R 0x10AB00
0 0 W 0x10AB00
0 0 R 0x10CB40
0 0 W 0x10CB40
0 0 R 0x10EB80
0 0 W 0x10EB80
0 0 R 0x110BC0
0 0 W 0x110BC0
0 0 R 0x102C00
0 0 W 0x102C00
0 0 R 0x104C40
0 0 W 0x104C40
0 0 R 0x106C80
0 0 W 0x106C80
0 0 R 0x108CC0
0 0 W 0x108CC0
0 0 R 0x10AD00
0 0 W 0x10AD00
0 0 R 0x10CD40
0 0 W 0x10CD40
0 0 R 0x10ED80
0 0 W 0x10ED80
0 0 R 0x110DC0
0 0 W 0x110DC0
0 0 R 0x102E00
0 0 W 0x102E00
0 0 R 0x104E40
0 0 W 0x104E40
0 0 R 0x106E80
0 0 W 0x106E80
0 0 R 0x108EC0
0 0 W 0x108EC0
0 0 R 0x10AF00
0 0 W 0x10AF00
0 0 R 0x10CF40
0 0 W 0x10CF40
0 0 R 0x10EF80
0 0 W 0x10EF80
0 0 R 0x110FC0
0 0 W 0x110FC0
0 0 R 0x103000
0 0 W 0x103000
0 0 R 0x105040
0 0 W 0x105040
0 0 R 0x107080
0 0 W 0x107080
0 0 R 0x1090C0
0 0 W 0x1090C0
0 0 R 0x10B100
0 0 W 0x10B100
0 0 R 0x10D140
0 0 W 0x10D140
0 0 R 0x10F180
0 0 W 0x10F180
0 0 R 0x1111C0
0 0 W 0x1111C0
0 0 R 0x103200
0 0 W 0x103200
0 0 R 0x105240
0 0 W 0x105240
0 0 R 0x107280
0 0 W 0x107280
0 0 R 0x1092C0
0 0 W 0x1092C0
0 0 R 0x10B300
0 0 W 0x10B300
0 0 R 0x10D340
0 0 W 0x10D340
0 0 R 0x10F380
0 0 W 0x10F380
0 0 R 0x1113C0
0 0 W 0x1113C0
0 0 R 0x103400
0 0 W 0x103400
0 0 R 0x105440
0 0 W 0x105440
0 0 R 0x107480
0 0 W 0x107480
0 0 R 0x1094C0
0 0 W 0x1094C0
0 0 R 0x10B500
0 0 W 0x10B500
0 0 R 0x10D540
0 0 W 0x10D540
0 0 R 0x10F580
0 0 W 0x10F580
0 0 R 0x1115C0
0 0 W 0x1115C0
0 0 R 0x103600
0 0 W 0x103600
0 0 R 0x105640
0 0 W 0x105640
0 0 R 0x107680
0 0 W 0x107680
0 0 R 0x1096C0
0 0 W 0x1096C0
0 0 R 0x10B700
0 0 W 0x10B700
0 0 R 0x10D740
0 0 W 0x10D740
0 0 R 0x10F780
0 0 W 0x10F780
0 0 R 0x1117C0
0 0 W 0x1117C0
0 0 R 0x103800
0 0 W 0x103800
0 0 R 0x105840
0 0 W 0x105840
0 0 R 0x107880
0 0 W 0x107880
0 0 R 0x1098C0
0 0 W 0x1098C0
0 0 R 0x10B900
0 0 W 0x10B900
0 0 R 0x10D940
0 0 W 0x10D940
0 0 R 0x10F980
0 0 W 0x10F980
0 0 R 0x1119C0
0 0 W 0x1119C0
0 0 R 0x103A00
0 0 W 0x103A00
0 0 R 0x105A40
0 0 W 0x105A40
0 0 R 0x107A80
0 0 W 0x107A80
0 0 R 0x109AC0
0 0 W 0x109AC0
0 0 R 0x10BB00
0 0 W 0x10BB00
0 0 R 0x10DB40
0 0 W 0x10DB40
0 0 R 0x10FB80
0 0 W 0x10FB80
0 0 R 0x111BC0
0 0 W 0x111BC0
0 0 R 0x103C00
0 0 W 0x103C00
0 0 R 0x105C40
0 0 W 0x105C40
0 0 R 0x107C80
0 0 W 0x107C80
0 0 R 0x109CC0
0 0 W 0x109CC0
0 0 R 0x10BD00
0 0 W 0x10BD00
0 0 R 0x10DD40
0 0 W 0x10DD40
0 0 R 0x10FD80
0 0 W 0x10FD80
0 0 R 0x111DC0
0 0 W 0x111DC0
0 0 R 0x103E00
0 0 W 0x103E00
0 0 R 0x105E40
0 0 W 0x105E40
0 0 R 0x107E80
0 0 W 0x107E80
0 0 R 0x109EC0
0 0 W 0x109EC0
0 0 R 0x10BF00
0 0 W 0x10BF00
0 0 R 0x10DF40
0 0 W 0x10DF40
0 0 R 0x10FF80
0 0 W 0x10FF80
0 0 R 0x111FC0
0 0 W 0x111FC0
0 1 R 0x202000
0 1 W 0x202000
0 1 R 0x204040
0 1 W 0x204040
0 1 R 0x206080
0 1 W 0x206080
0 1 R 0x2080C0
0 1 W 0x2080C0
0 1 R 0x20A100
0 1 W 0x20A100
0 1 R 0x20C140
0 1 W 0x20C140
0 1 R 0x20E180
0 1 W 0x20E180
0 1 R 0x2101C0
0 1 W 0x2101C0
0 1 R 0x202200
0 1 W 0x202200
0 1 R 0x204240
0 1 W 0x204240
0 1 R 0x206280
0 1 W 0x206280
0 1 R 0x2082C0
0 1 W 0x2082C0
0 1 R 0x20A300
0 1 W 0x20A300
0 1 R 0x20C340
0 1 W 0x20C340
0 1 R 0x20E380
0 1 W 0x20E380
0 1 R 0x2103C0
0 1 W 0x2103C0
0 1 R 0x202400
0 1 W 0x202400
0 1 R 0x204440
0 1 W 0x204440
0 1 R 0x206480
0 1 W 0x206480
0 1 R 0x2084C0
0 1 W 0x2084C0
0 1 R 0x20A500
0 1 W 0x20A500
0 1 R 0x20C540
0 1 W 0x20C540
0 1 R 0x20E580
0 1 W 0x20E580
0 1 R 0x2105C0
0 1 W 0x2105C0
0 1 R 0x202600
0 1 W 0x202600
0 1 R 0x204640
0 1 W 0x204640
0 1 R 0x206680
0 1 W 0x206680
0 1 R 0x2086C0
0 1 W 0x2086C0
0 1 R 0x20A700
0 1 W 0x20A700
0 1 R 0x20C740
0 1 W 0x20C740
0 1 R 0x20E780
0 1 W 0x20E780
0 1 R 0x2107C0
0 1 W 0x2107C0
0 1 R 0x202800
0 1 W 0x202800
0 1 R 0x204840
0 1 W 0x204840
0 1 R 0x206880
0 1 W 0x206880
0 1 R 0x2088C0
0 1 W 0x2088C0
0 1 R 0x20A900
0 1 W 0x20A900
0 1 R 0x20C940
0 1 W 0x20C940
0 1 R 0x20E980
0 1 W 0x20E980
0 1 R 0x2109C0
0 1 W 0x2109C0
0 1 R 0x202A00
0 1 W 0x202A00
0 1 R 0x204A40
0 1 W 0x204A40
0 1 R 0x206A80
0 1 W 0x206A80
0 1 R 0x208AC0
0 1 W 0x208AC0
0 1 R 0x20AB00
0 1 W 0x20AB00
0 1 R 0x20CB40
0 1 W 0x20CB40
0 1 R 0x20EB80
0 1 W 0x20EB80
0 1 R 0x210BC0
0 1 W 0x210BC0
0 1 R 0x202C00
0 1 W 0x202C00
0 1 R 0x204C40
0 1 W 0x204C40
0 1 R 0x206C80
0 1 W 0x206C80
0 1 R 0x208CC0
0 1 W 0x208CC0
0 1 R 0x20AD00
0 1 W 0x20AD00
0 1 R 0x20CD40
0 1 W 0x20CD40
0 1 R 0x20ED80
0 1 W 0x20ED80
0 1 R 0x210DC0
0 1 W 0x210DC0
0 1 R 0x202E00
0 1 W 0x202E00
0 1 R 0x204E40
0 1 W 0x204E40
0 1 R 0x206E80
0 1 W 0x206E80
0 1 R 0x208EC0
0 1 W 0x208EC0
0 1 R 0x20AF00
0 1 W 0x20AF00
0 1 R 0x20CF40
0 1 W 0x20CF40
0 1 R 0x20EF80
0 1 W 0x20EF80
0 1 R 0x210FC0
0 1 W 0x210FC0
0 1 R 0x203000
0 1 W 0x203000
0 1 R 0x205040
0 1 W 0x205040
0 1 R 0x207080
0 1 W 0x207080
0 1 R 0x2090C0
0 1 W 0x2090C0
0 1 R 0x20B100
0 1 W 0x20B100
0 1 R 0x20D140
0 1 W 0x20D140
0 1 R 0x20F180
0 1 W 0x20F180
0 1 R 0x2111C0
0 1 W 0x2111C0
0 1 R 0x203200
0 1 W 0x203200
0 1 R 0x205240
0 1 W 0x205240
0 1 R 0x207280
0 1 W 0x207280
0 1 R 0x2092C0
0 1 W 0x2092C0
0 1 R 0x20B300
0 1 W 0x20B300
0 1 R 0x20D340
0 1 W 0x20D340
0 1 R 0x20F380
0 1 W 0x20F380
0 1 R 0x2113C0
0 1 W 0x2113C0
0 1 R 0x203400
0 1 W 0x203400
0 1 R 0x205440
0 1 W 0x205440
0 1 R 0x207480
0 1 W 0x207480
0 1 R 0x2094C0
0 1 W 0x2094C0
0 1 R 0x20B500
0 1 W 0x20B500
0 1 R 0x20D540
0 1 W 0x20D540
0 1 R 0x20F580
0 1 W 0x20F580
0 1 R 0x2115C0
0 1 W 0x2115C0
0 1 R 0x203600
0 1 W 0x203600
0 1 R 0x205640
0 1 W 0x205640
0 1 R 0x207680
0 1 W 0x207680
0 1 R 0x2096C0
0 1 W 0x2096C0
0 1 R 0x20B700
0 1 W 0x20B700
0 1 R 0x20D740
0 1 W 0x20D740
0 1 R 0x20F780
0 1 W 0x20F780
0 1 R 0x2117C0
0 1 W 0x2117C0
0 1 R 0x203800
0 1 W 0x203800
0 1 R 0x205840
0 1 W 0x205840
0 1 R 0x207880
0 1 W 0x207880
0 1 R 0x2098C0
0 1 W 0x2098C0
0 1 R 0x20B900
0 1 W 0x20B900
0 1 R 0x20D940
0 1 W 0x20D940
0 1 R 0x20F980
0 1 W 0x20F980
0 1 R 0x2119C0
0 1 W 0x2119C0
0 1 R 0x203A00
0 1 W 0x203A00
0 1 R 0x205A40
0 1 W 0x205A40
0 1 R 0x207A80
0 1 W 0x207A80
0 1 R 0x209AC0
0 1 W 0x209AC0
0 1 R 0x20BB00
0 1 W 0x20BB00
0 1 R 0x20DB40
0 1 W 0x20DB40
0 1 R 0x20FB80
0 1 W 0x20FB80
0 1 R 0x211BC0
0 1 W 0x211BC0
0 1 R 0x203C00
0 1 W 0x203C00
0 1 R 0x205C40
0 1 W 0x205C40
0 1 R 0x207C80
0 1 W 0x207C80
0 1 R 0x209CC0
0 1 W 0x209CC0
0 1 R 0x20BD00
0 1 W 0x20BD00
0 1 R 0x20DD40
0 1 W 0x20DD40
0 1 R 0x20FD80
0 1 W 0x20FD80
0 1 R 0x211DC0
0 1 W 0x211DC0
0 1 R 0x203E00
0 1 W 0x203E00
0 1 R 0x205E40
0 1 W 0x205E40
0 1 R 0x207E80
0 1 W 0x207E80
0 1 R 0x209EC0
0 1 W 0x209EC0
0 1 R 0x20BF00
0 1 W 0x20BF00
0 1 R 0x20DF40
0 1 W 0x20DF40
0 1 R 0x20FF80
0 1 W 0x20FF80
0 1 R 0x211FC0
0 1 W 0x211FC0
0 1 R 0x204000
0 1 W 0x204000
0 1 R 0x206040
0 1 W 0x206040
0 1 R 0x208080
0 1 W 0x208080
0 1 R 0x20A0C0
0 1 W 0x20A0C0
0 1 R 0x20C100
0 1 W 0x20C100
0 1 R 0x20E140
0 1 W 0x20E140
0 1 R 0x210180
0 1 W 0x210180
0 1 R 0x2121C0
0 1 W 0x2121C0
0 1 R 0x204200
0 1 W 0x204200
0 1 R 0x206240
0 1 W 0x206240
0 1 R 0x208280
0 1 W 0x208280
0 1 R 0x20A2C0
0 1 W 0x20A2C0
0 1 R 0x20C300
0 1 W 0x20C300
0 1 R 0x20E340
0 1 W 0x20E340
0 1 R 0x210380
0 1 W 0x210380
0 1 R 0x2123C0
0 1 W 0x2123C0
0 1 R 0x204400
0 1 W 0x204400
0 1 R 0x206440
0 1 W 0x206440
0 1 R 0x208480
0 1 W 0x208480
0 1 R 0x20A4C0
0 1 W 0x20A4C0
0 1 R 0x20C500
0 1 W 0x20C500
0 1 R 0x20E540
0 1 W 0x20E540
0 1 R 0x210580
0 1 W 0x210580
0 1 R 0x2125C0
0 1 W 0x2125C0
0 1 R 0x204600
0 1 W 0x204600
0 1 R 0x206640
0 1 W 0x206640
0 1 R 0x208680
0 1 W 0x208680
0 1 R 0x20A6C0
0 1 W 0x20A6C0
0 1 R 0x20C700
0 1 W 0x20C700
0 1 R 0x20E740
0 1 W 0x20E740
0 1 R 0x210780
0 1 W 0x210780
0 1 R 0x2127C0
0 1 W 0x2127C0
0 1 R 0x204800
0 1 W 0x204800
0 1 R 0x206840
0 1 W 0x206840
0 1 R 0x208880
0 1 W 0x208880
0 1 R 0x20A8C0
0 1 W 0x20A8C0
0 1 R 0x20C900
0 1 W 0x20C900
0 1 R 0x20E940
0 1 W 0x20E940
0 1 R 0x210980
0 1 W 0x210980
0 1 R 0x2129C0
0 1 W 0x2129C0
0 1 R 0x204A00
0 1 W 0x204A00
0 1 R 0x206A40
0 1 W 0x206A40
0 1 R 0x208A80
0 1 W 0x208A80
0 1 R 0x20AAC0
0 1 W 0x20AAC0
0 1 R 0x20CB00
0 1 W 0x20CB00
0 1 R 0x20EB40
0 1 W 0x20EB40
0 1 R 0x210B80
0 1 W 0x210B80
0 1 R 0x212BC0
0 1 W 0x212BC0
0 1 R 0x204C00
0 1 W 0x204C00
0 1 R 0x206C40
0 1 W 0x206C40
0 1 R 0x208C80
0 1 W 0x208C80
0 1 R 0x20ACC0
0 1 W 0x20ACC0
0 1 R 0x20CD00
0 1 W 0x20CD00
0 1 R 0x20ED40
0 1 W 0x20ED40
0 1 R 0x210D80
0 1 W 0x210D80
0 1 R 0x212DC0
0 1 W 0x212DC0
0 1 R 0x204E00
0 1 W 0x204E00
0 1 R 0x206E40
0 1 W 0x206E40
0 1 R 0x208E80
0 1 W 0x208E80
0 1 R 0x20AEC0
0 1 W 0x20AEC0
0 1 R 0x20CF00
0 1 W 0x20CF00
0 1 R 0x20EF40
0 1 W 0x20EF40
0 1 R 0x210F80
0 1 W 0x210F80
0 1 R 0x212FC0
0 1 W 0x212FC0
0 1 R 0x205000
0 1 W 0x205000
0 1 R 0x207040
0 1 W 0x207040
0 1 R 0x209080
0 1 W 0x209080
0 1 R 0x20B0C0
0 1 W 0x20B0C0
0 1 R 0x20D100
0 1 W 0x20D100
0 1 R 0x20F140
0 1 W 0x20F140
0 1 R 0x211180
0 1 W 0x211180
0 1 R 0x2131C0
0 1 W 0x2131C0
0 1 R 0x205200
0 1 W 0x205200
0 1 R 0x207240
0 1 W 0x207240
0 1 R 0x209280
0 1 W 0x209280
0 1 R 0x20B2C0
0 1 W 0x20B2C0
0 1 R 0x20D300
0 1 W 0x20D300
0 1 R 0x20F340
0 1 W 0x20F340
0 1 R 0x211380
0 1 W 0x211380
0 1 R 0x2133C0
0 1 W 0x2133C0
0 1 R 0x205400
0 1 W 0x205400
0 1 R 0x207440
0 1 W 0x207440
0 1 R 0x209480
0 1 W 0x209480
0 1 R 0x20B4C0
0 1 W 0x20B4C0
0 1 R 0x20D500
0 1 W 0x20D500
0 1 R 0x20F540
0 1 W 0x20F540
0 1 R 0x211580
0 1 W 0x211580
0 1 R 0x2135C0
0 1 W 0x2135C0
0 1 R 0x205600
0 1 W 0x205600
0 1 R 0x207640
0 1 W 0x207640
0 1 R 0x209680
0 1 W 0x209680
0 1 R 0x20B6C0
0 1 W 0x20B6C0
0 1 R 0x20D700
0 1 W 0x20D700
0 1 R 0x20F740
0 1 W 0x20F740
0 1 R 0x211780
0 1 W 0x211780
0 1 R 0x2137C0
0 1 W 0x2137C0
0 1 R 0x205800
0 1 W 0x205800
0 1 R 0x207840
0 1 W 0x207840
0 1 R 0x209880
0 1 W 0x209880
0 1 R 0x20B8C0
0 1 W 0x20B8C0
0 1 R 0x20D900
0 1 W 0x20D900
0 1 R 0x20F940
0 1 W 0x20F940
0 1 R 0x211980
0 1 W 0x211980
0 1 R 0x2139C0
0 1 W 0x2139C0
0 1 R 0x205A00
0 1 W 0x205A00
0 1 R 0x207A40
0 1 W 0x207A40
0 1 R 0x209A80
0 1 W 0x209A80
0 1 R 0x20BAC0
0 1 W 0x20BAC0
0 1 R 0x20DB00
0 1 W 0x20DB00
0 1 R 0x20FB40
0 1 W 0x20FB40
0 1 R 0x211B80
0 1 W 0x211B80
0 1 R 0x213BC0
0 1 W 0x213BC0
0 1 R 0x205C00
0 1 W 0x205C00
0 1 R 0x207C40
0 1 W 0x207C40
0 1 R 0x209C80
0 1 W 0x209C80
0 1 R 0x20BCC0
0 1 W 0x20BCC0
0 1 R 0x20DD00
0 1 W 0x20DD00
0 1 R 0x20FD40
0 1 W 0x20FD40
0 1 R 0x211D80
0 1 W 0x211D80
0 1 R 0x213DC0
0 1 W 0x213DC0
0 1 R 0x205E00
0 1 W 0x205E00
0 1 R 0x207E40
0 1 W 0x207E40
0 1 R 0x209E80
0 1 W 0x209E80
0 1 R 0x20BEC0
0 1 W 0x20BEC0
0 1 R 0x20DF00
0 1 W 0x20DF00
0 1 R 0x20FF40
0 1 W 0x20FF40
0 1 R 0x211F80
0 1 W 0x211F80
0 1 R 0x213FC0
0 1 W 0x213FC0
0 2 R 0x304000
0 2 W 0x304000
0 2 R 0x306040
0 2 W 0x306040
0 2 R 0x308080
0 2 W 0x308080
0 2 R 0x30A0C0
0 2 W 0x30A0C0
0 2 R 0x30C100
0 2 W 0x30C100
0 2 R 0x30E140
0 2 W 0x30E140
0 2 R 0x310180
0 2 W 0x310180
0 2 R 0x3121C0
0 2 W 0x3121C0
0 2 R 0x304200
0 2 W 0x304200
0 2 R 0x306240
0 2 W 0x306240
0 2 R 0x308280
0 2 W 0x308280
0 2 R 0x30A2C0
0 2 W 0x30A2C0
0 2 R 0x30C300
0 2 W 0x30C300
0 2 R 0x30E340
0 2 W 0x30E340
0 2 R 0x310380
0 2 W 0x310380
0 2 R 0x3123C0
0 2 W 0x3123C0
0 2 R 0x304400
0 2 W 0x304400
0 2 R 0x306440
0 2 W 0x306440
0 2 R 0x308480
0 2 W 0x308480
0 2 R 0x30A4C0
0 2 W 0x30A4C0
0 2 R 0x30C500
0 2 W 0x30C500
0 2 R 0x30E540
0 2 W 0x30E540
0 2 R 0x310580
0 2 W 0x310580
0 2 R 0x3125C0
0 2 W 0x3125C0
0 2 R 0x304600
0 2 W 0x304600
0 2 R 0x306640
0 2 W 0x306640
0 2 R 0x308680
0 2 W 0x308680
0 2 R 0x30A6C0
0 2 W 0x30A6C0
0 2 R 0x30C700
0 2 W 0x30C700
0 2 R 0x30E740
0 2 W 0x30E740
0 2 R 0x310780
0 2 W 0x310780
0 2 R 0x3127C0
0 2 W 0x3127C0
0 2 R 0x304800
0 2 W 0x304800
0 2 R 0x306840
0 2 W 0x306840
0 2 R 0x308880
0 2 W 0x308880
0 2 R 0x30A8C0
0 2 W 0x30A8C0
0 2 R 0x30C900
0 2 W 0x30C900
0 2 R 0x30E940
0 2 W 0x30E940
0 2 R 0x310980
0 2 W 0x310980
0 2 R 0x3129C0
0 2 W 0x3129C0
0 2 R 0x304A00
0 2 W 0x304A00
0 2 R 0x306A40
0 2 W 0x306A40
0 2 R 0x308A80
0 2 W 0x308A80
0 2 R 0x30AAC0
0 2 W 0x30AAC0
0 2 R 0x30CB00
0 2 W 0x30CB00
0 2 R 0x30EB40
0 2 W 0x30EB40
0 2 R 0x310B80
0 2 W 0x310B80
0 2 R 0x312BC0
0 2 W 0x312BC0
0 2 R 0x304C00
0 2 W 0x304C00
0 2 R 0x306C40
0 2 W 0x306C40
0 2 R 0x308C80
0 2 W 0x308C80
0 2 R 0x30ACC0
0 2 W 0x30ACC0
0 2 R 0x30CD00
0 2 W 0x30CD00
0 2 R 0x30ED40
0 2 W 0x30ED40
0 2 R 0x310D80
0 2 W 0x310D80
0 2 R 0x312DC0
0 2 W 0x312DC0
0 2 R 0x304E00
0 2 W 0x304E00
0 2 R 0x306E40
0 2 W 0x306E40
0 2 R 0x308E80
0 2 W 0x308E80
0 2 R 0x30AEC0
0 2 W 0x30AEC0
0 2 R 0x30CF00
0 2 W 0x30CF00
0 2 R 0x30EF40
0 2 W 0x30EF40
0 2 R 0x310F80
0 2 W 0x310F80
0 2 R 0x312FC0
0 2 W 0x312FC0
0 2 R 0x305000
0 2 W 0x305000
0 2 R 0x307040
0 2 W 0x307040
0 2 R 0x309080
0 2 W 0x309080
0 2 R 0x30B0C0
0 2 W 0x30B0C0
0 2 R 0x30D100
0 2 W 0x30D100
0 2 R 0x30F140
0 2 W 0x30F140
0 2 R 0x311180
0 2 W 0x311180
0 2 R 0x3131C0
0 2 W 0x3131C0
0 2 R 0x305200
0 2 W 0x305200
0 2 R 0x307240
0 2 W 0x307240
0 2 R 0x309280
0 2 W 0x309280
0 2 R 0x30B2C0
0 2 W 0x30B2C0
0 2 R 0x30D300
0 2 W 0x30D300
0 2 R 0x30F340
0 2 W 0x30F340
0 2 R 0x311380
0 2 W 0x311380
0 2 R 0x3133C0
0 2 W 0x3133C0
0 2 R 0x305400
0 2 W 0x305400
0 2 R 0x307440
0 2 W 0x307440
0 2 R 0x309480
0 2 W 0x309480
0 2 R 0x30B4C0
0 2 W 0x30B4C0
0 2 R 0x30D500
0 2 W 0x30D500
0 2 R 0x30F540
0 2 W 0x30F540
0 2 R 0x311580
0 2 W 0x311580
0 2 R 0x3135C0
0 2 W 0x3135C0
0 2 R 0x305600
0 2 W 0x305600
0 2 R 0x307640
0 2 W 0x307640
0 2 R 0x309680
0 2 W 0x309680
0 2 R 0x30B6C0
0 2 W 0x30B6C0
0 2 R 0x30D700
0 2 W 0x30D700
0 2 R 0x30F740
0 2 W 0x30F740
0 2 R 0x311780
0 2 W 0x311780
0 2 R 0x3137C0
0 2 W 0x3137C0
0 2 R 0x305800
0 2 W 0x305800
0 2 R 0x307840
0 2 W 0x307840
0 2 R 0x309880
0 2 W 0x309880
0 2 R 0x30B8C0
0 2 W 0x30B8C0
0 2 R 0x30D900
0 2 W 0x30D900
0 2 R 0x30F940
0 2 W 0x30F940
0 2 R 0x311980
0 2 W 0x311980
0 2 R 0x3139C0
0 2 W 0x3139C0
0 2 R 0x305A00
0 2 W 0x305A00
0 2 R 0x307A40
0 2 W 0x307A40
0 2 R 0x309A80
0 2 W 0x309A80
0 2 R 0x30BAC0
0 2 W 0x30BAC0
0 2 R 0x30DB00
0 2 W 0x30DB00
0 2 R 0x30FB40
0 2 W 0x30FB40
0 2 R 0x311B80
0 2 W 0x311B80
0 2 R 0x313BC0
0 2 W 0x313BC0
0 2 R 0x305C00
0 2 W 0x305C00
0 2 R 0x307C40
0 2 W 0x307C40
0 2 R 0x309C80
0 2 W 0x309C80
0 2 R 0x30BCC0
0 2 W 0x30BCC0
0 2 R 0x30DD00
0 2 W 0x30DD00
0 2 R 0x30FD40
0 2 W 0x30FD40
0 2 R 0x311D80
0 2 W 0x311D80
0 2 R 0x313DC0
0 2 W 0x313DC0
0 2 R 0x305E00
0 2 W 0x305E00
0 2 R 0x307E40
0 2 W 0x307E40
0 2 R 0x309E80
0 2 W 0x309E80
0 2 R 0x30BEC0
0 2 W 0x30BEC0
0 2 R 0x30DF00
0 2 W 0x30DF00
0 2 R 0x30FF40
0 2 W 0x30FF40
0 2 R 0x311F80
0 2 W 0x311F80
0 2 R 0x313FC0
0 2 W 0x313FC0
0 2 R 0x306000
0 2 W 0x306000
0 2 R 0x308040
0 2 W 0x308040
0 2 R 0x30A080
0 2 W 0x30A080
0 2 R 0x30C0C0
0 2 W 0x30C0C0
0 2 R 0x30E100
0 2 W 0x30E100
0 2 R 0x310140
0 2 W 0x310140
0 2 R 0x312180
0 2 W 0x312180
0 2 R 0x3141C0
0 2 W 0x3141C0
0 2 R 0x306200
0 2 W 0x306200
0 2 R 0x308240
0 2 W 0x308240
0 2 R 0x30A280
0 2 W 0x30A280
0 2 R 0x30C2C0
0 2 W 0x30C2C0
0 2 R 0x30E300
0 2 W 0x30E300
0 2 R 0x310340
0 2 W 0x310340
0 2 R 0x312380
0 2 W 0x312380
0 2 R 0x3143C0
0 2 W 0x3143C0
0 2 R 0x306400
0 2 W 0x306400
0 2 R 0x308440
0 2 W 0x308440
0 2 R 0x30A480
0 2 W 0x30A480
0 2 R 0x30C4C0
0 2 W 0x30C4C0
0 2 R 0x30E500
0 2 W 0x30E500
0 2 R 0x310540
0 2 W 0x310540
0 2 R 0x312580
0 2 W 0x312580
0 2 R 0x3145C0
0 2 W 0x3145C0
0 2 R 0x306600
0 2 W 0x306600
0 2 R 0x308640
0 2 W 0x308640
0 2 R 0x30A680
0 2 W 0x30A680
0 2 R 0x30C6C0
0 2 W 0x30C6C0
0 2 R 0x30E700
0 2 W 0x30E700
0 2 R 0x310740
0 2 W 0x310740
0 2 R 0x312780
0 2 W 0x312780
0 2 R 0x3147C0
0 2 W 0x3147C0
0 2 R 0x306800
0 2 W 0x306800
0 2 R 0x308840
0 2 W 0x308840
0 2 R 0x30A880
0 2 W 0x30A880
0 2 R 0x30C8C0
0 2 W 0x30C8C0
0 2 R 0x30E900
0 2 W 0x30E900
0 2 R 0x310940
0 2 W 0x310940
0 2 R 0x312980
0 2 W 0x312980
0 2 R 0x3149C0
0 2 W 0x3149C0
0 2 R 0x306A00
0 2 W 0x306A00
0 2 R 0x308A40
0 2 W 0x308A40
0 2 R 0x30AA80
0 2 W 0x30AA80
0 2 R 0x30CAC0
0 2 W 0x30CAC0
0 2 R 0x30EB00
0 2 W 0x30EB00
0 2 R 0x310B40
0 2 W 0x310B40
0 2 R 0x312B80
0 2 W 0x312B80
0 2 R 0x314BC0
0 2 W 0x314BC0
0 2 R 0x306C00
0 2 W 0x306C00
0 2 R 0x308C40
0 2 W 0x308C40
0 2 R 0x30AC80
0 2 W 0x30AC80
0 2 R 0x30CCC0
0 2 W 0x30CCC0
0 2 R 0x30ED00
0 2 W 0x30ED00
0 2 R 0x310D40
0 2 W 0x310D40
0 2 R 0x312D80
0 2 W 0x312D80
0 2 R 0x314DC0
0 2 W 0x314DC0
0 2 R 0x306E00
0 2 W 0x306E00
0 2 R 0x308E40
0 2 W 0x308E40
0 2 R 0x30AE80
0 2 W 0x30AE80
0 2 R 0x30CEC0
0 2 W 0x30CEC0
0 2 R 0x30EF00
0 2 W 0x30EF00
0 2 R 0x310F40
0 2 W 0x310F40
0 2 R 0x312F80
0 2 W 0x312F80
0 2 R 0x314FC0
0 2 W 0x314FC0
0 2 R 0x307000
0 2 W 0x307000
0 2 R 0x309040
0 2 W 0x309040
0 2 R 0x30B080
0 2 W 0x30B080
0 2 R 0x30D0C0
0 2 W 0x30D0C0
0 2 R 0x30F100
0 2 W 0x30F100
0 2 R 0x311140
0 2 W 0x311140
0 2 R 0x313180
0 2 W 0x313180
0 2 R 0x3151C0
0 2 W 0x3151C0
0 2 R 0x307200
0 2 W 0x307200
0 2 R 0x309240
0 2 W 0x309240
0 2 R 0x30B280
0 2 W 0x30B280
0 2 R 0x30D2C0
0 2 W 0x30D2C0
0 2 R 0x30F300
0 2 W 0x30F300
0 2 R 0x311340
0 2 W 0x311340
0 2 R 0x313380
0 2 W 0x313380
0 2 R 0x3153C0
0 2 W 0x3153C0
0 2 R 0x307400
0 2 W 0x307400
0 2 R 0x309440
0 2 W 0x309440
0 2 R 0x30B480
0 2 W 0x30B480
0 2 R 0x30D4C0
0 2 W 0x30D4C0
0 2 R 0x30F500
0 2 W 0x30F500
0 2 R 0x311540
0 2 W 0x311540
0 2 R 0x313580
0 2 W 0x313580
0 2 R 0x3155C0
0 2 W 0x3155C0
0 2 R 0x307600
0 2 W 0x307600
0 2 R 0x309640
0 2 W 0x309640
0 2 R 0x30B680
0 2 W 0x30B680
0 2 R 0x30D6C0
0 2 W 0x30D6C0
0 2 R 0x30F700
0 2 W 0x30F700
0 2 R 0x311740
0 2 W 0x311740
0 2 R 0x313780
0 2 W 0x313780
0 2 R 0x3157C0
0 2 W 0x3157C0
0 2 R 0x307800
0 2 W 0x307800
0 2 R 0x309840
0 2 W 0x309840
0 2 R 0x30B880
0 2 W 0x30B880
0 2 R 0x30D8C0
0 2 W 0x30D8C0
0 2 R 0x30F900
0 2 W 0x30F900
0 2 R 0x311940
0 2 W 0x311940
0 2 R 0x313980
0 2 W 0x313980
0 2 R 0x3159C0
0 2 W 0x3159C0
0 2 R 0x307A00
0 2 W 0x307A00
0 2 R 0x309A40
0 2 W 0x309A40
0 2 R 0x30BA80
0 2 W 0x30BA80
0 2 R 0x30DAC0
0 2 W 0x30DAC0
0 2 R 0x30FB00
0 2 W 0x30FB00
0 2 R 0x311B40
0 2 W 0x311B40
0 2 R 0x313B80
0 2 W 0x313B80
0 2 R 0x315BC0
0 2 W 0x315BC0
0 2 R 0x307C00
0 2 W 0x307C00
0 2 R 0x309C40
0 2 W 0x309C40
0 2 R 0x30BC80
0 2 W 0x30BC80
0 2 R 0x30DCC0
0 2 W 0x30DCC0
0 2 R 0x30FD00
0 2 W 0x30FD00
0 2 R 0x311D40
0 2 W 0x311D40
0 2 R 0x313D80
0 2 W 0x313D80
0 2 R 0x315DC0
0 2 W 0x315DC0
0 2 R 0x307E00
0 2 W 0x307E00
0 2 R 0x309E40
0 2 W 0x309E40
0 2 R 0x30BE80
0 2 W 0x30BE80
0 2 R 0x30DEC0
0 2 W 0x30DEC0
0 2 R 0x30FF00
0 2 W 0x30FF00
0 2 R 0x311F40
0 2 W 0x311F40
0 2 R 0x313F80
0 2 W 0x313F80
0 2 R 0x315FC0
0 2 W 0x315FC0
0 3 R 0x406000
0 3 W 0x406000
0 3 R 0x408040
0 3 W 0x408040
0 3 R 0x40A080
0 3 W 0x40A080
0 3 R 0x40C0C0
0 3 W 0x40C0C0
0 3 R 0x40E100
0 3 W 0x40E100
0 3 R 0x410140
0 3 W 0x410140
0 3 R 0x412180
0 3 W 0x412180
0 3 R 0x4141C0
0 3 W 0x4141C0
0 3 R 0x406200
0 3 W 0x406200
0 3 R 0x408240
0 3 W 0x408240
0 3 R 0x40A280
0 3 W 0x40A280
0 3 R 0x40C2C0
0 3 W 0x40C2C0
0 3 R 0x40E300
0 3 W 0x40E300
0 3 R 0x410340
0 3 W 0x410340
0 3 R 0x412380
0 3 W 0x412380
0 3 R 0x4143C0
0 3 W 0x4143C0
0 3 R 0x406400
0 3 W 0x406400
0 3 R 0x408440
0 3 W 0x408440
0 3 R 0x40A480
0 3 W 0x40A480
0 3 R 0x40C4C0
0 3 W 0x40C4C0
0 3 R 0x40E500
0 3 W 0x40E500
0 3 R 0x410540
0 3 W 0x410540
0 3 R 0x412580
0 3 W 0x412580
0 3 R 0x4145C0
0 3 W 0x4145C0
0 3 R 0x406600
0 3 W 0x406600
0 3 R 0x408640
0 3 W 0x408640
0 3 R 0x40A680
0 3 W 0x40A680
0 3 R 0x40C6C0
0 3 W 0x40C6C0
0 3 R 0x40E700
0 3 W 0x40E700
0 3 R 0x410740
0 3 W 0x410740
0 3 R 0x412780
0 3 W 0x412780
0 3 R 0x4147C0
0 3 W 0x4147C0
0 3 R 0x406800
0 3 W 0x406800
0 3 R 0x408840
0 3 W 0x408840
0 3 R 0x40A880
0 3 W 0x40A880
0 3 R 0x40C8C0
0 3 W 0x40C8C0
0 3 R 0x40E900
0 3 W 0x40E900
0 3 R 0x410940
0 3 W 0x410940
0 3 R 0x412980
0 3 W 0x412980
0 3 R 0x4149C0
0 3 W 0x4149C0
0 3 R 0x406A00
0 3 W 0x406A00
0 3 R 0x408A40
0 3 W 0x408A40
0 3 R 0x40AA80
0 3 W 0x40AA80
0 3 R 0x40CAC0
0 3 W 0x40CAC0
0 3 R 0x40EB00
0 3 W 0x40EB00
0 3 R 0x410B40
0 3 W 0x410B40
0 3 R 0x412B80
0 3 W 0x412B80
0 3 R 0x414BC0
0 3 W 0x414BC0
0 3 R 0x406C00
0 3 W 0x406C00
0 3 R 0x408C40
0 3 W 0x408C40
0 3 R 0x40AC80
0 3 W 0x40AC80
0 3 R 0x40CCC0
0 3 W 0x40CCC0
0 3 R 0x40ED00
0 3 W 0x40ED00
0 3 R 0x410D40
0 3 W 0x410D40
0 3 R 0x412D80
0 3 W 0x412D80
0 3 R 0x414DC0
0 3 W 0x414DC0
0 3 R 0x406E00
0 3 W 0x406E00
0 3 R 0x408E40
0 3 W 0x408E40
0 3 R 0x40AE80
0 3 W 0x40AE80
0 3 R 0x40CEC0
0 3 W 0x40CEC0
0 3 R 0x40EF00
0 3 W 0x40EF00
0 3 R 0x410F40
0 3 W 0x410F40
0 3 R 0x412F80
0 3 W 0x412F80
0 3 R 0x414FC0
0 3 W 0x414FC0
0 3 R 0x407000
0 3 W 0x407000
0 3 R 0x409040
0 3 W 0x409040
0 3 R 0x40B080
0 3 W 0x40B080
0 3 R 0x40D0C0
0 3 W 0x40D0C0
0 3 R 0x40F100
0 3 W 0x40F100
0 3 R 0x411140
0 3 W 0x411140
0 3 R 0x413180
0 3 W 0x413180
0 3 R 0x4151C0
0 3 W 0x4151C0
0 3 R 0x407200
0 3 W 0x407200
0 3 R 0x409240
0 3 W 0x409240
0 3 R 0x40B280
0 3 W 0x40B280
0 3 R 0x40D2C0
0 3 W 0x40D2C0
0 3 R 0x40F300
0 3 W 0x40F300
0 3 R 0x411340
0 3 W 0x411340
0 3 R 0x413380
0 3 W 0x413380
0 3 R 0x4153C0
0 3 W 0x4153C0
0 3 R 0x407400
0 3 W 0x407400
0 3 R 0x409440
0 3 W 0x409440
0 3 R 0x40B480
0 3 W 0x40B480
0 3 R 0x40D4C0
0 3 W 0x40D4C0
0 3 R 0x40F500
0 3 W 0x40F500
0 3 R 0x411540
0 3 W 0x411540
0 3 R 0x413580
0 3 W 0x413580
0 3 R 0x4155C0
0 3 W 0x4155C0
0 3 R 0x407600
0 3 W 0x407600
0 3 R 0x409640
0 3 W 0x409640
0 3 R 0x40B680
0 3 W 0x40B680
0 3 R 0x40D6C0
0 3 W 0x40D6C0
0 3 R 0x40F700
0 3 W 0x40F700
0 3 R 0x411740
0 3 W 0x411740
0 3 R 0x413780
0 3 W 0x413780
0 3 R 0x4157C0
0 3 W 0x4157C0
0 3 R 0x407800
0 3 W 0x407800
0 3 R 0x409840
0 3 W 0x409840
0 3 R 0x40B880
0 3 W 0x40B880
0 3 R 0x40D8C0
0 3 W 0x40D8C0
0 3 R 0x40F900
0 3 W 0x40F900
0 3 R 0x411940
0 3 W 0x411940
0 3 R 0x413980
0 3 W 0x413980
0 3 R 0x4159C0
0 3 W 0x4159C0
0 3 R 0x407A00
0 3 W 0x407A00
0 3 R 0x409A40
0 3 W 0x409A40
0 3 R 0x40BA80
0 3 W 0x40BA80
0 3 R 0x40DAC0
0 3 W 0x40DAC0
0 3 R 0x40FB00
0 3 W 0x40FB00
0 3 R 0x411B40
0 3 W 0x411B40
0 3 R 0x413B80
0 3 W 0x413B80
0 3 R 0x415BC0
0 3 W 0x415BC0
0 3 R 0x407C00
0 3 W 0x407C00
0 3 R 0x409C40
0 3 W 0x409C40
0 3 R 0x40BC80
0 3 W 0x40BC80
0 3 R 0x40DCC0
0 3 W 0x40DCC0
0 3 R 0x40FD00
0 3 W 0x40FD00
0 3 R 0x411D40
0 3 W 0x411D40
0 3 R 0x413D80
0 3 W 0x413D80
0 3 R 0x415DC0
0 3 W 0x415DC0
0 3 R 0x407E00
0 3 W 0x407E00
0 3 R 0x409E40
0 3 W 0x409E40
0 3 R 0x40BE80
0 3 W 0x40BE80
0 3 R 0x40DEC0
0 3 W 0x40DEC0
0 3 R 0x40FF00
0 3 W 0x40FF00
0 3 R 0x411F40
0 3 W 0x411F40
0 3 R 0x413F80
0 3 W 0x413F80
0 3 R 0x415FC0
0 3 W 0x415FC0
0 3 R 0x408000
0 3 W 0x408000
0 3 R 0x40A040
0 3 W 0x40A040
0 3 R 0x40C080
0 3 W 0x40C080
0 3 R 0x40E0C0
0 3 W 0x40E0C0
0 3 R 0x410100
0 3 W 0x410100
0 3 R 0x412140
0 3 W 0x412140
0 3 R 0x414180
0 3 W 0x414180
0 3 R 0x4161C0
0 3 W 0x4161C0
0 3 R 0x408200
0 3 W 0x408200
0 3 R 0x40A240
0 3 W 0x40A240
0 3 R 0x40C280
0 3 W 0x40C280
0 3 R 0x40E2C0
0 3 W 0x40E2C0
0 3 R 0x410300
0 3 W 0x410300
0 3 R 0x412340
0 3 W 0x412340
0 3 R 0x414380
0 3 W 0x414380
0 3 R 0x4163C0
0 3 W 0x4163C0
0 3 R 0x408400
0 3 W 0x408400
0 3 R 0x40A440
0 3 W 0x40A440
0 3 R 0x40C480
0 3 W 0x40C480
0 3 R 0x40E4C0
0 3 W 0x40E4C0
0 3 R 0x410500
0 3 W 0x410500
0 3 R 0x412540
0 3 W 0x412540
0 3 R 0x414580
0 3 W 0x414580
0 3 R 0x4165C0
0 3 W 0x4165C0
0 3 R 0x408600
0 3 W 0x408600
0 3 R 0x40A640
0 3 W 0x40A640
0 3 R 0x40C680
0 3 W 0x40C680
0 3 R 0x40E6C0
0 3 W 0x40E6C0
0 3 R 0x410700
0 3 W 0x410700
0 3 R 0x412740
0 3 W 0x412740
0 3 R 0x414780
0 3 W 0x414780
0 3 R 0x4167C0
0 3 W 0x4167C0
0 3 R 0x408800
0 3 W 0x408800
0 3 R 0x40A840
0 3 W 0x40A840
0 3 R 0x40C880
0 3 W 0x40C880
0 3 R 0x40E8C0
0 3 W 0x40E8C0
0 3 R 0x410900
0 3 W 0x410900
0 3 R 0x412940
0 3 W 0x412940
0 3 R 0x414980
0 3 W 0x414980
0 3 R 0x4169C0
0 3 W 0x4169C0
0 3 R 0x408A00
0 3 W 0x408A00
0 3 R 0x40AA40
0 3 W 0x40AA40
0 3 R 0x40CA80
0 3 W 0x40CA80
0 3 R 0x40EAC0
0 3 W 0x40EAC0
0 3 R 0x410B00
0 3 W 0x410B00
0 3 R 0x412B40
0 3 W 0x412B40
0 3 R 0x414B80
0 3 W 0x414B80
0 3 R 0x416BC0
0 3 W 0x416BC0
0 3 R 0x408C00
0 3 W 0x408C00
0 3 R 0x40AC40
0 3 W 0x40AC40
0 3 R 0x40CC80
0 3 W 0x40CC80
0 3 R 0x40ECC0
0 3 W 0x40ECC0
0 3 R 0x410D00
0 3 W 0x410D00
0 3 R 0x412D40
0 3 W 0x412D40
0 3 R 0x414D80
0 3 W 0x414D80
0 3 R 0x416DC0
0 3 W 0x416DC0
0 3 R 0x408E00
0 3 W 0x408E00
0 3 R 0x40AE40
0 3 W 0x40AE40
0 3 R 0x40CE80
0 3 W 0x40CE80
0 3 R 0x40EEC0
0 3 W 0x40EEC0
0 3 R 0x410F00
0 3 W 0x410F00
0 3 R 0x412F40
0 3 W 0x412F40
0 3 R 0x414F80
0 3 W 0x414F80
0 3 R 0x416FC0
0 3 W 0x416FC0
0 3 R 0x409000
0 3 W 0x409000
0 3 R 0x40B040
0 3 W 0x40B040
0 3 R 0x40D080
0 3 W 0x40D080
0 3 R 0x40F0C0
0 3 W 0x40F0C0
0 3 R 0x411100
0 3 W 0x411100
0 3 R 0x413140
0 3 W 0x413140
0 3 R 0x415180
0 3 W 0x415180
0 3 R 0x4171C0
0 3 W 0x4171C0
0 3 R 0x409200
0 3 W 0x409200
0 3 R 0x40B240
0 3 W 0x40B240
0 3 R 0x40D280
0 3 W 0x40D280
0 3 R 0x40F2C0
0 3 W 0x40F2C0
0 3 R 0x411300
0 3 W 0x411300
0 3 R 0x413340
0 3 W 0x413340
0 3 R 0x415380
0 3 W 0x415380
0 3 R 0x4173C0
0 3 W 0x4173C0
0 3 R 0x409400
0 3 W 0x409400
0 3 R 0x40B440
0 3 W 0x40B440
0 3 R 0x40D480
0 3 W 0x40D480
0 3 R 0x40F4C0
0 3 W 0x40F4C0
0 3 R 0x411500
0 3 W 0x411500
0 3 R 0x413540
0 3 W 0x413540
0 3 R 0x415580
0 3 W 0x415580
0 3 R 0x4175C0
0 3 W 0x4175C0
0 3 R 0x409600
0 3 W 0x409600
0 3 R 0x40B640
0 3 W 0x40B640
0 3 R 0x40D680
0 3 W 0x40D680
0 3 R 0x40F6C0
0 3 W 0x40F6C0
0 3 R 0x411700
0 3 W 0x411700
0 3 R 0x413740
0 3 W 0x413740
0 3 R 0x415780
0 3 W 0x415780
0 3 R 0x4177C0
0 3 W 0x4177C0
0 3 R 0x409800
0 3 W 0x409800
0 3 R 0x40B840
0 3 W 0x40B840
0 3 R 0x40D880
0 3 W 0x40D880
0 3 R 0x40F8C0
0 3 W 0x40F8C0
0 3 R 0x411900
0 3 W 0x411900
0 3 R 0x413940
0 3 W 0x413940
0 3 R 0x415980
0 3 W 0x415980
0 3 R 0x4179C0
0 3 W 0x4179C0
0 3 R 0x409A00
0 3 W 0x409A00
0 3 R 0x40BA40
0 3 W 0x40BA40
0 3 R 0x40DA80
0 3 W 0x40DA80
0 3 R 0x40FAC0
0 3 W 0x40FAC0
0 3 R 0x411B00
0 3 W 0x411B00
0 3 R 0x413B40
0 3 W 0x413B40
0 3 R 0x415B80
0 3 W 0x415B80
0 3 R 0x417BC0
0 3 W 0x417BC0
0 3 R 0x409C00
0 3 W 0x409C00
0 3 R 0x40BC40
0 3 W 0x40BC40
0 3 R 0x40DC80
0 3 W 0x40DC80
0 3 R 0x40FCC0
0 3 W 0x40FCC0
0 3 R 0x411D00
0 3 W 0x411D00
0 3 R 0x413D40
0 3 W 0x413D40
0 3 R 0x415D80
0 3 W 0x415D80
0 3 R 0x417DC0
0 3 W 0x417DC0
0 3 R 0x409E00
0 3 W 0x409E00
0 3 R 0x40BE40
0 3 W 0x40BE40
0 3 R 0x40DE80
0 3 W 0x40DE80
0 3 R 0x40FEC0
0 3 W 0x40FEC0
0 3 R 0x411F00
0 3 W 0x411F00
0 3 R 0x413F40
0 3 W 0x413F40
0 3 R 0x415F80
0 3 W 0x415F80
0 3 R 0x417FC0
0 3 W 0x417FC0
0 4 R 0x508000
0 4 W 0x508000
0 4 R 0x50A040
0 4 W 0x50A040
0 4 R 0x50C080
0 4 W 0x50C080
0 4 R 0x50E0C0
0 4 W 0x50E0C0
0 4 R 0x510100
0 4 W 0x510100
0 4 R 0x512140
0 4 W 0x512140
0 4 R 0x514180
0 4 W 0x514180
0 4 R 0x5161C0
0 4 W 0x5161C0
0 4 R 0x508200
0 4 W 0x508200
0 4 R 0x50A240
0 4 W 0x50A240
0 4 R 0x50C280
0 4 W 0x50C280
0 4 R 0x50E2C0
0 4 W 0x50E2C0
0 4 R 0x510300
0 4 W 0x510300
0 4 R 0x512340
0 4 W 0x512340
0 4 R 0x514380
0 4 W 0x514380
0 4 R 0x5163C0
0 4 W 0x5163C0
0 4 R 0x508400
0 4 W 0x508400
0 4 R 0x50A440
0 4 W 0x50A440
0 4 R 0x50C480
0 4 W 0x50C480
0 4 R 0x50E4C0
0 4 W 0x50E4C0
0 4 R 0x510500
0 4 W 0x510500
0 4 R 0x512540
0 4 W 0x512540
0 4 R 0x514580
0 4 W 0x514580
0 4 R 0x5165C0
0 4 W 0x5165C0
0 4 R 0x508600
0 4 W 0x508600
0 4 R 0x50A640
0 4 W 0x50A640
0 4 R 0x50C680
0 4 W 0x50C680
0 4 R 0x50E6C0
0 4 W 0x50E6C0
0 4 R 0x510700
0 4 W 0x510700
0 4 R 0x512740
0 4 W 0x512740
0 4 R 0x514780
0 4 W 0x514780
0 4 R 0x5167C0
0 4 W 0x5167C0
0 4 R 0x508800
0 4 W 0x508800
0 4 R 0x50A840
0 4 W 0x50A840
0 4 R 0x50C880
0 4 W 0x50C880
0 4 R 0x50E8C0
0 4 W 0x50E8C0
0 4 R 0x510900
0 4 W 0x510900
0 4 R 0x512940
0 4 W 0x512940
0 4 R 0x514980
0 4 W 0x514980
0 4 R 0x5169C0
0 4 W 0x5169C0
0 4 R 0x508A00
0 4 W 0x508A00
0 4 R 0x50AA40
0 4 W 0x50AA40
0 4 R 0x50CA80
0 4 W 0x50CA80
0 4 R 0x50EAC0
0 4 W 0x50EAC0
0 4 R 0x510B00
0 4 W 0x510B00
0 4 R 0x512B40
0 4 W 0x512B40
0 4 R 0x514B80
0 4 W 0x514B80
0 4 R 0x516BC0
0 4 W 0x516BC0
0 4 R 0x508C00
0 4 W 0x508C00
0 4 R 0x50AC40
0 4 W 0x50AC40
0 4 R 0x50CC80
0 4 W 0x50CC80
0 4 R 0x50ECC0
0 4 W 0x50ECC0
0 4 R 0x510D00
0 4 W 0x510D00
0 4 R 0x512D40
0 4 W 0x512D40
0 4 R 0x514D80
0 4 W 0x514D80
0 4 R 0x516DC0
0 4 W 0x516DC0
0 4 R 0x508E00
0 4 W 0x508E00
0 4 R 0x50AE40
0 4 W 0x50AE40
0 4 R 0x50CE80
0 4 W 0x50CE80
0 4 R 0x50EEC0
0 4 W 0x50EEC0
0 4 R 0x510F00
0 4 W 0x510F00
0 4 R 0x512F40
0 4 W 0x512F40
0 4 R 0x514F80
0 4 W 0x514F80
0 4 R 0x516FC0
0 4 W 0x516FC0
0 4 R 0x509000
0 4 W 0x509000
0 4 R 0x50B040
0 4 W 0x50B040
0 4 R 0x50D080
0 4 W 0x50D080
0 4 R 0x50F0C0
0 4 W 0x50F0C0
0 4 R 0x511100
0 4 W 0x511100
0 4 R 0x513140
0 4 W 0x513140
0 4 R 0x515180
0 4 W 0x515180
0 4 R 0x5171C0
0 4 W 0x5171C0
0 4 R 0x509200
0 4 W 0x509200
0 4 R 0x50B240
0 4 W 0x50B240
0 4 R 0x50D280
0 4 W 0x50D280
0 4 R 0x50F2C0
0 4 W 0x50F2C0
0 4 R 0x511300
0 4 W 0x511300
0 4 R 0x513340
0 4 W 0x513340
0 4 R 0x515380
0 4 W 0x515380
0 4 R 0x5173C0
0 4 W 0x5173C0
0 4 R 0x509400
0 4 W 0x509400
0 4 R 0x50B440
0 4 W 0x50B440
0 4 R 0x50D480
0 4 W 0x50D480
0 4 R 0x50F4C0
0 4 W 0x50F4C0
0 4 R 0x511500
0 4 W 0x511500
0 4 R 0x513540
0 4 W 0x513540
0 4 R 0x515580
0 4 W 0x515580
0 4 R 0x5175C0
0 4 W 0x5175C0
0 4 R 0x509600
0 4 W 0x509600
0 4 R 0x50B640
0 4 W 0x50B640
0 4 R 0x50D680
0 4 W 0x50D680
0 4 R 0x50F6C0
0 4 W 0x50F6C0
0 4 R 0x511700
0 4 W 0x511700
0 4 R 0x513740
0 4 W 0x513740
0 4 R 0x515780
0 4 W 0x515780
0 4 R 0x5177C0
0 4 W 0x5177C0
0 4 R 0x509800
0 4 W 0x509800
0 4 R 0x50B840
0 4 W 0x50B840
0 4 R 0x50D880
0 4 W 0x50D880
0 4 R 0x50F8C0
0 4 W 0x50F8C0
0 4 R 0x511900
0 4 W 0x511900
0 4 R 0x513940
0 4 W 0x513940
0 4 R 0x515980
0 4 W 0x515980
0 4 R 0x5179C0
0 4 W 0x5179C0
0 4 R 0x509A00
0 4 W 0x509A00
0 4 R 0x50BA40
0 4 W 0x50BA40
0 4 R 0x50DA80
0 4 W 0x50DA80
0 4 R 0x50FAC0
0 4 W 0x50FAC0
0 4 R 0x511B00
0 4 W 0x511B00
0 4 R 0x513B40
0 4 W 0x513B40
0 4 R 0x515B80
0 4 W 0x515B80
0 4 R 0x517BC0
0 4 W 0x517BC0
0 4 R 0x509C00
0 4 W 0x509C00
0 4 R 0x50BC40
0 4 W 0x50BC40
0 4 R 0x50DC80
0 4 W 0x50DC80
0 4 R 0x50FCC0
0 4 W 0x50FCC0
0 4 R 0x511D00
0 4 W 0x511D00
0 4 R 0x513D40
0 4 W 0x513D40
0 4 R 0x515D80
0 4 W 0x515D80
0 4 R 0x517DC0
0 4 W 0x517DC0
0 4 R 0x509E00
0 4 W 0x509E00
0 4 R 0x50BE40
0 4 W 0x50BE40
0 4 R 0x50DE80
0 4 W 0x50DE80
0 4 R 0x50FEC0
0 4 W 0x50FEC0
0 4 R 0x511F00
0 4 W 0x511F00
0 4 R 0x513F40
0 4 W 0x513F40
0 4 R 0x515F80
0 4 W 0x515F80
0 4 R 0x517FC0
0 4 W 0x517FC0
0 4 R 0x50A000
0 4 W 0x50A000
0 4 R 0x50C040
0 4 W 0x50C040
0 4 R 0x50E080
0 4 W 0x50E080
0 4 R 0x5100C0
0 4 W 0x5100C0
0 4 R 0x512100
0 4 W 0x512100
0 4 R 0x514140
0 4 W 0x514140
0 4 R 0x516180
0 4 W 0x516180
0 4 R 0x5181C0
0 4 W 0x5181C0
0 4 R 0x50A200
0 4 W 0x50A200
0 4 R 0x50C240
0 4 W 0x50C240
0 4 R 0x50E280
0 4 W 0x50E280
0 4 R 0x5102C0
0 4 W 0x5102C0
0 4 R 0x512300
0 4 W 0x512300
0 4 R 0x514340
0 4 W 0x514340
0 4 R 0x516380
0 4 W 0x516380
0 4 R 0x5183C0
0 4 W 0x5183C0
0 4 R 0x50A400
0 4 W 0x50A400
0 4 R 0x50C440
0 4 W 0x50C440
0 4 R 0x50E480
0 4 W 0x50E480
0 4 R 0x5104C0
0 4 W 0x5104C0
0 4 R 0x512500
0 4 W 0x512500
0 4 R 0x514540
0 4 W 0x514540
0 4 R 0x516580
0 4 W 0x516580
0 4 R 0x5185C0
0 4 W 0x5185C0
0 4 R 0x50A600
0 4 W 0x50A600
0 4 R 0x50C640
0 4 W 0x50C640
0 4 R 0x50E680
0 4 W 0x50E680
0 4 R 0x5106C0
0 4 W 0x5106C0
0 4 R 0x512700
0 4 W 0x512700
0 4 R 0x514740
0 4 W 0x514740
0 4 R 0x516780
0 4 W 0x516780
0 4 R 0x5187C0
0 4 W 0x5187C0
0 4 R 0x50A800
0 4 W 0x50A800
0 4 R 0x50C840
0 4 W 0x50C840
0 4 R 0x50E880
0 4 W 0x50E880
0 4 R 0x5108C0
0 4 W 0x5108C0
0 4 R 0x512900
0 4 W 0x512900
0 4 R 0x514940
0 4 W 0x514940
0 4 R 0x516980
0 4 W 0x516980
0 4 R 0x5189C0
0 4 W 0x5189C0
0 4 R 0x50AA00
0 4 W 0x50AA00
0 4 R 0x50CA40
0 4 W 0x50CA40
0 4 R 0x50EA80
0 4 W 0x50EA80
0 4 R 0x510AC0
0 4 W 0x510AC0
0 4 R 0x512B00
0 4 W 0x512B00
0 4 R 0x514B40
0 4 W 0x514B40
0 4 R 0x516B80
0 4 W 0x516B80
0 4 R 0x518BC0
0 4 W 0x518BC0
0 4 R 0x50AC00
0 4 W 0x50AC00
0 4 R 0x50CC40
0 4 W 0x50CC40
0 4 R 0x50EC80
0 4 W 0x50EC80
0 4 R 0x510CC0
0 4 W 0x510CC0
0 4 R 0x512D00
0 4 W 0x512D00
0 4 R 0x514D40
0 4 W 0x514D40
0 4 R 0x516D80
0 4 W 0x516D80
0 4 R 0x518DC0
0 4 W 0x518DC0
0 4 R 0x50AE00
0 4 W 0x50AE00
0 4 R 0x50CE40
0 4 W 0x50CE40
0 4 R 0x50EE80
0 4 W 0x50EE80
0 4 R 0x510EC0
0 4 W 0x510EC0
0 4 R 0x512F00
0 4 W 0x512F00
0 4 R 0x514F40
0 4 W 0x514F40
0 4 R 0x516F80
0 4 W 0x516F80
0 4 R 0x518FC0
0 4 W 0x518FC0
0 4 R 0x50B000
0 4 W 0x50B000
0 4 R 0x50D040
0 4 W 0x50D040
0 4 R 0x50F080
0 4 W 0x50F080
0 4 R 0x5110C0
0 4 W 0x5110C0
0 4 R 0x513100
0 4 W 0x513100
0 4 R 0x515140
0 4 W 0x515140
0 4 R 0x517180
0 4 W 0x517180
0 4 R 0x5191C0
0 4 W 0x5191C0
0 4 R 0x50B200
0 4 W 0x50B200
0 4 R 0x50D240
0 4 W 0x50D240
0 4 R 0x50F280
0 4 W 0x50F280
0 4 R 0x5112C0
0 4 W 0x5112C0
0 4 R 0x513300
0 4 W 0x513300
0 4 R 0x515340
0 4 W 0x515340
0 4 R 0x517380
0 4 W 0x517380
0 4 R 0x5193C0
0 4 W 0x5193C0
0 4 R 0x50B400
0 4 W 0x50B400
0 4 R 0x50D440
0 4 W 0x50D440
0 4 R 0x50F480
0 4 W 0x50F480
0 4 R 0x5114C0
0 4 W 0x5114C0
0 4 R 0x513500
0 4 W 0x513500
0 4 R 0x515540
0 4 W 0x515540
0 4 R 0x517580
0 4 W 0x517580
0 4 R 0x5195C0
0 4 W 0x5195C0
0 4 R 0x50B600
0 4 W 0x50B600
0 4 R 0x50D640
0 4 W 0x50D640
0 4 R 0x50F680
0 4 W 0x50F680
0 4 R 0x5116C0
0 4 W 0x5116C0
0 4 R 0x513700
0 4 W 0x513700
0 4 R 0x515740
0 4 W 0x515740
0 4 R 0x517780
0 4 W 0x517780
0 4 R 0x5197C0
0 4 W 0x5197C0
0 4 R 0x50B800
0 4 W 0x50B800
0 4 R 0x50D840
0 4 W 0x50D840
0 4 R 0x50F880
0 4 W 0x50F880
0 4 R 0x5118C0
0 4 W 0x5118C0
0 4 R 0x513900
0 4 W 0x513900
0 4 R 0x515940
0 4 W 0x515940
0 4 R 0x517980
0 4 W 0x517980
0 4 R 0x5199C0
0 4 W 0x5199C0
0 4 R 0x50BA00
0 4 W 0x50BA00
0 4 R 0x50DA40
0 4 W 0x50DA40
0 4 R 0x50FA80
0 4 W 0x50FA80
0 4 R 0x511AC0
0 4 W 0x511AC0
0 4 R 0x513B00
0 4 W 0x513B00
0 4 R 0x515B40
0 4 W 0x515B40
0 4 R 0x517B80
0 4 W 0x517B80
0 4 R 0x519BC0
0 4 W 0x519BC0
0 4 R 0x50BC00
0 4 W 0x50BC00
0 4 R 0x50DC40
0 4 W 0x50DC40
0 4 R 0x50FC80
0 4 W 0x50FC80
0 4 R 0x511CC0
0 4 W 0x511CC0
0 4 R 0x513D00
0 4 W 0x513D00
0 4 R 0x515D40
0 4 W 0x515D40
0 4 R 0x517D80
0 4 W 0x517D80
0 4 R 0x519DC0
0 4 W 0x519DC0
0 4 R 0x50BE00
0 4 W 0x50BE00
0 4 R 0x50DE40
0 4 W 0x50DE40
0 4 R 0x50FE80
0 4 W 0x50FE80
0 4 R 0x511EC0
0 4 W 0x511EC0
0 4 R 0x513F00
0 4 W 0x513F00
0 4 R 0x515F40
0 4 W 0x515F40
0 4 R 0x517F80
0 4 W 0x517F80
0 4 R 0x519FC0
0 4 W 0x519FC0
0 5 R 0x60A000
0 5 W 0x60A000
0 5 R 0x60C040
0 5 W 0x60C040
0 5 R 0x60E080
0 5 W 0x60E080
0 5 R 0x6100C0
0 5 W 0x6100C0
0 5 R 0x612100
0 5 W 0x612100
0 5 R 0x614140
0 5 W 0x614140
0 5 R 0x616180
0 5 W 0x616180
0 5 R 0x6181C0
0 5 W 0x6181C0
0 5 R 0x60A200
0 5 W 0x60A200
0 5 R 0x60C240
0 5 W 0x60C240
0 5 R 0x60E280
0 5 W 0x60E280
0 5 R 0x6102C0
0 5 W 0x6102C0
0 5 R 0x612300
0 5 W 0x612300
0 5 R 0x614340
0 5 W 0x614340
0 5 R 0x616380
0 5 W 0x616380
0 5 R 0x6183C0
0 5 W 0x6183C0
0 5 R 0x60A400
0 5 W 0x60A400
0 5 R 0x60C440
0 5 W 0x60C440
0 5 R 0x60E480
0 5 W 0x60E480
0 5 R 0x6104C0
0 5 W 0x6104C0
0 5 R 0x612500
0 5 W 0x612500
0 5 R 0x614540
0 5 W 0x614540
0 5 R 0x616580
0 5 W 0x616580
0 5 R 0x6185C0
0 5 W 0x6185C0
0 5 R 0x60A600
0 5 W 0x60A600
0 5 R 0x60C640
0 5 W 0x60C640
0 5 R 0x60E680
0 5 W 0x60E680
0 5 R 0x6106C0
0 5 W 0x6106C0
0 5 R 0x612700
0 5 W 0x612700
0 5 R 0x614740
0 5 W 0x614740
0 5 R 0x616780
0 5 W 0x616780
0 5 R 0x6187C0
0 5 W 0x6187C0
0 5 R 0x60A800
0 5 W 0x60A800
0 5 R 0x60C840
0 5 W 0x60C840
0 5 R 0x60E880
0 5 W 0x60E880
0 5 R 0x6108C0
0 5 W 0x6108C0
0 5 R 0x612900
0 5 W 0x612900
0 5 R 0x614940
0 5 W 0x614940
0 5 R 0x616980
0 5 W 0x616980
0 5 R 0x6189C0
0 5 W 0x6189C0
0 5 R 0x60AA00
0 5 W 0x60AA00
0 5 R 0x60CA40
0 5 W 0x60CA40
0 5 R 0x60EA80
0 5 W 0x60EA80
0 5 R 0x610AC0
0 5 W 0x610AC0
0 5 R 0x612B00
0 5 W 0x612B00
0 5 R 0x614B40
0 5 W 0x614B40
0 5 R 0x616B80
0 5 W 0x616B80
0 5 R 0x618BC0
0 5 W 0x618BC0
0 5 R 0x60AC00
0 5 W 0x60AC00
0 5 R 0x60CC40
0 5 W 0x60CC40
0 5 R 0x60EC80
0 5 W 0x60EC80
0 5 R 0x610CC0
0 5 W 0x610CC0
0 5 R 0x612D00
0 5 W 0x612D00
0 5 R 0x614D40
0 5 W 0x614D40
0 5 R 0x616D80
0 5 W 0x616D80
0 5 R 0x618DC0
0 5 W 0x618DC0
0 5 R 0x60AE00
0 5 W 0x60AE00
0 5 R 0x60CE40
0 5 W 0x60CE40
0 5 R 0x60EE80
0 5 W 0x60EE80
0 5 R 0x610EC0
0 5 W 0x610EC0
0 5 R 0x612F00
0 5 W 0x612F00
0 5 R 0x614F40
0 5 W 0x614F40
0 5 R 0x616F80
0 5 W 0x616F80
0 5 R 0x618FC0
0 5 W 0x618FC0
0 5 R 0x60B000
0 5 W 0x60B000
0 5 R 0x60D040
0 5 W 0x60D040
0 5 R 0x60F080
0 5 W 0x60F080
0 5 R 0x6110C0
0 5 W 0x6110C0
0 5 R 0x613100
0 5 W 0x613100
0 5 R 0x615140
0 5 W 0x615140
0 5 R 0x617180
0 5 W 0x617180
0 5 R 0x6191C0
0 5 W 0x6191C0
0 5 R 0x60B200
0 5 W 0x60B200
0 5 R 0x60D240
0 5 W 0x60D240
0 5 R 0x60F280
0 5 W 0x60F280
0 5 R 0x6112C0
0 5 W 0x6112C0
0 5 R 0x613300
0 5 W 0x613300
0 5 R 0x615340
0 5 W 0x615340
0 5 R 0x617380
0 5 W 0x617380
0 5 R 0x6193C0
0 5 W 0x6193C0
0 5 R 0x60B400
0 5 W 0x60B400
0 5 R 0x60D440
0 5 W 0x60D440
0 5 R 0x60F480
0 5 W 0x60F480
0 5 R 0x6114C0
0 5 W 0x6114C0
0 5 R 0x613500
0 5 W 0x613500
0 5 R 0x615540
0 5 W 0x615540
0 5 R 0x617580
0 5 W 0x617580
0 5 R 0x6195C0
0 5 W 0x6195C0
0 5 R 0x60B600
0 5 W 0x60B600
0 5 R 0x60D640
0 5 W 0x60D640
0 5 R 0x60F680
0 5 W 0x60F680
0 5 R 0x6116C0
0 5 W 0x6116C0
0 5 R 0x613700
0 5 W 0x613700
0 5 R 0x615740
0 5 W 0x615740
0 5 R 0x617780
0 5 W 0x617780
0 5 R 0x6197C0
0 5 W 0x6197C0
0 5 R 0x60B800
0 5 W 0x60B800
0 5 R 0x60D840
0 5 W 0x60D840
0 5 R 0x60F880
0 5 W 0x60F880
0 5 R 0x6118C0
0 5 W 0x6118C0
0 5 R 0x613900
0 5 W 0x613900
0 5 R 0x615940
0 5 W 0x615940
0 5 R 0x617980
0 5 W 0x617980
0 5 R 0x6199C0
0 5 W 0x6199C0
0 5 R 0x60BA00
0 5 W 0x60BA00
0 5 R 0x60DA40
0 5 W 0x60DA40
0 5 R 0x60FA80
0 5 W 0x60FA80
0 5 R 0x611AC0
0 5 W 0x611AC0
0 5 R 0x613B00
0 5 W 0x613B00
0 5 R 0x615B40
0 5 W 0x615B40
0 5 R 0x617B80
0 5 W 0x617B80
0 5 R 0x619BC0
0 5 W 0x619BC0
0 5 R 0x60BC00
0 5 W 0x60BC00
0 5 R 0x60DC40
0 5 W 0x60DC40
0 5 R 0x60FC80
0 5 W 0x60FC80
0 5 R 0x611CC0
0 5 W 0x611CC0
0 5 R 0x613D00
0 5 W 0x613D00
0 5 R 0x615D40
0 5 W 0x615D40
0 5 R 0x617D80
0 5 W 0x617D80
0 5 R 0x619DC0
0 5 W 0x619DC0
0 5 R 0x60BE00
0 5 W 0x60BE00
0 5 R 0x60DE40
0 5 W 0x60DE40
0 5 R 0x60FE80
0 5 W 0x60FE80
0 5 R 0x611EC0
0 5 W 0x611EC0
0 5 R 0x613F00
0 5 W 0x613F00
0 5 R 0x615F40
0 5 W 0x615F40
0 5 R 0x617F80
0 5 W 0x617F80
0 5 R 0x619FC0
0 5 W 0x619FC0
0 5 R 0x60C000
0 5 W 0x60C000
0 5 R 0x60E040
0 5 W 0x60E040
0 5 R 0x610080
0 5 W 0x610080
0 5 R 0x6120C0
0 5 W 0x6120C0
0 5 R 0x614100
0 5 W 0x614100
0 5 R 0x616140
0 5 W 0x616140
0 5 R 0x618180
0 5 W 0x618180
0 5 R 0x61A1C0
0 5 W 0x61A1C0
0 5 R 0x60C200
0 5 W 0x60C200
0 5 R 0x60E240
0 5 W 0x60E240
0 5 R 0x610280
0 5 W 0x610280
0 5 R 0x6122C0
0 5 W 0x6122C0
0 5 R 0x614300
0 5 W 0x614300
0 5 R 0x616340
0 5 W 0x616340
0 5 R 0x618380
0 5 W 0x618380
0 5 R 0x61A3C0
0 5 W 0x61A3C0
0 5 R 0x60C400
0 5 W 0x60C400
0 5 R 0x60E440
0 5 W 0x60E440
0 5 R 0x610480
0 5 W 0x610480
0 5 R 0x6124C0
0 5 W 0x6124C0
0 5 R 0x614500
0 5 W 0x614500
0 5 R 0x616540
0 5 W 0x616540
0 5 R 0x618580
0 5 W 0x618580
0 5 R 0x61A5C0
0 5 W 0x61A5C0
0 5 R 0x60C600
0 5 W 0x60C600
0 5 R 0x60E640
0 5 W 0x60E640
0 5 R 0x610680
0 5 W 0x610680
0 5 R 0x6126C0
0 5 W 0x6126C0
0 5 R 0x614700
0 5 W 0x614700
0 5 R 0x616740
0 5 W 0x616740
0 5 R 0x618780
0 5 W 0x618780
0 5 R 0x61A7C0
0 5 W 0x61A7C0
0 5 R 0x60C800
0 5 W 0x60C800
0 5 R 0x60E840
0 5 W 0x60E840
0 5 R 0x610880
0 5 W 0x610880
0 5 R 0x6128C0
0 5 W 0x6128C0
0 5 R 0x614900
0 5 W 0x614900
0 5 R 0x616940
0 5 W 0x616940
0 5 R 0x618980
0 5 W 0x618980
0 5 R 0x61A9C0
0 5 W 0x61A9C0
0 5 R 0x60CA00
0 5 W 0x60CA00
0 5 R 0x60EA40
0 5 W 0x60EA40
0 5 R 0x610A80
0 5 W 0x610A80
0 5 R 0x612AC0
0 5 W 0x612AC0
0 5 R 0x614B00
0 5 W 0x614B00
0 5 R 0x616B40
0 5 W 0x616B40
0 5 R 0x618B80
0 5 W 0x618B80
0 5 R 0x61ABC0
0 5 W 0x61ABC0
0 5 R 0x60CC00
0 5 W 0x60CC00
0 5 R 0x60EC40
0 5 W 0x60EC40
0 5 R 0x610C80
0 5 W 0x610C80
0 5 R 0x612CC0
0 5 W 0x612CC0
0 5 R 0x614D00
0 5 W 0x614D00
0 5 R 0x616D40
0 5 W 0x616D40
0 5 R 0x618D80
0 5 W 0x618D80
0 5 R 0x61ADC0
0 5 W 0x61ADC0
0 5 R 0x60CE00
0 5 W 0x60CE00
0 5 R 0x60EE40
0 5 W 0x60EE40
0 5 R 0x610E80
0 5 W 0x610E80
0 5 R 0x612EC0
0 5 W 0x612EC0
0 5 R 0x614F00
0 5 W 0x614F00
0 5 R 0x616F40
0 5 W 0x616F40
0 5 R 0x618F80
0 5 W 0x618F80
0 5 R 0x61AFC0
0 5 W 0x61AFC0
0 5 R 0x60D000
0 5 W 0x60D000
0 5 R 0x60F040
0 5 W 0x60F040
0 5 R 0x611080
0 5 W 0x611080
0 5 R 0x6130C0
0 5 W 0x6130C0
0 5 R 0x615100
0 5 W 0x615100
0 5 R 0x617140
0 5 W 0x617140
0 5 R 0x619180
0 5 W 0x619180
0 5 R 0x61B1C0
0 5 W 0x61B1C0
0 5 R 0x60D200
0 5 W 0x60D200
0 5 R 0x60F240
0 5 W 0x60F240
0 5 R 0x611280
0 5 W 0x611280
0 5 R 0x6132C0
0 5 W 0x6132C0
0 5 R 0x615300
0 5 W 0x615300
0 5 R 0x617340
0 5 W 0x617340
0 5 R 0x619380
0 5 W 0x619380
0 5 R 0x61B3C0
0 5 W 0x61B3C0
0 5 R 0x60D400
0 5 W 0x60D400
0 5 R 0x60F440
0 5 W 0x60F440
0 5 R 0x611480
0 5 W 0x611480
0 5 R 0x6134C0
0 5 W 0x6134C0
0 5 R 0x615500
0 5 W 0x615500
0 5 R 0x617540
0 5 W 0x617540
0 5 R 0x619580
0 5 W 0x619580
0 5 R 0x61B5C0
0 5 W 0x61B5C0
0 5 R 0x60D600
0 5 W 0x60D600
0 5 R 0x60F640
0 5 W 0x60F640
0 5 R 0x611680
0 5 W 0x611680
0 5 R 0x6136C0
0 5 W 0x6136C0
0 5 R 0x615700
0 5 W 0x615700
0 5 R 0x617740
0 5 W 0x617740
0 5 R 0x619780
0 5 W 0x619780
0 5 R 0x61B7C0
0 5 W 0x61B7C0
0 5 R 0x60D800
0 5 W 0x60D800
0 5 R 0x60F840
0 5 W 0x60F840
0 5 R 0x611880
0 5 W 0x611880
0 5 R 0x6138C0
0 5 W 0x6138C0
0 5 R 0x615900
0 5 W 0x615900
0 5 R 0x617940
0 5 W 0x617940
0 5 R 0x619980
0 5 W 0x619980
0 5 R 0x61B9C0
0 5 W 0x61B9C0
0 5 R 0x60DA00
0 5 W 0x60DA00
0 5 R 0x60FA40
0 5 W 0x60FA40
0 5 R 0x611A80
0 5 W 0x611A80
0 5 R 0x613AC0
0 5 W 0x613AC0
0 5 R 0x615B00
0 5 W 0x615B00
0 5 R 0x617B40
0 5 W 0x617B40
0 5 R 0x619B80
0 5 W 0x619B80
0 5 R 0x61BBC0
0 5 W 0x61BBC0
0 5 R 0x60DC00
0 5 W 0x60DC00
0 5 R 0x60FC40
0 5 W 0x60FC40
0 5 R 0x611C80
0 5 W 0x611C80
0 5 R 0x613CC0
0 5 W 0x613CC0
0 5 R 0x615D00
0 5 W 0x615D00
0 5 R 0x617D40
0 5 W 0x617D40
0 5 R 0x619D80
0 5 W 0x619D80
0 5 R 0x61BDC0
0 5 W 0x61BDC0
0 5 R 0x60DE00
0 5 W 0x60DE00
0 5 R 0x60FE40
0 5 W 0x60FE40
0 5 R 0x611E80
0 5 W 0x611E80
0 5 R 0x613EC0
0 5 W 0x613EC0
0 5 R 0x615F00
0 5 W 0x615F00
0 5 R 0x617F40
0 5 W 0x617F40
0 5 R 0x619F80
0 5 W 0x619F80
0 5 R 0x61BFC0
0 5 W 0x61BFC0
0 6 R 0x70C000
0 6 W 0x70C000
0 6 R 0x70E040
0 6 W 0x70E040
0 6 R 0x710080
0 6 W 0x710080
0 6 R 0x7120C0
0 6 W 0x7120C0
0 6 R 0x714100
0 6 W 0x714100
0 6 R 0x716140
0 6 W 0x716140
0 6 R 0x718180
0 6 W 0x718180
0 6 R 0x71A1C0
0 6 W 0x71A1C0
0 6 R 0x70C200
0 6 W 0x70C200
0 6 R 0x70E240
0 6 W 0x70E240
0 6 R 0x710280
0 6 W 0x710280
0 6 R 0x7122C0
0 6 W 0x7122C0
0 6 R 0x714300
0 6 W 0x714300
0 6 R 0x716340
0 6 W 0x716340
0 6 R 0x718380
0 6 W 0x718380
0 6 R 0x71A3C0
0 6 W 0x71A3C0
0 6 R 0x70C400
0 6 W 0x70C400
0 6 R 0x70E440
0 6 W 0x70E440
0 6 R 0x710480
0 6 W 0x710480
0 6 R 0x7124C0
0 6 W 0x7124C0
0 6 R 0x714500
0 6 W 0x714500
0 6 R 0x716540
0 6 W 0x716540
0 6 R 0x718580
0 6 W 0x718580
0 6 R 0x71A5C0
0 6 W 0x71A5C0
0 6 R 0x70C600
0 6 W 0x70C600
0 6 R 0x70E640
0 6 W 0x70E640
0 6 R 0x710680
0 6 W 0x710680
0 6 R 0x7126C0
0 6 W 0x7126C0
0 6 R 0x714700
0 6 W 0x714700
0 6 R 0x716740
0 6 W 0x716740
0 6 R 0x718780
0 6 W 0x718780
0 6 R 0x71A7C0
0 6 W 0x71A7C0
0 6 R 0x70C800
0 6 W 0x70C800
0 6 R 0x70E840
0 6 W 0x70E840
0 6 R 0x710880
0 6 W 0x710880
0 6 R 0x7128C0
0 6 W 0x7128C0
0 6 R 0x714900
0 6 W 0x714900
0 6 R 0x716940
0 6 W 0x716940
0 6 R 0x718980
0 6 W 0x718980
0 6 R 0x71A9C0
0 6 W 0x71A9C0
0 6 R 0x70CA00
0 6 W 0x70CA00
0 6 R 0x70EA40
0 6 W 0x70EA40
0 6 R 0x710A80
0 6 W 0x710A80
0 6 R 0x712AC0
0 6 W 0x712AC0
0 6 R 0x714B00
0 6 W 0x714B00
0 6 R 0x716B40
0 6 W 0x716B40
0 6 R 0x718B80
0 6 W 0x718B80
0 6 R 0x71ABC0
0 6 W 0x71ABC0
0 6 R 0x70CC00
0 6 W 0x70CC00
0 6 R 0x70EC40
0 6 W 0x70EC40
0 6 R 0x710C80
0 6 W 0x710C80
0 6 R 0x712CC0
0 6 W 0x712CC0
0 6 R 0x714D00
0 6 W 0x714D00
0 6 R 0x716D40
0 6 W 0x716D40
0 6 R 0x718D80
0 6 W 0x718D80
0 6 R 0x71ADC0
0 6 W 0x71ADC0
0 6 R 0x70CE00
0 6 W 0x70CE00
0 6 R 0x70EE40
0 6 W 0x70EE40
0 6 R 0x710E80
0 6 W 0x710E80
0 6 R 0x712EC0
0 6 W 0x712EC0
0 6 R 0x714F00
0 6 W 0x714F00
0 6 R 0x716F40
0 6 W 0x716F40
0 6 R 0x718F80
0 6 W 0x718F80
0 6 R 0x71AFC0
0 6 W 0x71AFC0
0 6 R 0x70D000
0 6 W 0x70D000
0 6 R 0x70F040
0 6 W 0x70F040
0 6 R 0x711080
0 6 W 0x711080
0 6 R 0x7130C0
0 6 W 0x7130C0
0 6 R 0x715100
0 6 W 0x715100
0 6 R 0x717140
0 6 W 0x717140
0 6 R 0x719180
0 6 W 0x719180
0 6 R 0x71B1C0
0 6 W 0x71B1C0
0 6 R 0x70D200
0 6 W 0x70D200
0 6 R 0x70F240
0 6 W 0x70F240
0 6 R 0x711280
0 6 W 0x711280
0 6 R 0x7132C0
0 6 W 0x7132C0
0 6 R 0x715300
0 6 W 0x715300
0 6 R 0x717340
0 6 W 0x717340
0 6 R 0x719380
0 6 W 0x719380
0 6 R 0x71B3C0
0 6 W 0x71B3C0
0 6 R 0x70D400
0 6 W 0x70D400
0 6 R 0x70F440
0 6 W 0x70F440
0 6 R 0x711480
0 6 W 0x711480
0 6 R 0x7134C0
0 6 W 0x7134C0
0 6 R 0x715500
0 6 W 0x715500
0 6 R 0x717540
0 6 W 0x717540
0 6 R 0x719580
0 6 W 0x719580
0 6 R 0x71B5C0
0 6 W 0x71B5C0
0 6 R 0x70D600
0 6 W 0x70D600
0 6 R 0x70F640
0 6 W 0x70F640
0 6 R 0x711680
0 6 W 0x711680
0 6 R 0x7136C0
0 6 W 0x7136C0
0 6 R 0x715700
0 6 W 0x715700
0 6 R 0x717740
0 6 W 0x717740
0 6 R 0x719780
0 6 W 0x719780
0 6 R 0x71B7C0
0 6 W 0x71B7C0
0 6 R 0x70D800
0 6 W 0x70D800
0 6 R 0x70F840
0 6 W 0x70F840
0 6 R 0x711880
0 6 W 0x711880
0 6 R 0x7138C0
0 6 W 0x7138C0
0 6 R 0x715900
0 6 W 0x715900
0 6 R 0x717940
0 6 W 0x717940
0 6 R 0x719980
0 6 W 0x719980
0 6 R 0x71B9C0
0 6 W 0x71B9C0
0 6 R 0x70DA00
0 6 W 0x70DA00
0 6 R 0x70FA40
0 6 W 0x70FA40
0 6 R 0x711A80
0 6 W 0x711A80
0 6 R 0x713AC0
0 6 W 0x713AC0
0 6 R 0x715B00
0 6 W 0x715B00
0 6 R 0x717B40
0 6 W 0x717B40
0 6 R 0x719B80
0 6 W 0x719B80
0 6 R 0x71BBC0
0 6 W 0x71BBC0
0 6 R 0x70DC00
0 6 W 0x70DC00
0 6 R 0x70FC40
0 6 W 0x70FC40
0 6 R 0x711C80
0 6 W 0x711C80
0 6 R 0x713CC0
0 6 W 0x713CC0
0 6 R 0x715D00
0 6 W 0x715D00
0 6 R 0x717D40
0 6 W 0x717D40
0 6 R 0x719D80
0 6 W 0x719D80
0 6 R 0x71BDC0
0 6 W 0x71BDC0
0 6 R 0x70DE00
0 6 W 0x70DE00
0 6 R 0x70FE40
0 6 W 0x70FE40
0 6 R 0x711E80
0 6 W 0x711E80
0 6 R 0x713EC0
0 6 W 0x713EC0
0 6 R 0x715F00
0 6 W 0x715F00
0 6 R 0x717F40
0 6 W 0x717F40
0 6 R 0x719F80
0 6 W 0x719F80
0 6 R 0x71BFC0
0 6 W 0x71BFC0
0 6 R 0x70E000
0 6 W 0x70E000
0 6 R 0x710040
0 6 W 0x710040
0 6 R 0x712080
0 6 W 0x712080
0 6 R 0x7140C0
0 6 W 0x7140C0
0 6 R 0x716100
0 6 W 0x716100
0 6 R 0x718140
0 6 W 0x718140
0 6 R 0x71A180
0 6 W 0x71A180
0 6 R 0x71C1C0
0 6 W 0x71C1C0
0 6 R 0x70E200
0 6 W 0x70E200
0 6 R 0x710240
0 6 W 0x710240
0 6 R 0x712280
0 6 W 0x712280
0 6 R 0x7142C0
0 6 W 0x7142C0
0 6 R 0x716300
0 6 W 0x716300
0 6 R 0x718340
0 6 W 0x718340
0 6 R 0x71A380
0 6 W 0x71A380
0 6 R 0x71C3C0
0 6 W 0x71C3C0
0 6 R 0x70E400
0 6 W 0x70E400
0 6 R 0x710440
0 6 W 0x710440
0 6 R 0x712480
0 6 W 0x712480
0 6 R 0x7144C0
0 6 W 0x7144C0
0 6 R 0x716500
0 6 W 0x716500
0 6 R 0x718540
0 6 W 0x718540
0 6 R 0x71A580
0 6 W 0x71A580
0 6 R 0x71C5C0
0 6 W 0x71C5C0
0 6 R 0x70E600
0 6 W 0x70E600
0 6 R 0x710640
0 6 W 0x710640
0 6 R 0x712680
0 6 W 0x712680
0 6 R 0x7146C0
0 6 W 0x7146C0
0 6 R 0x716700
0 6 W 0x716700
0 6 R 0x718740
0 6 W 0x718740
0 6 R 0x71A780
0 6 W 0x71A780
0 6 R 0x71C7C0
0 6 W 0x71C7C0
0 6 R 0x70E800
0 6 W 0x70E800
0 6 R 0x710840
0 6 W 0x710840
0 6 R 0x712880
0 6 W 0x712880
0 6 R 0x7148C0
0 6 W 0x7148C0
0 6 R 0x716900
0 6 W 0x716900
0 6 R 0x718940
0 6 W 0x718940
0 6 R 0x71A980
0 6 W 0x71A980
0 6 R 0x71C9C0
0 6 W 0x71C9C0
0 6 R 0x70EA00
0 6 W 0x70EA00
0 6 R 0x710A40
0 6 W 0x710A40
0 6 R 0x712A80
0 6 W 0x712A80
0 6 R 0x714AC0
0 6 W 0x714AC0
0 6 R 0x716B00
0 6 W 0x716B00
0 6 R 0x718B40
0 6 W 0x718B40
0 6 R 0x71AB80
0 6 W 0x71AB80
0 6 R 0x71CBC0
0 6 W 0x71CBC0
0 6 R 0x70EC00
0 6 W 0x70EC00
0 6 R 0x710C40
0 6 W 0x710C40
0 6 R 0x712C80
0 6 W 0x712C80
0 6 R 0x714CC0
0 6 W 0x714CC0
0 6 R 0x716D00
0 6 W 0x716D00
0 6 R 0x718D40
0 6 W 0x718D40
0 6 R 0x71AD80
0 6 W 0x71AD80
0 6 R 0x71CDC0
0 6 W 0x71CDC0
0 6 R 0x70EE00
0 6 W 0x70EE00
0 6 R 0x710E40
0 6 W 0x710E40
0 6 R 0x712E80
0 6 W 0x712E80
0 6 R 0x714EC0
0 6 W 0x714EC0
0 6 R 0x716F00
0 6 W 0x716F00
0 6 R 0x718F40
0 6 W 0x718F40
0 6 R 0x71AF80
0 6 W 0x71AF80
0 6 R 0x71CFC0
0 6 W 0x71CFC0
0 6 R 0x70F000
0 6 W 0x70F000
0 6 R 0x711040
0 6 W 0x711040
0 6 R 0x713080
0 6 W 0x713080
0 6 R 0x7150C0
0 6 W 0x7150C0
0 6 R 0x717100
0 6 W 0x717100
0 6 R 0x719140
0 6 W 0x719140
0 6 R 0x71B180
0 6 W 0x71B180
0 6 R 0x71D1C0
0 6 W 0x71D1C0
0 6 R 0x70F200
0 6 W 0x70F200
0 6 R 0x711240
0 6 W 0x711240
0 6 R 0x713280
0 6 W 0x713280
0 6 R 0x7152C0
0 6 W 0x7152C0
0 6 R 0x717300
0 6 W 0x717300
0 6 R 0x719340
0 6 W 0x719340
0 6 R 0x71B380
0 6 W 0x71B380
0 6 R 0x71D3C0
0 6 W 0x71D3C0
0 6 R 0x70F400
0 6 W 0x70F400
0 6 R 0x711440
0 6 W 0x711440
0 6 R 0x713480
0 6 W 0x713480
0 6 R 0x7154C0
0 6 W 0x7154C0
0 6 R 0x717500
0 6 W 0x717500
0 6 R 0x719540
0 6 W 0x719540
0 6 R 0x71B580
0 6 W 0x71B580
0 6 R 0x71D5C0
0 6 W 0x71D5C0
0 6 R 0x70F600
0 6 W 0x70F600
0 6 R 0x711640
0 6 W 0x711640
0 6 R 0x713680
0 6 W 0x713680
0 6 R 0x7156C0
0 6 W 0x7156C0
0 6 R 0x717700
0 6 W 0x717700
0 6 R 0x719740
0 6 W 0x719740
0 6 R 0x71B780
0 6 W 0x71B780
0 6 R 0x71D7C0
0 6 W 0x71D7C0
0 6 R 0x70F800
0 6 W 0x70F800
0 6 R 0x711840
0 6 W 0x711840
0 6 R 0x713880
0 6 W 0x713880
0 6 R 0x7158C0
0 6 W 0x7158C0
0 6 R 0x717900
0 6 W 0x717900
0 6 R 0x719940
0 6 W 0x719940
0 6 R 0x71B980
0 6 W 0x71B980
0 6 R 0x71D9C0
0 6 W 0x71D9C0
0 6 R 0x70FA00
0 6 W 0x70FA00
0 6 R 0x711A40
0 6 W 0x711A40
0 6 R 0x713A80
0 6 W 0x713A80
0 6 R 0x715AC0
0 6 W 0x715AC0
0 6 R 0x717B00
0 6 W 0x717B00
0 6 R 0x719B40
0 6 W 0x719B40
0 6 R 0x71BB80
0 6 W 0x71BB80
0 6 R 0x71DBC0
0 6 W 0x71DBC0
0 6 R 0x70FC00
0 6 W 0x70FC00
0 6 R 0x711C40
0 6 W 0x711C40
0 6 R 0x713C80
0 6 W 0x713C80
0 6 R 0x715CC0
0 6 W 0x715CC0
0 6 R 0x717D00
0 6 W 0x717D00
0 6 R 0x719D40
0 6 W 0x719D40
0 6 R 0x71BD80
0 6 W 0x71BD80
0 6 R 0x71DDC0
0 6 W 0x71DDC0
0 6 R 0x70FE00
0 6 W 0x70FE00
0 6 R 0x711E40
0 6 W 0x711E40
0 6 R 0x713E80
0 6 W 0x713E80
0 6 R 0x715EC0
0 6 W 0x715EC0
0 6 R 0x717F00
0 6 W 0x717F00
0 6 R 0x719F40
0 6 W 0x719F40
0 6 R 0x71BF80
0 6 W 0x71BF80
0 6 R 0x71DFC0
0 6 W 0x71DFC0
0 7 R 0x80E000
0 7 W 0x80E000
0 7 R 0x810040
0 7 W 0x810040
0 7 R 0x812080
0 7 W 0x812080
0 7 R 0x8140C0
0 7 W 0x8140C0
0 7 R 0x816100
0 7 W 0x816100
0 7 R 0x818140
0 7 W 0x818140
0 7 R 0x81A180
0 7 W 0x81A180
0 7 R 0x81C1C0
0 7 W 0x81C1C0
0 7 R 0x80E200
0 7 W 0x80E200
0 7 R 0x810240
0 7 W 0x810240
0 7 R 0x812280
0 7 W 0x812280
0 7 R 0x8142C0
0 7 W 0x8142C0
0 7 R 0x816300
0 7 W 0x816300
0 7 R 0x818340
0 7 W 0x818340
0 7 R 0x81A380
0 7 W 0x81A380
0 7 R 0x81C3C0
0 7 W 0x81C3C0
0 7 R 0x80E400
0 7 W 0x80E400
0 7 R 0x810440
0 7 W 0x810440
0 7 R 0x812480
0 7 W 0x812480
0 7 R 0x8144C0
0 7 W 0x8144C0
0 7 R 0x816500
0 7 W 0x816500
0 7 R 0x818540
0 7 W 0x818540
0 7 R 0x81A580
0 7 W 0x81A580
0 7 R 0x81C5C0
0 7 W 0x81C5C0
0 7 R 0x80E600
0 7 W 0x80E600
0 7 R 0x810640
0 7 W 0x810640
0 7 R 0x812680
0 7 W 0x812680
0 7 R 0x8146C0
0 7 W 0x8146C0
0 7 R 0x816700
0 7 W 0x816700
0 7 R 0x818740
0 7 W 0x818740
0 7 R 0x81A780
0 7 W 0x81A780
0 7 R 0x81C7C0
0 7 W 0x81C7C0
0 7 R 0x80E800
0 7 W 0x80E800
0 7 R 0x810840
0 7 W 0x810840
0 7 R 0x812880
0 7 W 0x812880
0 7 R 0x8148C0
0 7 W 0x8148C0
0 7 R 0x816900
0 7 W 0x816900
0 7 R 0x818940
0 7 W 0x818940
0 7 R 0x81A980
0 7 W 0x81A980
0 7 R 0x81C9C0
0 7 W 0x81C9C0
0 7 R 0x80EA00
0 7 W 0x80EA00
0 7 R 0x810A40
0 7 W 0x810A40
0 7 R 0x812A80
0 7 W 0x812A80
0 7 R 0x814AC0
0 7 W 0x814AC0
0 7 R 0x816B00
0 7 W 0x816B00
0 7 R 0x818B40
0 7 W 0x818B40
0 7 R 0x81AB80
0 7 W 0x81AB80
0 7 R 0x81CBC0
0 7 W 0x81CBC0
0 7 R 0x80EC00
0 7 W 0x80EC00
0 7 R 0x810C40
0 7 W 0x810C40
0 7 R 0x812C80
0 7 W 0x812C80
0 7 R 0x814CC0
0 7 W 0x814CC0
0 7 R 0x816D00
0 7 W 0x816D00
0 7 R 0x818D40
0 7 W 0x818D40
0 7 R 0x81AD80
0 7 W 0x81AD80
0 7 R 0x81CDC0
0 7 W 0x81CDC0
0 7 R 0x80EE00
0 7 W 0x80EE00
0 7 R 0x810E40
0 7 W 0x810E40
0 7 R 0x812E80
0 7 W 0x812E80
0 7 R 0x814EC0
0 7 W 0x814EC0
0 7 R 0x816F00
0 7 W 0x816F00
0 7 R 0x818F40
0 7 W 0x818F40
0 7 R 0x81AF80
0 7 W 0x81AF80
0 7 R 0x81CFC0
0 7 W 0x81CFC0
0 7 R 0x80F000
0 7 W 0x80F000
0 7 R 0x811040
0 7 W 0x811040
0 7 R 0x813080
0 7 W 0x813080
0 7 R 0x8150C0
0 7 W 0x8150C0
0 7 R 0x817100
0 7 W 0x817100
0 7 R 0x819140
0 7 W 0x819140
0 7 R 0x81B180
0 7 W 0x81B180
0 7 R 0x81D1C0
0 7 W 0x81D1C0
0 7 R 0x80F200
0 7 W 0x80F200
0 7 R 0x811240
0 7 W 0x811240
0 7 R 0x813280
0 7 W 0x813280
0 7 R 0x8152C0
0 7 W 0x8152C0
0 7 R 0x817300
0 7 W 0x817300
0 7 R 0x819340
0 7 W 0x819340
0 7 R 0x81B380
0 7 W 0x81B380
0 7 R 0x81D3C0
0 7 W 0x81D3C0
0 7 R 0x80F400
0 7 W 0x80F400
0 7 R 0x811440
0 7 W 0x811440
0 7 R 0x813480
0 7 W 0x813480
0 7 R 0x8154C0
0 7 W 0x8154C0
0 7 R 0x817500
0 7 W 0x817500
0 7 R 0x819540
0 7 W 0x819540
0 7 R 0x81B580
0 7 W 0x81B580
0 7 R 0x81D5C0
0 7 W 0x81D5C0
0 7 R 0x80F600
0 7 W 0x80F600
0 7 R 0x811640
0 7 W 0x811640
0 7 R 0x813680
0 7 W 0x813680
0 7 R 0x8156C0
0 7 W 0x8156C0
0 7 R 0x817700
0 7 W 0x817700
0 7 R 0x819740
0 7 W 0x819740
0 7 R 0x81B780
0 7 W 0x81B780
0 7 R 0x81D7C0
0 7 W 0x81D7C0
0 7 R 0x80F800
0 7 W 0x80F800
0 7 R 0x811840
0 7 W 0x811840
0 7 R 0x813880
0 7 W 0x813880
0 7 R 0x8158C0
0 7 W 0x8158C0
0 7 R 0x817900
0 7 W 0x817900
0 7 R 0x819940
0 7 W 0x819940
0 7 R 0x81B980
0 7 W 0x81B980
0 7 R 0x81D9C0
0 7 W 0x81D9C0
0 7 R 0x80FA00
0 7 W 0x80FA00
0 7 R 0x811A40
0 7 W 0x811A40
0 7 R 0x813A80
0 7 W 0x813A80
0 7 R 0x815AC0
0 7 W 0x815AC0
0 7 R 0x817B00
0 7 W 0x817B00
0 7 R 0x819B40
0 7 W 0x819B40
0 7 R 0x81BB80
0 7 W 0x81BB80
0 7 R 0x81DBC0
0 7 W 0x81DBC0
0 7 R 0x80FC00
0 7 W 0x80FC00
0 7 R 0x811C40
0 7 W 0x811C40
0 7 R 0x813C80
0 7 W 0x813C80
0 7 R 0x815CC0
0 7 W 0x815CC0
0 7 R 0x817D00
0 7 W 0x817D00
0 7 R 0x819D40
0 7 W 0x819D40
0 7 R 0x81BD80
0 7 W 0x81BD80
0 7 R 0x81DDC0
0 7 W 0x81DDC0
0 7 R 0x80FE00
0 7 W 0x80FE00
0 7 R 0x811E40
0 7 W 0x811E40
0 7 R 0x813E80
0 7 W 0x813E80
0 7 R 0x815EC0
0 7 W 0x815EC0
0 7 R 0x817F00
0 7 W 0x817F00
0 7 R 0x819F40
0 7 W 0x819F40
0 7 R 0x81BF80
0 7 W 0x81BF80
0 7 R 0x81DFC0
0 7 W 0x81DFC0
0 7 R 0x810000
0 7 W 0x810000
0 7 R 0x812040
0 7 W 0x812040
0 7 R 0x814080
0 7 W 0x814080
0 7 R 0x8160C0
0 7 W 0x8160C0
0 7 R 0x818100
0 7 W 0x818100
0 7 R 0x81A140
0 7 W 0x81A140
0 7 R 0x81C180
0 7 W 0x81C180
0 7 R 0x81E1C0
0 7 W 0x81E1C0
0 7 R 0x810200
0 7 W 0x810200
0 7 R 0x812240
0 7 W 0x812240
0 7 R 0x814280
0 7 W 0x814280
0 7 R 0x8162C0
0 7 W 0x8162C0
0 7 R 0x818300
0 7 W 0x818300
0 7 R 0x81A340
0 7 W 0x81A340
0 7 R 0x81C380
0 7 W 0x81C380
0 7 R 0x81E3C0
0 7 W 0x81E3C0
0 7 R 0x810400
0 7 W 0x810400
0 7 R 0x812440
0 7 W 0x812440
0 7 R 0x814480
0 7 W 0x814480
0 7 R 0x8164C0
0 7 W 0x8164C0
0 7 R 0x818500
0 7 W 0x818500
0 7 R 0x81A540
0 7 W 0x81A540
0 7 R 0x81C580
0 7 W 0x81C580
0 7 R 0x81E5C0
0 7 W 0x81E5C0
0 7 R 0x810600
0 7 W 0x810600
0 7 R 0x812640
0 7 W 0x812640
0 7 R 0x814680
0 7 W 0x814680
0 7 R 0x8166C0
0 7 W 0x8166C0
0 7 R 0x818700
0 7 W 0x818700
0 7 R 0x81A740
0 7 W 0x81A740
0 7 R 0x81C780
0 7 W 0x81C780
0 7 R 0x81E7C0
0 7 W 0x81E7C0
0 7 R 0x810800
0 7 W 0x810800
0 7 R 0x812840
0 7 W 0x812840
0 7 R 0x814880
0 7 W 0x814880
0 7 R 0x8168C0
0 7 W 0x8168C0
0 7 R 0x818900
0 7 W 0x818900
0 7 R 0x81A940
0 7 W 0x81A940
0 7 R 0x81C980
0 7 W 0x81C980
0 7 R 0x81E9C0
0 7 W 0x81E9C0
0 7 R 0x810A00
0 7 W 0x810A00
0 7 R 0x812A40
0 7 W 0x812A40
0 7 R 0x814A80
0 7 W 0x814A80
0 7 R 0x816AC0
0 7 W 0x816AC0
0 7 R 0x818B00
0 7 W 0x818B00
0 7 R 0x81AB40
0 7 W 0x81AB40
0 7 R 0x81CB80
0 7 W 0x81CB80
0 7 R 0x81EBC0
0 7 W 0x81EBC0
0 7 R 0x810C00
0 7 W 0x810C00
0 7 R 0x812C40
0 7 W 0x812C40
0 7 R 0x814C80
0 7 W 0x814C80
0 7 R 0x816CC0
0 7 W 0x816CC0
0 7 R 0x818D00
0 7 W 0x818D00
0 7 R 0x81AD40
0 7 W 0x81AD40
0 7 R 0x81CD80
0 7 W 0x81CD80
0 7 R 0x81EDC0
0 7 W 0x81EDC0
0 7 R 0x810E00
0 7 W 0x810E00
0 7 R 0x812E40
0 7 W 0x812E40
0 7 R 0x814E80
0 7 W 0x814E80
0 7 R 0x816EC0
0 7 W 0x816EC0
0 7 R 0x818F00
0 7 W 0x818F00
0 7 R 0x81AF40
0 7 W 0x81AF40
0 7 R 0x81CF80
0 7 W 0x81CF80
0 7 R 0x81EFC0
0 7 W 0x81EFC0
0 7 R 0x811000
0 7 W 0x811000
0 7 R 0x813040
0 7 W 0x813040
0 7 R 0x815080
0 7 W 0x815080
0 7 R 0x8170C0
0 7 W 0x8170C0
0 7 R 0x819100
0 7 W 0x819100
0 7 R 0x81B140
0 7 W 0x81B140
0 7 R 0x81D180
0 7 W 0x81D180
0 7 R 0x81F1C0
0 7 W 0x81F1C0
0 7 R 0x811200
0 7 W 0x811200
0 7 R 0x813240
0 7 W 0x813240
0 7 R 0x815280
0 7 W 0x815280
0 7 R 0x8172C0
0 7 W 0x8172C0
0 7 R 0x819300
0 7 W 0x819300
0 7 R 0x81B340
0 7 W 0x81B340
0 7 R 0x81D380
0 7 W 0x81D380
0 7 R 0x81F3C0
0 7 W 0x81F3C0
0 7 R 0x811400
0 7 W 0x811400
0 7 R 0x813440
0 7 W 0x813440
0 7 R 0x815480
0 7 W 0x815480
0 7 R 0x8174C0
0 7 W 0x8174C0
0 7 R 0x819500
0 7 W 0x819500
0 7 R 0x81B540
0 7 W 0x81B540
0 7 R 0x81D580
0 7 W 0x81D580
0 7 R 0x81F5C0
0 7 W 0x81F5C0
0 7 R 0x811600
0 7 W 0x811600
0 7 R 0x813640
0 7 W 0x813640
0 7 R 0x815680
0 7 W 0x815680
0 7 R 0x8176C0
0 7 W 0x8176C0
0 7 R 0x819700
0 7 W 0x819700
0 7 R 0x81B740
0 7 W 0x81B740
0 7 R 0x81D780
0 7 W 0x81D780
0 7 R 0x81F7C0
0 7 W 0x81F7C0
0 7 R 0x811800
0 7 W 0x811800
0 7 R 0x813840
0 7 W 0x813840
0 7 R 0x815880
0 7 W 0x815880
0 7 R 0x8178C0
0 7 W 0x8178C0
0 7 R 0x819900
0 7 W 0x819900
0 7 R 0x81B940
0 7 W 0x81B940
0 7 R 0x81D980
0 7 W 0x81D980
0 7 R 0x81F9C0
0 7 W 0x81F9C0
0 7 R 0x811A00
0 7 W 0x811A00
0 7 R 0x813A40
0 7 W 0x813A40
0 7 R 0x815A80
0 7 W 0x815A80
0 7 R 0x817AC0
0 7 W 0x817AC0
0 7 R 0x819B00
0 7 W 0x819B00
0 7 R 0x81BB40
0 7 W 0x81BB40
0 7 R 0x81DB80
0 7 W 0x81DB80
0 7 R 0x81FBC0
0 7 W 0x81FBC0
0 7 R 0x811C00
0 7 W 0x811C00
0 7 R 0x813C40
0 7 W 0x813C40
0 7 R 0x815C80
0 7 W 0x815C80
0 7 R 0x817CC0
0 7 W 0x817CC0
0 7 R 0x819D00
0 7 W 0x819D00
0 7 R 0x81BD40
0 7 W 0x81BD40
0 7 R 0x81DD80
0 7 W 0x81DD80
0 7 R 0x81FDC0
0 7 W 0x81FDC0
0 7 R 0x811E00
0 7 W 0x811E00
0 7 R 0x813E40
0 7 W 0x813E40
0 7 R 0x815E80
0 7 W 0x815E80
0 7 R 0x817EC0
0 7 W 0x817EC0
0 7 R 0x819F00
0 7 W 0x819F00
0 7 R 0x81BF40
0 7 W 0x81BF40
0 7 R 0x81DF80
0 7 W 0x81DF80
0 7 R 0x81FFC0
0 7 W 0x81FFC0
0 8 R 0x910000
0 8 W 0x910000
0 8 R 0x912040
0 8 W 0x912040
0 8 R 0x914080
0 8 W 0x914080
0 8 R 0x9160C0
0 8 W 0x9160C0
0 8 R 0x918100
0 8 W 0x918100
0 8 R 0x91A140
0 8 W 0x91A140
0 8 R 0x91C180
0 8 W 0x91C180
0 8 R 0x91E1C0
0 8 W 0x91E1C0
0 8 R 0x910200
0 8 W 0x910200
0 8 R 0x912240
0 8 W 0x912240
0 8 R 0x914280
0 8 W 0x914280
0 8 R 0x9162C0
0 8 W 0x9162C0
0 8 R 0x918300
0 8 W 0x918300
0 8 R 0x91A340
0 8 W 0x91A340
0 8 R 0x91C380
0 8 W 0x91C380
0 8 R 0x91E3C0
0 8 W 0x91E3C0
0 8 R 0x910400
0 8 W 0x910400
0 8 R 0x912440
0 8 W 0x912440
0 8 R 0x914480
0 8 W 0x914480
0 8 R 0x9164C0
0 8 W 0x9164C0
0 8 R 0x918500
0 8 W 0x918500
0 8 R 0x91A540
0 8 W 0x91A540
0 8 R 0x91C580
0 8 W 0x91C580
0 8 R 0x91E5C0
0 8 W 0x91E5C0
0 8 R 0x910600
0 8 W 0x910600
0 8 R 0x912640
0 8 W 0x912640
0 8 R 0x914680
0 8 W 0x914680
0 8 R 0x9166C0
0 8 W 0x9166C0
0 8 R 0x918700
0 8 W 0x918700
0 8 R 0x91A740
0 8 W 0x91A740
0 8 R 0x91C780
0 8 W 0x91C780
0 8 R 0x91E7C0
0 8 W 0x91E7C0
0 8 R 0x910800
0 8 W 0x910800
0 8 R 0x912840
0 8 W 0x912840
0 8 R 0x914880
0 8 W 0x914880
0 8 R 0x9168C0
0 8 W 0x9168C0
0 8 R 0x918900
0 8 W 0x918900
0 8 R 0x91A940
0 8 W 0x91A940
0 8 R 0x91C980
0 8 W 0x91C980
0 8 R 0x91E9C0
0 8 W 0x91E9C0
0 8 R 0x910A00
0 8 W 0x910A00
0 8 R 0x912A40
0 8 W 0x912A40
0 8 R 0x914A80
0 8 W 0x914A80
0 8 R 0x916AC0
0 8 W 0x916AC0
0 8 R 0x918B00
0 8 W 0x918B00
0 8 R 0x91AB40
0 8 W 0x91AB40
0 8 R 0x91CB80
0 8 W 0x91CB80
0 8 R 0x91EBC0
0 8 W 0x91EBC0
0 8 R 0x910C00
0 8 W 0x910C00
0 8 R 0x912C40
0 8 W 0x912C40
0 8 R 0x914C80
0 8 W 0x914C80
0 8 R 0x916CC0
0 8 W 0x916CC0
0 8 R 0x918D00
0 8 W 0x918D00
0 8 R 0x91AD40
0 8 W 0x91AD40
0 8 R 0x91CD80
0 8 W 0x91CD80
0 8 R 0x91EDC0
0 8 W 0x91EDC0
0 8 R 0x910E00
0 8 W 0x910E00
0 8 R 0x912E40
0 8 W 0x912E40
0 8 R 0x914E80
0 8 W 0x914E80
0 8 R 0x916EC0
0 8 W 0x916EC0
0 8 R 0x918F00
0 8 W 0x918F00
0 8 R 0x91AF40
0 8 W 0x91AF40
0 8 R 0x91CF80
0 8 W 0x91CF80
0 8 R 0x91EFC0
0 8 W 0x91EFC0
0 8 R 0x911000
0 8 W 0x911000
0 8 R 0x913040
0 8 W 0x913040
0 8 R 0x915080
0 8 W 0x915080
0 8 R 0x9170C0
0 8 W 0x9170C0
0 8 R 0x919100
0 8 W 0x919100
0 8 R 0x91B140
0 8 W 0x91B140
0 8 R 0x91D180
0 8 W 0x91D180
0 8 R 0x91F1C0
0 8 W 0x91F1C0
0 8 R 0x911200
0 8 W 0x911200
0 8 R 0x913240
0 8 W 0x913240
0 8 R 0x915280
0 8 W 0x915280
0 8 R 0x9172C0
0 8 W 0x9172C0
0 8 R 0x919300
0 8 W 0x919300
0 8 R 0x91B340
0 8 W 0x91B340
0 8 R 0x91D380
0 8 W 0x91D380
0 8 R 0x91F3C0
0 8 W 0x91F3C0
0 8 R 0x911400
0 8 W 0x911400
0 8 R 0x913440
0 8 W 0x913440
0 8 R 0x915480
0 8 W 0x915480
0 8 R 0x9174C0
0 8 W 0x9174C0
0 8 R 0x919500
0 8 W 0x919500
0 8 R 0x91B540
0 8 W 0x91B540
0 8 R 0x91D580
0 8 W 0x91D580
0 8 R 0x91F5C0
0 8 W 0x91F5C0
0 8 R 0x911600
0 8 W 0x911600
0 8 R 0x913640
0 8 W 0x913640
0 8 R 0x915680
0 8 W 0x915680
0 8 R 0x9176C0
0 8 W 0x9176C0
0 8 R 0x919700
0 8 W 0x919700
0 8 R 0x91B740
0 8 W 0x91B740
0 8 R 0x91D780
0 8 W 0x91D780
0 8 R 0x91F7C0
0 8 W 0x91F7C0
0 8 R 0x911800
0 8 W 0x911800
0 8 R 0x913840
0 8 W 0x913840
0 8 R 0x915880
0 8 W 0x915880
0 8 R 0x9178C0
0 8 W 0x9178C0
0 8 R 0x919900
0 8 W 0x919900
0 8 R 0x91B940
0 8 W 0x91B940
0 8 R 0x91D980
0 8 W 0x91D980
0 8 R 0x91F9C0
0 8 W 0x91F9C0
0 8 R 0x911A00
0 8 W 0x911A00
0 8 R 0x913A40
0 8 W 0x913A40
0 8 R 0x915A80
0 8 W 0x915A80
0 8 R 0x917AC0
0 8 W 0x917AC0
0 8 R 0x919B00
0 8 W 0x919B00
0 8 R 0x91BB40
0 8 W 0x91BB40
0 8 R 0x91DB80
0 8 W 0x91DB80
0 8 R 0x91FBC0
0 8 W 0x91FBC0
0 8 R 0x911C00
0 8 W 0x911C00
0 8 R 0x913C40
0 8 W 0x913C40
0 8 R 0x915C80
0 8 W 0x915C80
0 8 R 0x917CC0
0 8 W 0x917CC0
0 8 R 0x919D00
0 8 W 0x919D00
0 8 R 0x91BD40
0 8 W 0x91BD40
0 8 R 0x91DD80
0 8 W 0x91DD80
0 8 R 0x91FDC0
0 8 W 0x91FDC0
0 8 R 0x911E00
0 8 W 0x911E00
0 8 R 0x913E40
0 8 W 0x913E40
0 8 R 0x915E80
0 8 W 0x915E80
0 8 R 0x917EC0
0 8 W 0x917EC0
0 8 R 0x919F00
0 8 W 0x919F00
0 8 R 0x91BF40
0 8 W 0x91BF40
0 8 R 0x91DF80
0 8 W 0x91DF80
0 8 R 0x91FFC0
0 8 W 0x91FFC0
0 8 R 0x912000
0 8 W 0x912000
0 8 R 0x914040
0 8 W 0x914040
0 8 R 0x916080
0 8 W 0x916080
0 8 R 0x9180C0
0 8 W 0x9180C0
0 8 R 0x91A100
0 8 W 0x91A100
0 8 R 0x91C140
0 8 W 0x91C140
0 8 R 0x91E180
0 8 W 0x91E180
0 8 R 0x9201C0
0 8 W 0x9201C0
0 8 R 0x912200
0 8 W 0x912200
0 8 R 0x914240
0 8 W 0x914240
0 8 R 0x916280
0 8 W 0x916280
0 8 R 0x9182C0
0 8 W 0x9182C0
0 8 R 0x91A300
0 8 W 0x91A300
0 8 R 0x91C340
0 8 W 0x91C340
0 8 R 0x91E380
0 8 W 0x91E380
0 8 R 0x9203C0
0 8 W 0x9203C0
0 8 R 0x912400
0 8 W 0x912400
0 8 R 0x914440
0 8 W 0x914440
0 8 R 0x916480
0 8 W 0x916480
0 8 R 0x9184C0
0 8 W 0x9184C0
0 8 R 0x91A500
0 8 W 0x91A500
0 8 R 0x91C540
0 8 W 0x91C540
0 8 R 0x91E580
0 8 W 0x91E580
0 8 R 0x9205C0
0 8 W 0x9205C0
0 8 R 0x912600
0 8 W 0x912600
0 8 R 0x914640
0 8 W 0x914640
0 8 R 0x916680
0 8 W 0x916680
0 8 R 0x9186C0
0 8 W 0x9186C0
0 8 R 0x91A700
0 8 W 0x91A700
0 8 R 0x91C740
0 8 W 0x91C740
0 8 R 0x91E780
0 8 W 0x91E780
0 8 R 0x9207C0
0 8 W 0x9207C0
0 8 R 0x912800
0 8 W 0x912800
0 8 R 0x914840
0 8 W 0x914840
0 8 R 0x916880
0 8 W 0x916880
0 8 R 0x9188C0
0 8 W 0x9188C0
0 8 R 0x91A900
0 8 W 0x91A900
0 8 R 0x91C940
0 8 W 0x91C940
0 8 R 0x91E980
0 8 W 0x91E980
0 8 R 0x9209C0
0 8 W 0x9209C0
0 8 R 0x912A00
0 8 W 0x912A00
0 8 R 0x914A40
0 8 W 0x914A40
0 8 R 0x916A80
0 8 W 0x916A80
0 8 R 0x918AC0
0 8 W 0x918AC0
0 8 R 0x91AB00
0 8 W 0x91AB00
0 8 R 0x91CB40
0 8 W 0x91CB40
0 8 R 0x91EB80
0 8 W 0x91EB80
0 8 R 0x920BC0
0 8 W 0x920BC0
0 8 R 0x912C00
0 8 W 0x912C00
0 8 R 0x914C40
0 8 W 0x914C40
0 8 R 0x916C80
0 8 W 0x916C80
0 8 R 0x918CC0
0 8 W 0x918CC0
0 8 R 0x91AD00
0 8 W 0x91AD00
0 8 R 0x91CD40
0 8 W 0x91CD40
0 8 R 0x91ED80
0 8 W 0x91ED80
0 8 R 0x920DC0
0 8 W 0x920DC0
0 8 R 0x912E00
0 8 W 0x912E00
0 8 R 0x914E40
0 8 W 0x914E40
0 8 R 0x916E80
0 8 W 0x916E80
0 8 R 0x918EC0
0 8 W 0x918EC0
0 8 R 0x91AF00
0 8 W 0x91AF00
0 8 R 0x91CF40
0 8 W 0x91CF40
0 8 R 0x91EF80
0 8 W 0x91EF80
0 8 R 0x920FC0
0 8 W 0x920FC0
0 8 R 0x913000
0 8 W 0x913000
0 8 R 0x915040
0 8 W 0x915040
0 8 R 0x917080
0 8 W 0x917080
0 8 R 0x9190C0
0 8 W 0x9190C0
0 8 R 0x91B100
0 8 W 0x91B100
0 8 R 0x91D140
0 8 W 0x91D140
0 8 R 0x91F180
0 8 W 0x91F180
0 8 R 0x9211C0
0 8 W 0x9211C0
0 8 R 0x913200
0 8 W 0x913200
0 8 R 0x915240
0 8 W 0x915240
0 8 R 0x917280
0 8 W 0x917280
0 8 R 0x9192C0
0 8 W 0x9192C0
0 8 R 0x91B300
0 8 W 0x91B300
0 8 R 0x91D340
0 8 W 0x91D340
0 8 R 0x91F380
0 8 W 0x91F380
0 8 R 0x9213C0
0 8 W 0x9213C0
0 8 R 0x913400
0 8 W 0x913400
0 8 R 0x915440
0 8 W 0x915440
0 8 R 0x917480
0 8 W 0x917480
0 8 R 0x9194C0
0 8 W 0x9194C0
0 8 R 0x91B500
0 8 W 0x91B500
0 8 R 0x91D540
0 8 W 0x91D540
0 8 R 0x91F580
0 8 W 0x91F580
0 8 R 0x9215C0
0 8 W 0x9215C0
0 8 R 0x913600
0 8 W 0x913600
0 8 R 0x915640
0 8 W 0x915640
0 8 R 0x917680
0 8 W 0x917680
0 8 R 0x9196C0
0 8 W 0x9196C0
0 8 R 0x91B700
0 8 W 0x91B700
0 8 R 0x91D740
0 8 W 0x91D740
0 8 R 0x91F780
0 8 W 0x91F780
0 8 R 0x9217C0
0 8 W 0x9217C0
0 8 R 0x913800
0 8 W 0x913800
0 8 R 0x915840
0 8 W 0x915840
0 8 R 0x917880
0 8 W 0x917880
0 8 R 0x9198C0
0 8 W 0x9198C0
0 8 R 0x91B900
0 8 W 0x91B900
0 8 R 0x91D940
0 8 W 0x91D940
0 8 R 0x91F980
0 8 W 0x91F980
0 8 R 0x9219C0
0 8 W 0x9219C0
0 8 R 0x913A00
0 8 W 0x913A00
0 8 R 0x915A40
0 8 W 0x915A40
0 8 R 0x917A80
0 8 W 0x917A80
0 8 R 0x919AC0
0 8 W 0x919AC0
0 8 R 0x91BB00
0 8 W 0x91BB00
0 8 R 0x91DB40
0 8 W 0x91DB40
0 8 R 0x91FB80
0 8 W 0x91FB80
0 8 R 0x921BC0
0 8 W 0x921BC0
0 8 R 0x913C00
0 8 W 0x913C00
0 8 R 0x915C40
0 8 W 0x915C40
0 8 R 0x917C80
0 8 W 0x917C80
0 8 R 0x919CC0
0 8 W 0x919CC0
0 8 R 0x91BD00
0 8 W 0x91BD00
0 8 R 0x91DD40
0 8 W 0x91DD40
0 8 R 0x91FD80
0 8 W 0x91FD80
0 8 R 0x921DC0
0 8 W 0x921DC0
0 8 R 0x913E00
0 8 W 0x913E00
0 8 R 0x915E40
0 8 W 0x915E40
0 8 R 0x917E80
0 8 W 0x917E80
0 8 R 0x919EC0
0 8 W 0x919EC0
0 8 R 0x91BF00
0 8 W 0x91BF00
0 8 R 0x91DF40
0 8 W 0x91DF40
0 8 R 0x91FF80
0 8 W 0x91FF80
0 8 R 0x921FC0
0 8 W 0x921FC0
0 9 R 0xA12000
0 9 W 0xA12000
0 9 R 0xA14040
0 9 W 0xA14040
0 9 R 0xA16080
0 9 W 0xA16080
0 9 R 0xA180C0
0 9 W 0xA180C0
0 9 R 0xA1A100
0 9 W 0xA1A100
0 9 R 0xA1C140
0 9 W 0xA1C140
0 9 R 0xA1E180
0 9 W 0xA1E180
0 9 R 0xA201C0
0 9 W 0xA201C0
0 9 R 0xA12200
0 9 W 0xA12200
0 9 R 0xA14240
0 9 W 0xA14240
0 9 R 0xA16280
0 9 W 0xA16280
0 9 R 0xA182C0
0 9 W 0xA182C0
0 9 R 0xA1A300
0 9 W 0xA1A300
0 9 R 0xA1C340
0 9 W 0xA1C340
0 9 R 0xA1E380
0 9 W 0xA1E380
0 9 R 0xA203C0
0 9 W 0xA203C0
0 9 R 0xA12400
0 9 W 0xA12400
0 9 R 0xA14440
0 9 W 0xA14440
0 9 R 0xA16480
0 9 W 0xA16480
0 9 R 0xA184C0
0 9 W 0xA184C0
0 9 R 0xA1A500
0 9 W 0xA1A500
0 9 R 0xA1C540
0 9 W 0xA1C540
0 9 R 0xA1E580
0 9 W 0xA1E580
0 9 R 0xA205C0
0 9 W 0xA205C0
0 9 R 0xA12600
0 9 W 0xA12600
0 9 R 0xA14640
0 9 W 0xA14640
0 9 R 0xA16680
0 9 W 0xA16680
0 9 R 0xA186C0
0 9 W 0xA186C0
0 9 R 0xA1A700
0 9 W 0xA1A700
0 9 R 0xA1C740
0 9 W 0xA1C740
0 9 R 0xA1E780
0 9 W 0xA1E780
0 9 R 0xA207C0
0 9 W 0xA207C0
0 9 R 0xA12800
0 9 W 0xA12800
0 9 R 0xA14840
0 9 W 0xA14840
0 9 R 0xA16880
0 9 W 0xA16880
0 9 R 0xA188C0
0 9 W 0xA188C0
0 9 R 0xA1A900
0 9 W 0xA1A900
0 9 R 0xA1C940
0 9 W 0xA1C940
0 9 R 0xA1E980
0 9 W 0xA1E980
0 9 R 0xA209C0
0 9 W 0xA209C0
0 9 R 0xA12A00
0 9 W 0xA12A00
0 9 R 0xA14A40
0 9 W 0xA14A40
0 9 R 0xA16A80
0 9 W 0xA16A80
0 9 R 0xA18AC0
0 9 W 0xA18AC0
0 9 R 0xA1AB00
0 9 W 0xA1AB00
0 9 R 0xA1CB40
0 9 W 0xA1CB40
0 9 R 0xA1EB80
0 9 W 0xA1EB80
0 9 R 0xA20BC0
0 9 W 0xA20BC0
0 9 R 0xA12C00
0 9 W 0xA12C00
0 9 R 0xA14C40
0 9 W 0xA14C40
0 9 R 0xA16C80
0 9 W 0xA16C80
0 9 R 0xA18CC0
0 9 W 0xA18CC0
0 9 R 0xA1AD00
0 9 W 0xA1AD00
0 9 R 0xA1CD40
0 9 W 0xA1CD40
0 9 R 0xA1ED80
0 9 W 0xA1ED80
0 9 R 0xA20DC0
0 9 W 0xA20DC0
0 9 R 0xA12E00
0 9 W 0xA12E00
0 9 R 0xA14E40
0 9 W 0xA14E40
0 9 R 0xA16E80
0 9 W 0xA16E80
0 9 R 0xA18EC0
0 9 W 0xA18EC0
0 9 R 0xA1AF00
0 9 W 0xA1AF00
0 9 R 0xA1CF40
0 9 W 0xA1CF40
0 9 R 0xA1EF80
0 9 W 0xA1EF80
0 9 R 0xA20FC0
0 9 W 0xA20FC0
0 9 R 0xA13000
0 9 W 0xA13000
0 9 R 0xA15040
0 9 W 0xA15040
0 9 R 0xA17080
0 9 W 0xA17080
0 9 R 0xA190C0
0 9 W 0xA190C0
0 9 R 0xA1B100
0 9 W 0xA1B100
0 9 R 0xA1D140
0 9 W 0xA1D140
0 9 R 0xA1F180
0 9 W 0xA1F180
0 9 R 0xA211C0
0 9 W 0xA211C0
0 9 R 0xA13200
0 9 W 0xA13200
0 9 R 0xA15240
0 9 W 0xA15240
0 9 R 0xA17280
0 9 W 0xA17280
0 9 R 0xA192C0
0 9 W 0xA192C0
0 9 R 0xA1B300
0 9 W 0xA1B300
0 9 R 0xA1D340
0 9 W 0xA1D340
0 9 R 0xA1F380
0 9 W 0xA1F380
0 9 R 0xA213C0
0 9 W 0xA213C0
0 9 R 0xA13400
0 9 W 0xA13400
0 9 R 0xA15440
0 9 W 0xA15440
0 9 R 0xA17480
0 9 W 0xA17480
0 9 R 0xA194C0
0 9 W 0xA194C0
0 9 R 0xA1B500
0 9 W 0xA1B500
0 9 R 0xA1D540
0 9 W 0xA1D540
0 9 R 0xA1F580
0 9 W 0xA1F580
0 9 R 0xA215C0
0 9 W 0xA215C0
0 9 R 0xA13600
0 9 W 0xA13600
0 9 R 0xA15640
0 9 W 0xA15640
0 9 R 0xA17680
0 9 W 0xA17680
0 9 R 0xA196C0
0 9 W 0xA196C0
0 9 R 0xA1B700
0 9 W 0xA1B700
0 9 R 0xA1D740
0 9 W 0xA1D740
0 9 R 0xA1F780
0 9 W 0xA1F780
0 9 R 0xA217C0
0 9 W 0xA217C0
0 9 R 0xA13800
0 9 W 0xA13800
0 9 R 0xA15840
0 9 W 0xA15840
0 9 R 0xA17880
0 9 W 0xA17880
0 9 R 0xA198C0
0 9 W 0xA198C0
0 9 R 0xA1B900
0 9 W 0xA1B900
0 9 R 0xA1D940
0 9 W 0xA1D940
0 9 R 0xA1F980
0 9 W 0xA1F980
0 9 R 0xA219C0
0 9 W 0xA219C0
0 9 R 0xA13A00
0 9 W 0xA13A00
0 9 R 0xA15A40
0 9 W 0xA15A40
0 9 R 0xA17A80
0 9 W 0xA17A80
0 9 R 0xA19AC0
0 9 W 0xA19AC0
0 9 R 0xA1BB00
0 9 W 0xA1BB00
0 9 R 0xA1DB40
0 9 W 0xA1DB40
0 9 R 0xA1FB80
0 9 W 0xA1FB80
0 9 R 0xA21BC0
0 9 W 0xA21BC0
0 9 R 0xA13C00
0 9 W 0xA13C00
0 9 R 0xA15C40
0 9 W 0xA15C40
0 9 R 0xA17C80
0 9 W 0xA17C80
0 9 R 0xA19CC0
0 9 W 0xA19CC0
0 9 R 0xA1BD00
0 9 W 0xA1BD00
0 9 R 0xA1DD40
0 9 W 0xA1DD40
0 9 R 0xA1FD80
0 9 W 0xA1FD80
0 9 R 0xA21DC0
0 9 W 0xA21DC0
0 9 R 0xA13E00
0 9 W 0xA13E00
0 9 R 0xA15E40
0 9 W 0xA15E40
0 9 R 0xA17E80
0 9 W 0xA17E80
0 9 R 0xA19EC0
0 9 W 0xA19EC0
0 9 R 0xA1BF00
0 9 W 0xA1BF00
0 9 R 0xA1DF40
0 9 W 0xA1DF40
0 9 R 0xA1FF80
0 9 W 0xA1FF80
0 9 R 0xA21FC0
0 9 W 0xA21FC0
0 9 R 0xA14000
0 9 W 0xA14000
0 9 R 0xA16040
0 9 W 0xA16040
0 9 R 0xA18080
0 9 W 0xA18080
0 9 R 0xA1A0C0
0 9 W 0xA1A0C0
0 9 R 0xA1C100
0 9 W 0xA1C100
0 9 R 0xA1E140
0 9 W 0xA1E140
0 9 R 0xA20180
0 9 W 0xA20180
0 9 R 0xA221C0
0 9 W 0xA221C0
0 9 R 0xA14200
0 9 W 0xA14200
0 9 R 0xA16240
0 9 W 0xA16240
0 9 R 0xA18280
0 9 W 0xA18280
0 9 R 0xA1A2C0
0 9 W 0xA1A2C0
0 9 R 0xA1C300
0 9 W 0xA1C300
0 9 R 0xA1E340
0 9 W 0xA1E340
0 9 R 0xA20380
0 9 W 0xA20380
0 9 R 0xA223C0
0 9 W 0xA223C0
0 9 R 0xA14400
0 9 W 0xA14400
0 9 R 0xA16440
0 9 W 0xA16440
0 9 R 0xA18480
0 9 W 0xA18480
0 9 R 0xA1A4C0
0 9 W 0xA1A4C0
0 9 R 0xA1C500
0 9 W 0xA1C500
0 9 R 0xA1E540
0 9 W 0xA1E540
0 9 R 0xA20580
0 9 W 0xA20580
0 9 R 0xA225C0
0 9 W 0xA225C0
0 9 R 0xA14600
0 9 W 0xA14600
0 9 R 0xA16640
0 9 W 0xA16640
0 9 R 0xA18680
0 9 W 0xA18680
0 9 R 0xA1A6C0
0 9 W 0xA1A6C0
0 9 R 0xA1C700
0 9 W 0xA1C700
0 9 R 0xA1E740
0 9 W 0xA1E740
0 9 R 0xA20780
0 9 W 0xA20780
0 9 R 0xA227C0
0 9 W 0xA227C0
0 9 R 0xA14800
0 9 W 0xA14800
0 9 R 0xA16840
0 9 W 0xA16840
0 9 R 0xA18880
0 9 W 0xA18880
0 9 R 0xA1A8C0
0 9 W 0xA1A8C0
0 9 R 0xA1C900
0 9 W 0xA1C900
0 9 R 0xA1E940
0 9 W 0xA1E940
0 9 R 0xA20980
0 9 W 0xA20980
0 9 R 0xA229C0
0 9 W 0xA229C0
0 9 R 0xA14A00
0 9 W 0xA14A00
0 9 R 0xA16A40
0 9 W 0xA16A40
0 9 R 0xA18A80
0 9 W 0xA18A80
0 9 R 0xA1AAC0
0 9 W 0xA1AAC0
0 9 R 0xA1CB00
0 9 W 0xA1CB00
0 9 R 0xA1EB40
0 9 W 0xA1EB40
0 9 R 0xA20B80
0 9 W 0xA20B80
0 9 R 0xA22BC0
0 9 W 0xA22BC0
0 9 R 0xA14C00
0 9 W 0xA14C00
0 9 R 0xA16C40
0 9 W 0xA16C40
0 9 R 0xA18C80
0 9 W 0xA18C80
0 9 R 0xA1ACC0
0 9 W 0xA1ACC0
0 9 R 0xA1CD00
0 9 W 0xA1CD00
0 9 R 0xA1ED40
0 9 W 0xA1ED40
0 9 R 0xA20D80
0 9 W 0xA20D80
0 9 R 0xA22DC0
0 9 W 0xA22DC0
0 9 R 0xA14E00
0 9 W 0xA14E00
0 9 R 0xA16E40
0 9 W 0xA16E40
0 9 R 0xA18E80
0 9 W 0xA18E80
0 9 R 0xA1AEC0
0 9 W 0xA1AEC0
0 9 R 0xA1CF00
0 9 W 0xA1CF00
0 9 R 0xA1EF40
0 9 W 0xA1EF40
0 9 R 0xA20F80
0 9 W 0xA20F80
0 9 R 0xA22FC0
0 9 W 0xA22FC0
0 9 R 0xA15000
0 9 W 0xA15000
0 9 R 0xA17040
0 9 W 0xA17040
0 9 R 0xA19080
0 9 W 0xA19080
0 9 R 0xA1B0C0
0 9 W 0xA1B0C0
0 9 R 0xA1D100
0 9 W 0xA1D100
0 9 R 0xA1F140
0 9 W 0xA1F140
0 9 R 0xA21180
0 9 W 0xA21180
0 9 R 0xA231C0
0 9 W 0xA231C0
0 9 R 0xA15200
0 9 W 0xA15200
0 9 R 0xA17240
0 9 W 0xA17240
0 9 R 0xA19280
0 9 W 0xA19280
0 9 R 0xA1B2C0
0 9 W 0xA1B2C0
0 9 R 0xA1D300
0 9 W 0xA1D300
0 9 R 0xA1F340
0 9 W 0xA1F340
0 9 R 0xA21380
0 9 W 0xA21380
0 9 R 0xA233C0
0 9 W 0xA233C0
0 9 R 0xA15400
0 9 W 0xA15400
0 9 R 0xA17440
0 9 W 0xA17440
0 9 R 0xA19480
0 9 W 0xA19480
0 9 R 0xA1B4C0
0 9 W 0xA1B4C0
0 9 R 0xA1D500
0 9 W 0xA1D500
0 9 R 0xA1F540
0 9 W 0xA1F540
0 9 R 0xA21580
0 9 W 0xA21580
0 9 R 0xA235C0
0 9 W 0xA235C0
0 9 R 0xA15600
0 9 W 0xA15600
0 9 R 0xA17640
0 9 W 0xA17640
0 9 R 0xA19680
0 9 W 0xA19680
0 9 R 0xA1B6C0
0 9 W 0xA1B6C0
0 9 R 0xA1D700
0 9 W 0xA1D700
0 9 R 0xA1F740
0 9 W 0xA1F740
0 9 R 0xA21780
0 9 W 0xA21780
0 9 R 0xA237C0
0 9 W 0xA237C0
0 9 R 0xA15800
0 9 W 0xA15800
0 9 R 0xA17840
0 9 W 0xA17840
0 9 R 0xA19880
0 9 W 0xA19880
0 9 R 0xA1B8C0
0 9 W 0xA1B8C0
0 9 R 0xA1D900
0 9 W 0xA1D900
0 9 R 0xA1F940
0 9 W 0xA1F940
0 9 R 0xA21980
0 9 W 0xA21980
0 9 R 0xA239C0
0 9 W 0xA239C0
0 9 R 0xA15A00
0 9 W 0xA15A00
0 9 R 0xA17A40
0 9 W 0xA17A40
0 9 R 0xA19A80
0 9 W 0xA19A80
0 9 R 0xA1BAC0
0 9 W 0xA1BAC0
0 9 R 0xA1DB00
0 9 W 0xA1DB00
0 9 R 0xA1FB40
0 9 W 0xA1FB40
0 9 R 0xA21B80
0 9 W 0xA21B80
0 9 R 0xA23BC0
0 9 W 0xA23BC0
0 9 R 0xA15C00
0 9 W 0xA15C00
0 9 R 0xA17C40
0 9 W 0xA17C40
0 9 R 0xA19C80
0 9 W 0xA19C80
0 9 R 0xA1BCC0
0 9 W 0xA1BCC0
0 9 R 0xA1DD00
0 9 W 0xA1DD00
0 9 R 0xA1FD40
0 9 W 0xA1FD40
0 9 R 0xA21D80
0 9 W 0xA21D80
0 9 R 0xA23DC0
0 9 W 0xA23DC0
0 9 R 0xA15E00
0 9 W 0xA15E00
0 9 R 0xA17E40
0 9 W 0xA17E40
0 9 R 0xA19E80
0 9 W 0xA19E80
0 9 R 0xA1BEC0
0 9 W 0xA1BEC0
0 9 R 0xA1DF00
0 9 W 0xA1DF00
0 9 R 0xA1FF40
0 9 W 0xA1FF40
0 9 R 0xA21F80
0 9 W 0xA21F80
0 9 R 0xA23FC0
0 9 W 0xA23FC0
0 10 R 0xB14000
0 10 W 0xB14000
0 10 R 0xB16040
0 10 W 0xB16040
0 10 R 0xB18080
0 10 W 0xB18080
0 10 R 0xB1A0C0
0 10 W 0xB1A0C0
0 10 R 0xB1C100
0 10 W 0xB1C100
0 10 R 0xB1E140
0 10 W 0xB1E140
0 10 R 0xB20180
0 10 W 0xB20180
0 10 R 0xB221C0
0 10 W 0xB221C0
0 10 R 0xB14200
0 10 W 0xB14200
0 10 R 0xB16240
0 10 W 0xB16240
0 10 R 0xB18280
0 10 W 0xB18280
0 10 R 0xB1A2C0
0 10 W 0xB1A2C0
0 10 R 0xB1C300
0 10 W 0xB1C300
0 10 R 0xB1E340
0 10 W 0xB1E340
0 10 R 0xB20380
0 10 W 0xB20380
0 10 R 0xB223C0
0 10 W 0xB223C0
0 10 R 0xB14400
0 10 W 0xB14400
0 10 R 0xB16440
0 10 W 0xB16440
0 10 R 0xB18480
0 10 W 0xB18480
0 10 R 0xB1A4C0
0 10 W 0xB1A4C0
0 10 R 0xB1C500
0 10 W 0xB1C500
0 10 R 0xB1E540
0 10 W 0xB1E540
0 10 R 0xB20580
0 10 W 0xB20580
0 10 R 0xB225C0
0 10 W 0xB225C0
0 10 R 0xB14600
0 10 W 0xB14600
0 10 R 0xB16640
0 10 W 0xB16640
0 10 R 0xB18680
0 10 W 0xB18680
0 10 R 0xB1A6C0
0 10 W 0xB1A6C0
0 10 R 0xB1C700
0 10 W 0xB1C700
0 10 R 0xB1E740
0 10 W 0xB1E740
0 10 R 0xB20780
0 10 W 0xB20780
0 10 R 0xB227C0
0 10 W 0xB227C0
0 10 R 0xB14800
0 10 W 0xB14800
0 10 R 0xB16840
0 10 W 0xB16840
0 10 R 0xB18880
0 10 W 0xB18880
0 10 R 0xB1A8C0
0 10 W 0xB1A8C0
0 10 R 0xB1C900
0 10 W 0xB1C900
0 10 R 0xB1E940
0 10 W 0xB1E940
0 10 R 0xB20980
0 10 W 0xB20980
0 10 R 0xB229C0
0 10 W 0xB229C0
0 10 R 0xB14A00
0 10 W 0xB14A00
0 10 R 0xB16A40
0 10 W 0xB16A40
0 10 R 0xB18A80
0 10 W 0xB18A80
0 10 R 0xB1AAC0
0 10 W 0xB1AAC0
0 10 R 0xB1CB00
0 10 W 0xB1CB00
0 10 R 0xB1EB40
0 10 W 0xB1EB40
0 10 R 0xB20B80
0 10 W 0xB20B80
0 10 R 0xB22BC0
0 10 W 0xB22BC0
0 10 R 0xB14C00
0 10 W 0xB14C00
0 10 R 0xB16C40
0 10 W 0xB16C40
0 10 R 0xB18C80
0 10 W 0xB18C80
0 10 R 0xB1ACC0
0 10 W 0xB1ACC0
0 10 R 0xB1CD00
0 10 W 0xB1CD00
0 10 R 0xB1ED40
0 10 W 0xB1ED40
0 10 R 0xB20D80
0 10 W 0xB20D80
0 10 R 0xB22DC0
0 10 W 0xB22DC0
0 10 R 0xB14E00
0 10 W 0xB14E00
0 10 R 0xB16E40
0 10 W 0xB16E40
0 10 R 0xB18E80
0 10 W 0xB18E80
0 10 R 0xB1AEC0
0 10 W 0xB1AEC0
0 10 R 0xB1CF00
0 10 W 0xB1CF00
0 10 R 0xB1EF40
0 10 W 0xB1EF40
0 10 R 0xB20F80
0 10 W 0xB20F80
0 10 R 0xB22FC0
0 10 W 0xB22FC0
0 10 R 0xB15000
0 10 W 0xB15000
0 10 R 0xB17040
0 10 W 0xB17040
0 10 R 0xB19080
0 10 W 0xB19080
0 10 R 0xB1B0C0
0 10 W 0xB1B0C0
0 10 R 0xB1D100
0 10 W 0xB1D100
0 10 R 0xB1F140
0 10 W 0xB1F140
0 10 R 0xB21180
0 10 W 0xB21180
0 10 R 0xB231C0
0 10 W 0xB231C0
0 10 R 0xB15200
0 10 W 0xB15200
0 10 R 0xB17240
0 10 W 0xB17240
0 10 R 0xB19280
0 10 W 0xB19280
0 10 R 0xB1B2C0
0 10 W 0xB1B2C0
0 10 R 0xB1D300
0 10 W 0xB1D300
0 10 R 0xB1F340
0 10 W 0xB1F340
0 10 R 0xB21380
0 10 W 0xB21380
0 10 R 0xB233C0
0 10 W 0xB233C0
0 10 R 0xB15400
0 10 W 0xB15400
0 10 R 0xB17440
0 10 W 0xB17440
0 10 R 0xB19480
0 10 W 0xB19480
0 10 R 0xB1B4C0
0 10 W 0xB1B4C0
0 10 R 0xB1D500
0 10 W 0xB1D500
0 10 R 0xB1F540
0 10 W 0xB1F540
0 10 R 0xB21580
0 10 W 0xB21580
0 10 R 0xB235C0
0 10 W 0xB235C0
0 10 R 0xB15600
0 10 W 0xB15600
0 10 R 0xB17640
0 10 W 0xB17640
0 10 R 0xB19680
0 10 W 0xB19680
0 10 R 0xB1B6C0
0 10 W 0xB1B6C0
0 10 R 0xB1D700
0 10 W 0xB1D700
0 10 R 0xB1F740
0 10 W 0xB1F740
0 10 R 0xB21780
0 10 W 0xB21780
0 10 R 0xB237C0
0 10 W 0xB237C0
0 10 R 0xB15800
0 10 W 0xB15800
0 10 R 0xB17840
0 10 W 0xB17840
0 10 R 0xB19880
0 10 W 0xB19880
0 10 R 0xB1B8C0
0 10 W 0xB1B8C0
0 10 R 0xB1D900
0 10 W 0xB1D900
0 10 R 0xB1F940
0 10 W 0xB1F940
0 10 R 0xB21980
0 10 W 0xB21980
0 10 R 0xB239C0
0 10 W 0xB239C0
0 10 R 0xB15A00
0 10 W 0xB15A00
0 10 R 0xB17A40
0 10 W 0xB17A40
0 10 R 0xB19A80
0 10 W 0xB19A80
0 10 R 0xB1BAC0
0 10 W 0xB1BAC0
0 10 R 0xB1DB00
0 10 W 0xB1DB00
0 10 R 0xB1FB40
0 10 W 0xB1FB40
0 10 R 0xB21B80
0 10 W 0xB21B80
0 10 R 0xB23BC0
0 10 W 0xB23BC0
0 10 R 0xB15C00
0 10 W 0xB15C00
0 10 R 0xB17C40
0 10 W 0xB17C40
0 10 R 0xB19C80
0 10 W 0xB19C80
0 10 R 0xB1BCC0
0 10 W 0xB1BCC0
0 10 R 0xB1DD00
0 10 W 0xB1DD00
0 10 R 0xB1FD40
0 10 W 0xB1FD40
0 10 R 0xB21D80
0 10 W 0xB21D80
0 10 R 0xB23DC0
0 10 W 0xB23DC0
0 10 R 0xB15E00
0 10 W 0xB15E00
0 10 R 0xB17E40
0 10 W 0xB17E40
0 10 R 0xB19E80
0 10 W 0xB19E80
0 10 R 0xB1BEC0
0 10 W 0xB1BEC0
0 10 R 0xB1DF00
0 10 W 0xB1DF00
0 10 R 0xB1FF40
0 10 W 0xB1FF40
0 10 R 0xB21F80
0 10 W 0xB21F80
0 10 R 0xB23FC0
0 10 W 0xB23FC0
0 10 R 0xB16000
0 10 W 0xB16000
0 10 R 0xB18040
0 10 W 0xB18040
0 10 R 0xB1A080
0 10 W 0xB1A080
0 10 R 0xB1C0C0
0 10 W 0xB1C0C0
0 10 R 0xB1E100
0 10 W 0xB1E100
0 10 R 0xB20140
0 10 W 0xB20140
0 10 R 0xB22180
0 10 W 0xB22180
0 10 R 0xB241C0
0 10 W 0xB241C0
0 10 R 0xB16200
0 10 W 0xB16200
0 10 R 0xB18240
0 10 W 0xB18240
0 10 R 0xB1A280
0 10 W 0xB1A280
0 10 R 0xB1C2C0
0 10 W 0xB1C2C0
0 10 R 0xB1E300
0 10 W 0xB1E300
0 10 R 0xB20340
0 10 W 0xB20340
0 10 R 0xB22380
0 10 W 0xB22380
0 10 R 0xB243C0
0 10 W 0xB243C0
0 10 R 0xB16400
0 10 W 0xB16400
0 10 R 0xB18440
0 10 W 0xB18440
0 10 R 0xB1A480
0 10 W 0xB1A480
0 10 R 0xB1C4C0
0 10 W 0xB1C4C0
0 10 R 0xB1E500
0 10 W 0xB1E500
0 10 R 0xB20540
0 10 W 0xB20540
0 10 R 0xB22580
0 10 W 0xB22580
0 10 R 0xB245C0
0 10 W 0xB245C0
0 10 R 0xB16600
0 10 W 0xB16600
0 10 R 0xB18640
0 10 W 0xB18640
0 10 R 0xB1A680
0 10 W 0xB1A680
0 10 R 0xB1C6C0
0 10 W 0xB1C6C0
0 10 R 0xB1E700
0 10 W 0xB1E700
0 10 R 0xB20740
0 10 W 0xB20740
0 10 R 0xB22780
0 10 W 0xB22780
0 10 R 0xB247C0
0 10 W 0xB247C0
0 10 R 0xB16800
0 10 W 0xB16800
0 10 R 0xB18840
0 10 W 0xB18840
0 10 R 0xB1A880
0 10 W 0xB1A880
0 10 R 0xB1C8C0
0 10 W 0xB1C8C0
0 10 R 0xB1E900
0 10 W 0xB1E900
0 10 R 0xB20940
0 10 W 0xB20940
0 10 R 0xB22980
0 10 W 0xB22980
0 10 R 0xB249C0
0 10 W 0xB249C0
0 10 R 0xB16A00
0 10 W 0xB16A00
0 10 R 0xB18A40
0 10 W 0xB18A40
0 10 R 0xB1AA80
0 10 W 0xB1AA80
0 10 R 0xB1CAC0
0 10 W 0xB1CAC0
0 10 R 0xB1EB00
0 10 W 0xB1EB00
0 10 R 0xB20B40
0 10 W 0xB20B40
0 10 R 0xB22B80
0 10 W 0xB22B80
0 10 R 0xB24BC0
0 10 W 0xB24BC0
0 10 R 0xB16C00
0 10 W 0xB16C00
0 10 R 0xB18C40
0 10 W 0xB18C40
0 10 R 0xB1AC80
0 10 W 0xB1AC80
0 10 R 0xB1CCC0
0 10 W 0xB1CCC0
0 10 R 0xB1ED00
0 10 W 0xB1ED00
0 10 R 0xB20D40
0 10 W 0xB20D40
0 10 R 0xB22D80
0 10 W 0xB22D80
0 10 R 0xB24DC0
0 10 W 0xB24DC0
0 10 R 0xB16E00
0 10 W 0xB16E00
0 10 R 0xB18E40
0 10 W 0xB18E40
0 10 R 0xB1AE80
0 10 W 0xB1AE80
0 10 R 0xB1CEC0
0 10 W 0xB1CEC0
0 10 R 0xB1EF00
0 10 W 0xB1EF00
0 10 R 0xB20F40
0 10 W 0xB20F40
0 10 R 0xB22F80
0 10 W 0xB22F80
0 10 R 0xB24FC0
0 10 W 0xB24FC0
0 10 R 0xB17000
0 10 W 0xB17000
0 10 R 0xB19040
0 10 W 0xB19040
0 10 R 0xB1B080
0 10 W 0xB1B080
0 10 R 0xB1D0C0
0 10 W 0xB1D0C0
0 10 R 0xB1F100
0 10 W 0xB1F100
0 10 R 0xB21140
0 10 W 0xB21140
0 10 R 0xB23180
0 10 W 0xB23180
0 10 R 0xB251C0
0 10 W 0xB251C0
0 10 R 0xB17200
0 10 W 0xB17200
0 10 R 0xB19240
0 10 W 0xB19240
0 10 R 0xB1B280
0 10 W 0xB1B280
0 10 R 0xB1D2C0
0 10 W 0xB1D2C0
0 10 R 0xB1F300
0 10 W 0xB1F300
0 10 R 0xB21340
0 10 W 0xB21340
0 10 R 0xB23380
0 10 W 0xB23380
0 10 R 0xB253C0
0 10 W 0xB253C0
0 10 R 0xB17400
0 10 W 0xB17400
0 10 R 0xB19440
0 10 W 0xB19440
0 10 R 0xB1B480
0 10 W 0xB1B480
0 10 R 0xB1D4C0
0 10 W 0xB1D4C0
0 10 R 0xB1F500
0 10 W 0xB1F500
0 10 R 0xB21540
0 10 W 0xB21540
0 10 R 0xB23580
0 10 W 0xB23580
0 10 R 0xB255C0
0 10 W 0xB255C0
0 10 R 0xB17600
0 10 W 0xB17600
0 10 R 0xB19640
0 10 W 0xB19640
0 10 R 0xB1B680
0 10 W 0xB1B680
0 10 R 0xB1D6C0
0 10 W 0xB1D6C0
0 10 R 0xB1F700
0 10 W 0xB1F700
0 10 R 0xB21740
0 10 W 0xB21740
0 10 R 0xB23780
0 10 W 0xB23780
0 10 R 0xB257C0
0 10 W 0xB257C0
0 10 R 0xB17800
0 10 W 0xB17800
0 10 R 0xB19840
0 10 W 0xB19840
0 10 R 0xB1B880
0 10 W 0xB1B880
0 10 R 0xB1D8C0
0 10 W 0xB1D8C0
0 10 R 0xB1F900
0 10 W 0xB1F900
0 10 R 0xB21940
0 10 W 0xB21940
0 10 R 0xB23980
0 10 W 0xB23980
0 10 R 0xB259C0
0 10 W 0xB259C0
0 10 R 0xB17A00
0 10 W 0xB17A00
0 10 R 0xB19A40
0 10 W 0xB19A40
0 10 R 0xB1BA80
0 10 W 0xB1BA80
0 10 R 0xB1DAC0
0 10 W 0xB1DAC0
0 10 R 0xB1FB00
0 10 W 0xB1FB00
0 10 R 0xB21B40
0 10 W 0xB21B40
0 10 R 0xB23B80
0 10 W 0xB23B80
0 10 R 0xB25BC0
0 10 W 0xB25BC0
0 10 R 0xB17C00
0 10 W 0xB17C00
0 10 R 0xB19C40
0 10 W 0xB19C40
0 10 R 0xB1BC80
0 10 W 0xB1BC80
0 10 R 0xB1DCC0
0 10 W 0xB1DCC0
0 10 R 0xB1FD00
0 10 W 0xB1FD00
0 10 R 0xB21D40
0 10 W 0xB21D40
0 10 R 0xB23D80
0 10 W 0xB23D80
0 10 R 0xB25DC0
0 10 W 0xB25DC0
0 10 R 0xB17E00
0 10 W 0xB17E00
0 10 R 0xB19E40
0 10 W 0xB19E40
0 10 R 0xB1BE80
0 10 W 0xB1BE80
0 10 R 0xB1DEC0
0 10 W 0xB1DEC0
0 10 R 0xB1FF00
0 10 W 0xB1FF00
0 10 R 0xB21F40
0 10 W 0xB21F40
0 10 R 0xB23F80
0 10 W 0xB23F80
0 10 R 0xB25FC0
0 10 W 0xB25FC0
0 11 R 0xC16000
0 11 W 0xC16000
0 11 R 0xC18040
0 11 W 0xC18040
0 11 R 0xC1A080
0 11 W 0xC1A080
0 11 R 0xC1C0C0
0 11 W 0xC1C0C0
0 11 R 0xC1E100
0 11 W 0xC1E100
0 11 R 0xC20140
0 11 W 0xC20140
0 11 R 0xC22180
0 11 W 0xC22180
0 11 R 0xC241C0
0 11 W 0xC241C0
0 11 R 0xC16200
0 11 W 0xC16200
0 11 R 0xC18240
0 11 W 0xC18240
0 11 R 0xC1A280
0 11 W 0xC1A280
0 11 R 0xC1C2C0
0 11 W 0xC1C2C0
0 11 R 0xC1E300
0 11 W 0xC1E300
0 11 R 0xC20340
0 11 W 0xC20340
0 11 R 0xC22380
0 11 W 0xC22380
0 11 R 0xC243C0
0 11 W 0xC243C0
0 11 R 0xC16400
0 11 W 0xC16400
0 11 R 0xC18440
0 11 W 0xC18440
0 11 R 0xC1A480
0 11 W 0xC1A480
0 11 R 0xC1C4C0
0 11 W 0xC1C4C0
0 11 R 0xC1E500
0 11 W 0xC1E500
0 11 R 0xC20540
0 11 W 0xC20540
0 11 R 0xC22580
0 11 W 0xC22580
0 11 R 0xC245C0
0 11 W 0xC245C0
0 11 R 0xC16600
0 11 W 0xC16600
0 11 R 0xC18640
0 11 W 0xC18640
0 11 R 0xC1A680
0 11 W 0xC1A680
0 11 R 0xC1C6C0
0 11 W 0xC1C6C0
0 11 R 0xC1E700
0 11 W 0xC1E700
0 11 R 0xC20740
0 11 W 0xC20740
0 11 R 0xC22780
0 11 W 0xC22780
0 11 R 0xC247C0
0 11 W 0xC247C0
0 11 R 0xC16800
0 11 W 0xC16800
0 11 R 0xC18840
0 11 W 0xC18840
0 11 R 0xC1A880
0 11 W 0xC1A880
0 11 R 0xC1C8C0
0 11 W 0xC1C8C0
0 11 R 0xC1E900
0 11 W 0xC1E900
0 11 R 0xC20940
0 11 W 0xC20940
0 11 R 0xC22980
0 11 W 0xC22980
0 11 R 0xC249C0
0 11 W 0xC249C0
0 11 R 0xC16A00
0 11 W 0xC16A00
0 11 R 0xC18A40
0 11 W 0xC18A40
0 11 R 0xC1AA80
0 11 W 0xC1AA80
0 11 R 0xC1CAC0
0 11 W 0xC1CAC0
0 11 R 0xC1EB00
0 11 W 0xC1EB00
0 11 R 0xC20B40
0 11 W 0xC20B40
0 11 R 0xC22B80
0 11 W 0xC22B80
0 11 R 0xC24BC0
0 11 W 0xC24BC0
0 11 R 0xC16C00
0 11 W 0xC16C00
0 11 R 0xC18C40
0 11 W 0xC18C40
0 11 R 0xC1AC80
0 11 W 0xC1AC80
0 11 R 0xC1CCC0
0 11 W 0xC1CCC0
0 11 R 0xC1ED00
0 11 W 0xC1ED00
0 11 R 0xC20D40
0 11 W 0xC20D40
0 11 R 0xC22D80
0 11 W 0xC22D80
0 11 R 0xC24DC0
0 11 W 0xC24DC0
0 11 R 0xC16E00
0 11 W 0xC16E00
0 11 R 0xC18E40
0 11 W 0xC18E40
0 11 R 0xC1AE80
0 11 W 0xC1AE80
0 11 R 0xC1CEC0
0 11 W 0xC1CEC0
0 11 R 0xC1EF00
0 11 W 0xC1EF00
0 11 R 0xC20F40
0 11 W 0xC20F40
0 11 R 0xC22F80
0 11 W 0xC22F80
0 11 R 0xC24FC0
0 11 W 0xC24FC0
0 11 R 0xC17000
0 11 W 0xC17000
0 11 R 0xC19040
0 11 W 0xC19040
0 11 R 0xC1B080
0 11 W 0xC1B080
0 11 R 0xC1D0C0
0 11 W 0xC1D0C0
0 11 R 0xC1F100
0 11 W 0xC1F100
0 11 R 0xC21140
0 11 W 0xC21140
0 11 R 0xC23180
0 11 W 0xC23180
0 11 R 0xC251C0
0 11 W 0xC251C0
0 11 R 0xC17200
0 11 W 0xC17200
0 11 R 0xC19240
0 11 W 0xC19240
0 11 R 0xC1B280
0 11 W 0xC1B280
0 11 R 0xC1D2C0
0 11 W 0xC1D2C0
0 11 R 0xC1F300
0 11 W 0xC1F300
0 11 R 0xC21340
0 11 W 0xC21340
0 11 R 0xC23380
0 11 W 0xC23380
0 11 R 0xC253C0
0 11 W 0xC253C0
0 11 R 0xC17400
0 11 W 0xC17400
0 11 R 0xC19440
0 11 W 0xC19440
0 11 R 0xC1B480
0 11 W 0xC1B480
0 11 R 0xC1D4C0
0 11 W 0xC1D4C0
0 11 R 0xC1F500
0 11 W 0xC1F500
0 11 R 0xC21540
0 11 W 0xC21540
0 11 R 0xC23580
0 11 W 0xC23580
0 11 R 0xC255C0
0 11 W 0xC255C0
0 11 R 0xC17600
0 11 W 0xC17600
0 11 R 0xC19640
0 11 W 0xC19640
0 11 R 0xC1B680
0 11 W 0xC1B680
0 11 R 0xC1D6C0
0 11 W 0xC1D6C0
0 11 R 0xC1F700
0 11 W 0xC1F700
0 11 R 0xC21740
0 11 W 0xC21740
0 11 R 0xC23780
0 11 W 0xC23780
0 11 R 0xC257C0
0 11 W 0xC257C0
0 11 R 0xC17800
0 11 W 0xC17800
0 11 R 0xC19840
0 11 W 0xC19840
0 11 R 0xC1B880
0 11 W 0xC1B880
0 11 R 0xC1D8C0
0 11 W 0xC1D8C0
0 11 R 0xC1F900
0 11 W 0xC1F900
0 11 R 0xC21940
0 11 W 0xC21940
0 11 R 0xC23980
0 11 W 0xC23980
0 11 R 0xC259C0
0 11 W 0xC259C0
0 11 R 0xC17A00
0 11 W 0xC17A00
0 11 R 0xC19A40
0 11 W 0xC19A40
0 11 R 0xC1BA80
0 11 W 0xC1BA80
0 11 R 0xC1DAC0
0 11 W 0xC1DAC0
0 11 R 0xC1FB00
0 11 W 0xC1FB00
0 11 R 0xC21B40
0 11 W 0xC21B40
0 11 R 0xC23B80
0 11 W 0xC23B80
0 11 R 0xC25BC0
0 11 W 0xC25BC0
0 11 R 0xC17C00
0 11 W 0xC17C00
0 11 R 0xC19C40
0 11 W 0xC19C40
0 11 R 0xC1BC80
0 11 W 0xC1BC80
0 11 R 0xC1DCC0
0 11 W 0xC1DCC0
0 11 R 0xC1FD00
0 11 W 0xC1FD00
0 11 R 0xC21D40
0 11 W 0xC21D40
0 11 R 0xC23D80
0 11 W 0xC23D80
0 11 R 0xC25DC0
0 11 W 0xC25DC0
0 11 R 0xC17E00
0 11 W 0xC17E00
0 11 R 0xC19E40
0 11 W 0xC19E40
0 11 R 0xC1BE80
0 11 W 0xC1BE80
0 11 R 0xC1DEC0
0 11 W 0xC1DEC0
0 11 R 0xC1FF00
0 11 W 0xC1FF00
0 11 R 0xC21F40
0 11 W 0xC21F40
0 11 R 0xC23F80
0 11 W 0xC23F80
0 11 R 0xC25FC0
0 11 W 0xC25FC0
0 11 R 0xC18000
0 11 W 0xC18000
0 11 R 0xC1A040
0 11 W 0xC1A040
0 11 R 0xC1C080
0 11 W 0xC1C080
0 11 R 0xC1E0C0
0 11 W 0xC1E0C0
0 11 R 0xC20100
0 11 W 0xC20100
0 11 R 0xC22140
0 11 W 0xC22140
0 11 R 0xC24180
0 11 W 0xC24180
0 11 R 0xC261C0
0 11 W 0xC261C0
0 11 R 0xC18200
0 11 W 0xC18200
0 11 R 0xC1A240
0 11 W 0xC1A240
0 11 R 0xC1C280
0 11 W 0xC1C280
0 11 R 0xC1E2C0
0 11 W 0xC1E2C0
0 11 R 0xC20300
0 11 W 0xC20300
0 11 R 0xC22340
0 11 W 0xC22340
0 11 R 0xC24380
0 11 W 0xC24380
0 11 R 0xC263C0
0 11 W 0xC263C0
0 11 R 0xC18400
0 11 W 0xC18400
0 11 R 0xC1A440
0 11 W 0xC1A440
0 11 R 0xC1C480
0 11 W 0xC1C480
0 11 R 0xC1E4C0
0 11 W 0xC1E4C0
0 11 R 0xC20500
0 11 W 0xC20500
0 11 R 0xC22540
0 11 W 0xC22540
0 11 R 0xC24580
0 11 W 0xC24580
0 11 R 0xC265C0
0 11 W 0xC265C0
0 11 R 0xC18600
0 11 W 0xC18600
0 11 R 0xC1A640
0 11 W 0xC1A640
0 11 R 0xC1C680
0 11 W 0xC1C680
0 11 R 0xC1E6C0
0 11 W 0xC1E6C0
0 11 R 0xC20700
0 11 W 0xC20700
0 11 R 0xC22740
0 11 W 0xC22740
0 11 R 0xC24780
0 11 W 0xC24780
0 11 R 0xC267C0
0 11 W 0xC267C0
0 11 R 0xC18800
0 11 W 0xC18800
0 11 R 0xC1A840
0 11 W 0xC1A840
0 11 R 0xC1C880
0 11 W 0xC1C880
0 11 R 0xC1E8C0
0 11 W 0xC1E8C0
0 11 R 0xC20900
0 11 W 0xC20900
0 11 R 0xC22940
0 11 W 0xC22940
0 11 R 0xC24980
0 11 W 0xC24980
0 11 R 0xC269C0
0 11 W 0xC269C0
0 11 R 0xC18A00
0 11 W 0xC18A00
0 11 R 0xC1AA40
0 11 W 0xC1AA40
0 11 R 0xC1CA80
0 11 W 0xC1CA80
0 11 R 0xC1EAC0
0 11 W 0xC1EAC0
0 11 R 0xC20B00
0 11 W 0xC20B00
0 11 R 0xC22B40
0 11 W 0xC22B40
0 11 R 0xC24B80
0 11 W 0xC24B80
0 11 R 0xC26BC0
0 11 W 0xC26BC0
0 11 R 0xC18C00
0 11 W 0xC18C00
0 11 R 0xC1AC40
0 11 W 0xC1AC40
0 11 R 0xC1CC80
0 11 W 0xC1CC80
0 11 R 0xC1ECC0
0 11 W 0xC1ECC0
0 11 R 0xC20D00
0 11 W 0xC20D00
0 11 R 0xC22D40
0 11 W 0xC22D40
0 11 R 0xC24D80
0 11 W 0xC24D80
0 11 R 0xC26DC0
0 11 W 0xC26DC0
0 11 R 0xC18E00
0 11 W 0xC18E00
0 11 R 0xC1AE40
0 11 W 0xC1AE40
0 11 R 0xC1CE80
0 11 W 0xC1CE80
0 11 R 0xC1EEC0
0 11 W 0xC1EEC0
0 11 R 0xC20F00
0 11 W 0xC20F00
0 11 R 0xC22F40
0 11 W 0xC22F40
0 11 R 0xC24F80
0 11 W 0xC24F80
0 11 R 0xC26FC0
0 11 W 0xC26FC0
0 11 R 0xC19000
0 11 W 0xC19000
0 11 R 0xC1B040
0 11 W 0xC1B040
0 11 R 0xC1D080
0 11 W 0xC1D080
0 11 R 0xC1F0C0
0 11 W 0xC1F0C0
0 11 R 0xC21100
0 11 W 0xC21100
0 11 R 0xC23140
0 11 W 0xC23140
0 11 R 0xC25180
0 11 W 0xC25180
0 11 R 0xC271C0
0 11 W 0xC271C0
0 11 R 0xC19200
0 11 W 0xC19200
0 11 R 0xC1B240
0 11 W 0xC1B240
0 11 R 0xC1D280
0 11 W 0xC1D280
0 11 R 0xC1F2C0
0 11 W 0xC1F2C0
0 11 R 0xC21300
0 11 W 0xC21300
0 11 R 0xC23340
0 11 W 0xC23340
0 11 R 0xC25380
0 11 W 0xC25380
0 11 R 0xC273C0
0 11 W 0xC273C0
0 11 R 0xC19400
0 11 W 0xC19400
0 11 R 0xC1B440
0 11 W 0xC1B440
0 11 R 0xC1D480
0 11 W 0xC1D480
0 11 R 0xC1F4C0
0 11 W 0xC1F4C0
0 11 R 0xC21500
0 11 W 0xC21500
0 11 R 0xC23540
0 11 W 0xC23540
0 11 R 0xC25580
0 11 W 0xC25580
0 11 R 0xC275C0
0 11 W 0xC275C0
0 11 R 0xC19600
0 11 W 0xC19600
0 11 R 0xC1B640
0 11 W 0xC1B640
0 11 R 0xC1D680
0 11 W 0xC1D680
0 11 R 0xC1F6C0
0 11 W 0xC1F6C0
0 11 R 0xC21700
0 11 W 0xC21700
0 11 R 0xC23740
0 11 W 0xC23740
0 11 R 0xC25780
0 11 W 0xC25780
0 11 R 0xC277C0
0 11 W 0xC277C0
0 11 R 0xC19800
0 11 W 0xC19800
0 11 R 0xC1B840
0 11 W 0xC1B840
0 11 R 0xC1D880
0 11 W 0xC1D880
0 11 R 0xC1F8C0
0 11 W 0xC1F8C0
0 11 R 0xC21900
0 11 W 0xC21900
0 11 R 0xC23940
0 11 W 0xC23940
0 11 R 0xC25980
0 11 W 0xC25980
0 11 R 0xC279C0
0 11 W 0xC279C0
0 11 R 0xC19A00
0 11 W 0xC19A00
0 11 R 0xC1BA40
0 11 W 0xC1BA40
0 11 R 0xC1DA80
0 11 W 0xC1DA80
0 11 R 0xC1FAC0
0 11 W 0xC1FAC0
0 11 R 0xC21B00
0 11 W 0xC21B00
0 11 R 0xC23B40
0 11 W 0xC23B40
0 11 R 0xC25B80
0 11 W 0xC25B80
0 11 R 0xC27BC0
0 11 W 0xC27BC0
0 11 R 0xC19C00
0 11 W 0xC19C00
0 11 R 0xC1BC40
0 11 W 0xC1BC40
0 11 R 0xC1DC80
0 11 W 0xC1DC80
0 11 R 0xC1FCC0
0 11 W 0xC1FCC0
0 11 R 0xC21D00
0 11 W 0xC21D00
0 11 R 0xC23D40
0 11 W 0xC23D40
0 11 R 0xC25D80
0 11 W 0xC25D80
0 11 R 0xC27DC0
0 11 W 0xC27DC0
0 11 R 0xC19E00
0 11 W 0xC19E00
0 11 R 0xC1BE40
0 11 W 0xC1BE40
0 11 R 0xC1DE80
0 11 W 0xC1DE80
0 11 R 0xC1FEC0
0 11 W 0xC1FEC0
0 11 R 0xC21F00
0 11 W 0xC21F00
0 11 R 0xC23F40
0 11 W 0xC23F40
0 11 R 0xC25F80
0 11 W 0xC25F80
0 11 R 0xC27FC0
0 11 W 0xC27FC0
0 12 R 0xD18000
0 12 W 0xD18000
0 12 R 0xD1A040
0 12 W 0xD1A040
0 12 R 0xD1C080
0 12 W 0xD1C080
0 12 R 0xD1E0C0
0 12 W 0xD1E0C0
0 12 R 0xD20100
0 12 W 0xD20100
0 12 R 0xD22140
0 12 W 0xD22140
0 12 R 0xD24180
0 12 W 0xD24180
0 12 R 0xD261C0
0 12 W 0xD261C0
0 12 R 0xD18200
0 12 W 0xD18200
0 12 R 0xD1A240
0 12 W 0xD1A240
0 12 R 0xD1C280
0 12 W 0xD1C280
0 12 R 0xD1E2C0
0 12 W 0xD1E2C0
0 12 R 0xD20300
0 12 W 0xD20300
0 12 R 0xD22340
0 12 W 0xD22340
0 12 R 0xD24380
0 12 W 0xD24380
0 12 R 0xD263C0
0 12 W 0xD263C0
0 12 R 0xD18400
0 12 W 0xD18400
0 12 R 0xD1A440
0 12 W 0xD1A440
0 12 R 0xD1C480
0 12 W 0xD1C480
0 12 R 0xD1E4C0
0 12 W 0xD1E4C0
0 12 R 0xD20500
0 12 W 0xD20500
0 12 R 0xD22540
0 12 W 0xD22540
0 12 R 0xD24580
0 12 W 0xD24580
0 12 R 0xD265C0
0 12 W 0xD265C0
0 12 R 0xD18600
0 12 W 0xD18600
0 12 R 0xD1A640
0 12 W 0xD1A640
0 12 R 0xD1C680
0 12 W 0xD1C680
0 12 R 0xD1E6C0
0 12 W 0xD1E6C0
0 12 R 0xD20700
0 12 W 0xD20700
0 12 R 0xD22740
0 12 W 0xD22740
0 12 R 0xD24780
0 12 W 0xD24780
0 12 R 0xD267C0
0 12 W 0xD267C0
0 12 R 0xD18800
0 12 W 0xD18800
0 12 R 0xD1A840
0 12 W 0xD1A840
0 12 R 0xD1C880
0 12 W 0xD1C880
0 12 R 0xD1E8C0
0 12 W 0xD1E8C0
0 12 R 0xD20900
0 12 W 0xD20900
0 12 R 0xD22940
0 12 W 0xD22940
0 12 R 0xD24980
0 12 W 0xD24980
0 12 R 0xD269C0
0 12 W 0xD269C0
0 12 R 0xD18A00
0 12 W 0xD18A00
0 12 R 0xD1AA40
0 12 W 0xD1AA40
0 12 R 0xD1CA80
0 12 W 0xD1CA80
0 12 R 0xD1EAC0
0 12 W 0xD1EAC0
0 12 R 0xD20B00
0 12 W 0xD20B00
0 12 R 0xD22B40
0 12 W 0xD22B40
0 12 R 0xD24B80
0 12 W 0xD24B80
0 12 R 0xD26BC0
0 12 W 0xD26BC0
0 12 R 0xD18C00
0 12 W 0xD18C00
0 12 R 0xD1AC40
0 12 W 0xD1AC40
0 12 R 0xD1CC80
0 12 W 0xD1CC80
0 12 R 0xD1ECC0
0 12 W 0xD1ECC0
0 12 R 0xD20D00
0 12 W 0xD20D00
0 12 R 0xD22D40
0 12 W 0xD22D40
0 12 R 0xD24D80
0 12 W 0xD24D80
0 12 R 0xD26DC0
0 12 W 0xD26DC0
0 12 R 0xD18E00
0 12 W 0xD18E00
0 12 R 0xD1AE40
0 12 W 0xD1AE40
0 12 R 0xD1CE80
0 12 W 0xD1CE80
0 12 R 0xD1EEC0
0 12 W 0xD1EEC0
0 12 R 0xD20F00
0 12 W 0xD20F00
0 12 R 0xD22F40
0 12 W 0xD22F40
0 12 R 0xD24F80
0 12 W 0xD24F80
0 12 R 0xD26FC0
0 12 W 0xD26FC0
0 12 R 0xD19000
0 12 W 0xD19000
0 12 R 0xD1B040
0 12 W 0xD1B040
0 12 R 0xD1D080
0 12 W 0xD1D080
0 12 R 0xD1F0C0
0 12 W 0xD1F0C0
0 12 R 0xD21100
0 12 W 0xD21100
0 12 R 0xD23140
0 12 W 0xD23140
0 12 R 0xD25180
0 12 W 0xD25180
0 12 R 0xD271C0
0 12 W 0xD271C0
0 12 R 0xD19200
0 12 W 0xD19200
0 12 R 0xD1B240
0 12 W 0xD1B240
0 12 R 0xD1D280
0 12 W 0xD1D280
0 12 R 0xD1F2C0
0 12 W 0xD1F2C0
0 12 R 0xD21300
0 12 W 0xD21300
0 12 R 0xD23340
0 12 W 0xD23340
0 12 R 0xD25380
0 12 W 0xD25380
0 12 R 0xD273C0
0 12 W 0xD273C0
0 12 R 0xD19400
0 12 W 0xD19400
0 12 R 0xD1B440
0 12 W 0xD1B440
0 12 R 0xD1D480
0 12 W 0xD1D480
0 12 R 0xD1F4C0
0 12 W 0xD1F4C0
0 12 R 0xD21500
0 12 W 0xD21500
0 12 R 0xD23540
0 12 W 0xD23540
0 12 R 0xD25580
0 12 W 0xD25580
0 12 R 0xD275C0
0 12 W 0xD275C0
0 12 R 0xD19600
0 12 W 0xD19600
0 12 R 0xD1B640
0 12 W 0xD1B640
0 12 R 0xD1D680
0 12 W 0xD1D680
0 12 R 0xD1F6C0
0 12 W 0xD1F6C0
0 12 R 0xD21700
0 12 W 0xD21700
0 12 R 0xD23740
0 12 W 0xD23740
0 12 R 0xD25780
0 12 W 0xD25780
0 12 R 0xD277C0
0 12 W 0xD277C0
0 12 R 0xD19800
0 12 W 0xD19800
0 12 R 0xD1B840
0 12 W 0xD1B840
0 12 R 0xD1D880
0 12 W 0xD1D880
0 12 R 0xD1F8C0
0 12 W 0xD1F8C0
0 12 R 0xD21900
0 12 W 0xD21900
0 12 R 0xD23940
0 12 W 0xD23940
0 12 R 0xD25980
0 12 W 0xD25980
0 12 R 0xD279C0
0 12 W 0xD279C0
0 12 R 0xD19A00
0 12 W 0xD19A00
0 12 R 0xD1BA40
0 12 W 0xD1BA40
0 12 R 0xD1DA80
0 12 W 0xD1DA80
0 12 R 0xD1FAC0
0 12 W 0xD1FAC0
0 12 R 0xD21B00
0 12 W 0xD21B00
0 12 R 0xD23B40
0 12 W 0xD23B40
0 12 R 0xD25B80
0 12 W 0xD25B80
0 12 R 0xD27BC0
0 12 W 0xD27BC0
0 12 R 0xD19C00
0 12 W 0xD19C00
0 12 R 0xD1BC40
0 12 W 0xD1BC40
0 12 R 0xD1DC80
0 12 W 0xD1DC80
0 12 R 0xD1FCC0
0 12 W 0xD1FCC0
0 12 R 0xD21D00
0 12 W 0xD21D00
0 12 R 0xD23D40
0 12 W 0xD23D40
0 12 R 0xD25D80
0 12 W 0xD25D80
0 12 R 0xD27DC0
0 12 W 0xD27DC0
0 12 R 0xD19E00
0 12 W 0xD19E00
0 12 R 0xD1BE40
0 12 W 0xD1BE40
0 12 R 0xD1DE80
0 12 W 0xD1DE80
0 12 R 0xD1FEC0
0 12 W 0xD1FEC0
0 12 R 0xD21F00
0 12 W 0xD21F00
0 12 R 0xD23F40
0 12 W 0xD23F40
0 12 R 0xD25F80
0 12 W 0xD25F80
0 12 R 0xD27FC0
0 12 W 0xD27FC0
0 12 R 0xD1A000
0 12 W 0xD1A000
0 12 R 0xD1C040
0 12 W 0xD1C040
0 12 R 0xD1E080
0 12 W 0xD1E080
0 12 R 0xD200C0
0 12 W 0xD200C0
0 12 R 0xD22100
0 12 W 0xD22100
0 12 R 0xD24140
0 12 W 0xD24140
0 12 R 0xD26180
0 12 W 0xD26180
0 12 R 0xD281C0
0 12 W 0xD281C0
0 12 R 0xD1A200
0 12 W 0xD1A200
0 12 R 0xD1C240
0 12 W 0xD1C240
0 12 R 0xD1E280
0 12 W 0xD1E280
0 12 R 0xD202C0
0 12 W 0xD202C0
0 12 R 0xD22300
0 12 W 0xD22300
0 12 R 0xD24340
0 12 W 0xD24340
0 12 R 0xD26380
0 12 W 0xD26380
0 12 R 0xD283C0
0 12 W 0xD283C0
0 12 R 0xD1A400
0 12 W 0xD1A400
0 12 R 0xD1C440
0 12 W 0xD1C440
0 12 R 0xD1E480
0 12 W 0xD1E480
0 12 R 0xD204C0
0 12 W 0xD204C0
0 12 R 0xD22500
0 12 W 0xD22500
0 12 R 0xD24540
0 12 W 0xD24540
0 12 R 0xD26580
0 12 W 0xD26580
0 12 R 0xD285C0
0 12 W 0xD285C0
0 12 R 0xD1A600
0 12 W 0xD1A600
0 12 R 0xD1C640
0 12 W 0xD1C640
0 12 R 0xD1E680
0 12 W 0xD1E680
0 12 R 0xD206C0
0 12 W 0xD206C0
0 12 R 0xD22700
0 12 W 0xD22700
0 12 R 0xD24740
0 12 W 0xD24740
0 12 R 0xD26780
0 12 W 0xD26780
0 12 R 0xD287C0
0 12 W 0xD287C0
0 12 R 0xD1A800
0 12 W 0xD1A800
0 12 R 0xD1C840
0 12 W 0xD1C840
0 12 R 0xD1E880
0 12 W 0xD1E880
0 12 R 0xD208C0
0 12 W 0xD208C0
0 12 R 0xD22900
0 12 W 0xD22900
0 12 R 0xD24940
0 12 W 0xD24940
0 12 R 0xD26980
0 12 W 0xD26980
0 12 R 0xD289C0
0 12 W 0xD289C0
0 12 R 0xD1AA00
0 12 W 0xD1AA00
0 12 R 0xD1CA40
0 12 W 0xD1CA40
0 12 R 0xD1EA80
0 12 W 0xD1EA80
0 12 R 0xD20AC0
0 12 W 0xD20AC0
0 12 R 0xD22B00
0 12 W 0xD22B00
0 12 R 0xD24B40
0 12 W 0xD24B40
0 12 R 0xD26B80
0 12 W 0xD26B80
0 12 R 0xD28BC0
0 12 W 0xD28BC0
0 12 R 0xD1AC00
0 12 W 0xD1AC00
0 12 R 0xD1CC40
0 12 W 0xD1CC40
0 12 R 0xD1EC80
0 12 W 0xD1EC80
0 12 R 0xD20CC0
0 12 W 0xD20CC0
0 12 R 0xD22D00
0 12 W 0xD22D00
0 12 R 0xD24D40
0 12 W 0xD24D40
0 12 R 0xD26D80
0 12 W 0xD26D80
0 12 R 0xD28DC0
0 12 W 0xD28DC0
0 12 R 0xD1AE00
0 12 W 0xD1AE00
0 12 R 0xD1CE40
0 12 W 0xD1CE40
0 12 R 0xD1EE80
0 12 W 0xD1EE80
0 12 R 0xD20EC0
0 12 W 0xD20EC0
0 12 R 0xD22F00
0 12 W 0xD22F00
0 12 R 0xD24F40
0 12 W 0xD24F40
0 12 R 0xD26F80
0 12 W 0xD26F80
0 12 R 0xD28FC0
0 12 W 0xD28FC0
0 12 R 0xD1B000
0 12 W 0xD1B000
0 12 R 0xD1D040
0 12 W 0xD1D040
0 12 R 0xD1F080
0 12 W 0xD1F080
0 12 R 0xD210C0
0 12 W 0xD210C0
0 12 R 0xD23100
0 12 W 0xD23100
0 12 R 0xD25140
0 12 W 0xD25140
0 12 R 0xD27180
0 12 W 0xD27180
0 12 R 0xD291C0
0 12 W 0xD291C0
0 12 R 0xD1B200
0 12 W 0xD1B200
0 12 R 0xD1D240
0 12 W 0xD1D240
0 12 R 0xD1F280
0 12 W 0xD1F280
0 12 R 0xD212C0
0 12 W 0xD212C0
0 12 R 0xD23300
0 12 W 0xD23300
0 12 R 0xD25340
0 12 W 0xD25340
0 12 R 0xD27380
0 12 W 0xD27380
0 12 R 0xD293C0
0 12 W 0xD293C0
0 12 R 0xD1B400
0 12 W 0xD1B400
0 12 R 0xD1D440
0 12 W 0xD1D440
0 12 R 0xD1F480
0 12 W 0xD1F480
0 12 R 0xD214C0
0 12 W 0xD214C0
0 12 R 0xD23500
0 12 W 0xD23500
0 12 R 0xD25540
0 12 W 0xD25540
0 12 R 0xD27580
0 12 W 0xD27580
0 12 R 0xD295C0
0 12 W 0xD295C0
0 12 R 0xD1B600
0 12 W 0xD1B600
0 12 R 0xD1D640
0 12 W 0xD1D640
0 12 R 0xD1F680
0 12 W 0xD1F680
0 12 R 0xD216C0
0 12 W 0xD216C0
0 12 R 0xD23700
0 12 W 0xD23700
0 12 R 0xD25740
0 12 W 0xD25740
0 12 R 0xD27780
0 12 W 0xD27780
0 12 R 0xD297C0
0 12 W 0xD297C0
0 12 R 0xD1B800
0 12 W 0xD1B800
0 12 R 0xD1D840
0 12 W 0xD1D840
0 12 R 0xD1F880
0 12 W 0xD1F880
0 12 R 0xD218C0
0 12 W 0xD218C0
0 12 R 0xD23900
0 12 W 0xD23900
0 12 R 0xD25940
0 12 W 0xD25940
0 12 R 0xD27980
0 12 W 0xD27980
0 12 R 0xD299C0
0 12 W 0xD299C0
0 12 R 0xD1BA00
0 12 W 0xD1BA00
0 12 R 0xD1DA40
0 12 W 0xD1DA40
0 12 R 0xD1FA80
0 12 W 0xD1FA80
0 12 R 0xD21AC0
0 12 W 0xD21AC0
0 12 R 0xD23B00
0 12 W 0xD23B00
0 12 R 0xD25B40
0 12 W 0xD25B40
0 12 R 0xD27B80
0 12 W 0xD27B80
0 12 R 0xD29BC0
0 12 W 0xD29BC0
0 12 R 0xD1BC00
0 12 W 0xD1BC00
0 12 R 0xD1DC40
0 12 W 0xD1DC40
0 12 R 0xD1FC80
0 12 W 0xD1FC80
0 12 R 0xD21CC0
0 12 W 0xD21CC0
0 12 R 0xD23D00
0 12 W 0xD23D00
0 12 R 0xD25D40
0 12 W 0xD25D40
0 12 R 0xD27D80
0 12 W 0xD27D80
0 12 R 0xD29DC0
0 12 W 0xD29DC0
0 12 R 0xD1BE00
0 12 W 0xD1BE00
0 12 R 0xD1DE40
0 12 W 0xD1DE40
0 12 R 0xD1FE80
0 12 W 0xD1FE80
0 12 R 0xD21EC0
0 12 W 0xD21EC0
0 12 R 0xD23F00
0 12 W 0xD23F00
0 12 R 0xD25F40
0 12 W 0xD25F40
0 12 R 0xD27F80
0 12 W 0xD27F80
0 12 R 0xD29FC0
0 12 W 0xD29FC0
0 13 R 0xE1A000
0 13 W 0xE1A000
0 13 R 0xE1C040
0 13 W 0xE1C040
0 13 R 0xE1E080
0 13 W 0xE1E080
0 13 R 0xE200C0
0 13 W 0xE200C0
0 13 R 0xE22100
0 13 W 0xE22100
0 13 R 0xE24140
0 13 W 0xE24140
0 13 R 0xE26180
0 13 W 0xE26180
0 13 R 0xE281C0
0 13 W 0xE281C0
0 13 R 0xE1A200
0 13 W 0xE1A200
0 13 R 0xE1C240
0 13 W 0xE1C240
0 13 R 0xE1E280
0 13 W 0xE1E280
0 13 R 0xE202C0
0 13 W 0xE202C0
0 13 R 0xE22300
0 13 W 0xE22300
0 13 R 0xE24340
0 13 W 0xE24340
0 13 R 0xE26380
0 13 W 0xE26380
0 13 R 0xE283C0
0 13 W 0xE283C0
0 13 R 0xE1A400
0 13 W 0xE1A400
0 13 R 0xE1C440
0 13 W 0xE1C440
0 13 R 0xE1E480
0 13 W 0xE1E480
0 13 R 0xE204C0
0 13 W 0xE204C0
0 13 R 0xE22500
0 13 W 0xE22500
0 13 R 0xE24540
0 13 W 0xE24540
0 13 R 0xE26580
0 13 W 0xE26580
0 13 R 0xE285C0
0 13 W 0xE285C0
0 13 R 0xE1A600
0 13 W 0xE1A600
0 13 R 0xE1C640
0 13 W 0xE1C640
0 13 R 0xE1E680
0 13 W 0xE1E680
0 13 R 0xE206C0
0 13 W 0xE206C0
0 13 R 0xE22700
0 13 W 0xE22700
0 13 R 0xE24740
0 13 W 0xE24740
0 13 R 0xE26780
0 13 W 0xE26780
0 13 R 0xE287C0
0 13 W 0xE287C0
0 13 R 0xE1A800
0 13 W 0xE1A800
0 13 R 0xE1C840
0 13 W 0xE1C840
0 13 R 0xE1E880
0 13 W 0xE1E880
0 13 R 0xE208C0
0 13 W 0xE208C0
0 13 R 0xE22900
0 13 W 0xE22900
0 13 R 0xE24940
0 13 W 0xE24940
0 13 R 0xE26980
0 13 W 0xE26980
0 13 R 0xE289C0
0 13 W 0xE289C0
0 13 R 0xE1AA00
0 13 W 0xE1AA00
0 13 R 0xE1CA40
0 13 W 0xE1CA40
0 13 R 0xE1EA80
0 13 W 0xE1EA80
0 13 R 0xE20AC0
0 13 W 0xE20AC0
0 13 R 0xE22B00
0 13 W 0xE22B00
0 13 R 0xE24B40
0 13 W 0xE24B40
0 13 R 0xE26B80
0 13 W 0xE26B80
0 13 R 0xE28BC0
0 13 W 0xE28BC0
0 13 R 0xE1AC00
0 13 W 0xE1AC00
0 13 R 0xE1CC40
0 13 W 0xE1CC40
0 13 R 0xE1EC80
0 13 W 0xE1EC80
0 13 R 0xE20CC0
0 13 W 0xE20CC0
0 13 R 0xE22D00
0 13 W 0xE22D00
0 13 R 0xE24D40
0 13 W 0xE24D40
0 13 R 0xE26D80
0 13 W 0xE26D80
0 13 R 0xE28DC0
0 13 W 0xE28DC0
0 13 R 0xE1AE00
0 13 W 0xE1AE00
0 13 R 0xE1CE40
0 13 W 0xE1CE40
0 13 R 0xE1EE80
0 13 W 0xE1EE80
0 13 R 0xE20EC0
0 13 W 0xE20EC0
0 13 R 0xE22F00
0 13 W 0xE22F00
0 13 R 0xE24F40
0 13 W 0xE24F40
0 13 R 0xE26F80
0 13 W 0xE26F80
0 13 R 0xE28FC0
0 13 W 0xE28FC0
0 13 R 0xE1B000
0 13 W 0xE1B000
0 13 R 0xE1D040
0 13 W 0xE1D040
0 13 R 0xE1F080
0 13 W 0xE1F080
0 13 R 0xE210C0
0 13 W 0xE210C0
0 13 R 0xE23100
0 13 W 0xE23100
0 13 R 0xE25140
0 13 W 0xE25140
0 13 R 0xE27180
0 13 W 0xE27180
0 13 R 0xE291C0
0 13 W 0xE291C0
0 13 R 0xE1B200
0 13 W 0xE1B200
0 13 R 0xE1D240
0 13 W 0xE1D240
0 13 R 0xE1F280
0 13 W 0xE1F280
0 13 R 0xE212C0
0 13 W 0xE212C0
0 13 R 0xE23300
0 13 W 0xE23300
0 13 R 0xE25340
0 13 W 0xE25340
0 13 R 0xE27380
0 13 W 0xE27380
0 13 R 0xE293C0
0 13 W 0xE293C0
0 13 R 0xE1B400
0 13 W 0xE1B400
0 13 R 0xE1D440
0 13 W 0xE1D440
0 13 R 0xE1F480
0 13 W 0xE1F480
0 13 R 0xE214C0
0 13 W 0xE214C0
0 13 R 0xE23500
0 13 W 0xE23500
0 13 R 0xE25540
0 13 W 0xE25540
0 13 R 0xE27580
0 13 W 0xE27580
0 13 R 0xE295C0
0 13 W 0xE295C0
0 13 R 0xE1B600
0 13 W 0xE1B600
0 13 R 0xE1D640
0 13 W 0xE1D640
0 13 R 0xE1F680
0 13 W 0xE1F680
0 13 R 0xE216C0
0 13 W 0xE216C0
0 13 R 0xE23700
0 13 W 0xE23700
0 13 R 0xE25740
0 13 W 0xE25740
0 13 R 0xE27780
0 13 W 0xE27780
0 13 R 0xE297C0
0 13 W 0xE297C0
0 13 R 0xE1B800
0 13 W 0xE1B800
0 13 R 0xE1D840
0 13 W 0xE1D840
0 13 R 0xE1F880
0 13 W 0xE1F880
0 13 R 0xE218C0
0 13 W 0xE218C0
0 13 R 0xE23900
0 13 W 0xE23900
0 13 R 0xE25940
0 13 W 0xE25940
0 13 R 0xE27980
0 13 W 0xE27980
0 13 R 0xE299C0
0 13 W 0xE299C0
0 13 R 0xE1BA00
0 13 W 0xE1BA00
0 13 R 0xE1DA40
0 13 W 0xE1DA40
0 13 R 0xE1FA80
0 13 W 0xE1FA80
0 13 R 0xE21AC0
0 13 W 0xE21AC0
0 13 R 0xE23B00
0 13 W 0xE23B00
0 13 R 0xE25B40
0 13 W 0xE25B40
0 13 R 0xE27B80
0 13 W 0xE27B80
0 13 R 0xE29BC0
0 13 W 0xE29BC0
0 13 R 0xE1BC00
0 13 W 0xE1BC00
0 13 R 0xE1DC40
0 13 W 0xE1DC40
0 13 R 0xE1FC80
0 13 W 0xE1FC80
0 13 R 0xE21CC0
0 13 W 0xE21CC0
0 13 R 0xE23D00
0 13 W 0xE23D00
0 13 R 0xE25D40
0 13 W 0xE25D40
0 13 R 0xE27D80
0 13 W 0xE27D80
0 13 R 0xE29DC0
0 13 W 0xE29DC0
0 13 R 0xE1BE00
0 13 W 0xE1BE00
0 13 R 0xE1DE40
0 13 W 0xE1DE40
0 13 R 0xE1FE80
0 13 W 0xE1FE80
0 13 R 0xE21EC0
0 13 W 0xE21EC0
0 13 R 0xE23F00
0 13 W 0xE23F00
0 13 R 0xE25F40
0 13 W 0xE25F40
0 13 R 0xE27F80
0 13 W 0xE27F80
0 13 R 0xE29FC0
0 13 W 0xE29FC0
0 13 R 0xE1C000
0 13 W 0xE1C000
0 13 R 0xE1E040
0 13 W 0xE1E040
0 13 R 0xE20080
0 13 W 0xE20080
0 13 R 0xE220C0
0 13 W 0xE220C0
0 13 R 0xE24100
0 13 W 0xE24100
0 13 R 0xE26140
0 13 W 0xE26140
0 13 R 0xE28180
0 13 W 0xE28180
0 13 R 0xE2A1C0
0 13 W 0xE2A1C0
0 13 R 0xE1C200
0 13 W 0xE1C200
0 13 R 0xE1E240
0 13 W 0xE1E240
0 13 R 0xE20280
0 13 W 0xE20280
0 13 R 0xE222C0
0 13 W 0xE222C0
0 13 R 0xE24300
0 13 W 0xE24300
0 13 R 0xE26340
0 13 W 0xE26340
0 13 R 0xE28380
0 13 W 0xE28380
0 13 R 0xE2A3C0
0 13 W 0xE2A3C0
0 13 R 0xE1C400
0 13 W 0xE1C400
0 13 R 0xE1E440
0 13 W 0xE1E440
0 13 R 0xE20480
0 13 W 0xE20480
0 13 R 0xE224C0
0 13 W 0xE224C0
0 13 R 0xE24500
0 13 W 0xE24500
0 13 R 0xE26540
0 13 W 0xE26540
0 13 R 0xE28580
0 13 W 0xE28580
0 13 R 0xE2A5C0
0 13 W 0xE2A5C0
0 13 R 0xE1C600
0 13 W 0xE1C600
0 13 R 0xE1E640
0 13 W 0xE1E640
0 13 R 0xE20680
0 13 W 0xE20680
0 13 R 0xE226C0
0 13 W 0xE226C0
0 13 R 0xE24700
0 13 W 0xE24700
0 13 R 0xE26740
0 13 W 0xE26740
0 13 R 0xE28780
0 13 W 0xE28780
0 13 R 0xE2A7C0
0 13 W 0xE2A7C0
0 13 R 0xE1C800
0 13 W 0xE1C800
0 13 R 0xE1E840
0 13 W 0xE1E840
0 13 R 0xE20880
0 13 W 0xE20880
0 13 R 0xE228C0
0 13 W 0xE228C0
0 13 R 0xE24900
0 13 W 0xE24900
0 13 R 0xE26940
0 13 W 0xE26940
0 13 R 0xE28980
0 13 W 0xE28980
0 13 R 0xE2A9C0
0 13 W 0xE2A9C0
0 13 R 0xE1CA00
0 13 W 0xE1CA00
0 13 R 0xE1EA40
0 13 W 0xE1EA40
0 13 R 0xE20A80
0 13 W 0xE20A80
0 13 R 0xE22AC0
0 13 W 0xE22AC0
0 13 R 0xE24B00
0 13 W 0xE24B00
0 13 R 0xE26B40
0 13 W 0xE26B40
0 13 R 0xE28B80
0 13 W 0xE28B80
0 13 R 0xE2ABC0
0 13 W 0xE2ABC0
0 13 R 0xE1CC00
0 13 W 0xE1CC00
0 13 R 0xE1EC40
0 13 W 0xE1EC40
0 13 R 0xE20C80
0 13 W 0xE20C80
0 13 R 0xE22CC0
0 13 W 0xE22CC0
0 13 R 0xE24D00
0 13 W 0xE24D00
0 13 R 0xE26D40
0 13 W 0xE26D40
0 13 R 0xE28D80
0 13 W 0xE28D80
0 13 R 0xE2ADC0
0 13 W 0xE2ADC0
0 13 R 0xE1CE00
0 13 W 0xE1CE00
0 13 R 0xE1EE40
0 13 W 0xE1EE40
0 13 R 0xE20E80
0 13 W 0xE20E80
0 13 R 0xE22EC0
0 13 W 0xE22EC0
0 13 R 0xE24F00
0 13 W 0xE24F00
0 13 R 0xE26F40
0 13 W 0xE26F40
0 13 R 0xE28F80
0 13 W 0xE28F80
0 13 R 0xE2AFC0
0 13 W 0xE2AFC0
0 13 R 0xE1D000
0 13 W 0xE1D000
0 13 R 0xE1F040
0 13 W 0xE1F040
0 13 R 0xE21080
0 13 W 0xE21080
0 13 R 0xE230C0
0 13 W 0xE230C0
0 13 R 0xE25100
0 13 W 0xE25100
0 13 R 0xE27140
0 13 W 0xE27140
0 13 R 0xE29180
0 13 W 0xE29180
0 13 R 0xE2B1C0
0 13 W 0xE2B1C0
0 13 R 0xE1D200
0 13 W 0xE1D200
0 13 R 0xE1F240
0 13 W 0xE1F240
0 13 R 0xE21280
0 13 W 0xE21280
0 13 R 0xE232C0
0 13 W 0xE232C0
0 13 R 0xE25300
0 13 W 0xE25300
0 13 R 0xE27340
0 13 W 0xE27340
0 13 R 0xE29380
0 13 W 0xE29380
0 13 R 0xE2B3C0
0 13 W 0xE2B3C0
0 13 R 0xE1D400
0 13 W 0xE1D400
0 13 R 0xE1F440
0 13 W 0xE1F440
0 13 R 0xE21480
0 13 W 0xE21480
0 13 R 0xE234C0
0 13 W 0xE234C0
0 13 R 0xE25500
0 13 W 0xE25500
0 13 R 0xE27540
0 13 W 0xE27540
0 13 R 0xE29580
0 13 W 0xE29580
0 13 R 0xE2B5C0
0 13 W 0xE2B5C0
0 13 R 0xE1D600
0 13 W 0xE1D600
0 13 R 0xE1F640
0 13 W 0xE1F640
0 13 R 0xE21680
0 13 W 0xE21680
0 13 R 0xE236C0
0 13 W 0xE236C0
0 13 R 0xE25700
0 13 W 0xE25700
0 13 R 0xE27740
0 13 W 0xE27740
0 13 R 0xE29780
0 13 W 0xE29780
0 13 R 0xE2B7C0
0 13 W 0xE2B7C0
0 13 R 0xE1D800
0 13 W 0xE1D800
0 13 R 0xE1F840
0 13 W 0xE1F840
0 13 R 0xE21880
0 13 W 0xE21880
0 13 R 0xE238C0
0 13 W 0xE238C0
0 13 R 0xE25900
0 13 W 0xE25900
0 13 R 0xE27940
0 13 W 0xE27940
0 13 R 0xE29980
0 13 W 0xE29980
0 13 R 0xE2B9C0
0 13 W 0xE2B9C0
0 13 R 0xE1DA00
0 13 W 0xE1DA00
0 13 R 0xE1FA40
0 13 W 0xE1FA40
0 13 R 0xE21A80
0 13 W 0xE21A80
0 13 R 0xE23AC0
0 13 W 0xE23AC0
0 13 R 0xE25B00
0 13 W 0xE25B00
0 13 R 0xE27B40
0 13 W 0xE27B40
0 13 R 0xE29B80
0 13 W 0xE29B80
0 13 R 0xE2BBC0
0 13 W 0xE2BBC0
0 13 R 0xE1DC00
0 13 W 0xE1DC00
0 13 R 0xE1FC40
0 13 W 0xE1FC40
0 13 R 0xE21C80
0 13 W 0xE21C80
0 13 R 0xE23CC0
0 13 W 0xE23CC0
0 13 R 0xE25D00
0 13 W 0xE25D00
0 13 R 0xE27D40
0 13 W 0xE27D40
0 13 R 0xE29D80
0 13 W 0xE29D80
0 13 R 0xE2BDC0
0 13 W 0xE2BDC0
0 13 R 0xE1DE00
0 13 W 0xE1DE00
0 13 R 0xE1FE40
0 13 W 0xE1FE40
0 13 R 0xE21E80
0 13 W 0xE21E80
0 13 R 0xE23EC0
0 13 W 0xE23EC0
0 13 R 0xE25F00
0 13 W 0xE25F00
0 13 R 0xE27F40
0 13 W 0xE27F40
0 13 R 0xE29F80
0 13 W 0xE29F80
0 13 R 0xE2BFC0
0 13 W 0xE2BFC0
0 14 R 0xF1C000
0 14 W 0xF1C000
0 14 R 0xF1E040
0 14 W 0xF1E040
0 14 R 0xF20080
0 14 W 0xF20080
0 14 R 0xF220C0
0 14 W 0xF220C0
0 14 R 0xF24100
0 14 W 0xF24100
0 14 R 0xF26140
0 14 W 0xF26140
0 14 R 0xF28180
0 14 W 0xF28180
0 14 R 0xF2A1C0
0 14 W 0xF2A1C0
0 14 R 0xF1C200
0 14 W 0xF1C200
0 14 R 0xF1E240
0 14 W 0xF1E240
0 14 R 0xF20280
0 14 W 0xF20280
0 14 R 0xF222C0
0 14 W 0xF222C0
0 14 R 0xF24300
0 14 W 0xF24300
0 14 R 0xF26340
0 14 W 0xF26340
0 14 R 0xF28380
0 14 W 0xF28380
0 14 R 0xF2A3C0
0 14 W 0xF2A3C0
0 14 R 0xF1C400
0 14 W 0xF1C400
0 14 R 0xF1E440
0 14 W 0xF1E440
0 14 R 0xF20480
0 14 W 0xF20480
0 14 R 0xF224C0
0 14 W 0xF224C0
0 14 R 0xF24500
0 14 W 0xF24500
0 14 R 0xF26540
0 14 W 0xF26540
0 14 R 0xF28580
0 14 W 0xF28580
0 14 R 0xF2A5C0
0 14 W 0xF2A5C0
0 14 R 0xF1C600
0 14 W 0xF1C600
0 14 R 0xF1E640
0 14 W 0xF1E640
0 14 R 0xF20680
0 14 W 0xF20680
0 14 R 0xF226C0
0 14 W 0xF226C0
0 14 R 0xF24700
0 14 W 0xF24700
0 14 R 0xF26740
0 14 W 0xF26740
0 14 R 0xF28780
0 14 W 0xF28780
0 14 R 0xF2A7C0
0 14 W 0xF2A7C0
0 14 R 0xF1C800
0 14 W 0xF1C800
0 14 R 0xF1E840
0 14 W 0xF1E840
0 14 R 0xF20880
0 14 W 0xF20880
0 14 R 0xF228C0
0 14 W 0xF228C0
0 14 R 0xF24900
0 14 W 0xF24900
0 14 R 0xF26940
0 14 W 0xF26940
0 14 R 0xF28980
0 14 W 0xF28980
0 14 R 0xF2A9C0
0 14 W 0xF2A9C0
0 14 R 0xF1CA00
0 14 W 0xF1CA00
0 14 R 0xF1EA40
0 14 W 0xF1EA40
0 14 R 0xF20A80
0 14 W 0xF20A80
0 14 R 0xF22AC0
0 14 W 0xF22AC0
0 14 R 0xF24B00
0 14 W 0xF24B00
0 14 R 0xF26B40
0 14 W 0xF26B40
0 14 R 0xF28B80
0 14 W 0xF28B80
0 14 R 0xF2ABC0
0 14 W 0xF2ABC0
0 14 R 0xF1CC00
0 14 W 0xF1CC00
0 14 R 0xF1EC40
0 14 W 0xF1EC40
0 14 R 0xF20C80
0 14 W 0xF20C80
0 14 R 0xF22CC0
0 14 W 0xF22CC0
0 14 R 0xF24D00
0 14 W 0xF24D00
0 14 R 0xF26D40
0 14 W 0xF26D40
0 14 R 0xF28D80
0 14 W 0xF28D80
0 14 R 0xF2ADC0
0 14 W 0xF2ADC0
0 14 R 0xF1CE00
0 14 W 0xF1CE00
0 14 R 0xF1EE40
0 14 W 0xF1EE40
0 14 R 0xF20E80
0 14 W 0xF20E80
0 14 R 0xF22EC0
0 14 W 0xF22EC0
0 14 R 0xF24F00
0 14 W 0xF24F00
0 14 R 0xF26F40
0 14 W 0xF26F40
0 14 R 0xF28F80
0 14 W 0xF28F80
0 14 R 0xF2AFC0
0 14 W 0xF2AFC0
0 14 R 0xF1D000
0 14 W 0xF1D000
0 14 R 0xF1F040
0 14 W 0xF1F040
0 14 R 0xF21080
0 14 W 0xF21080
0 14 R 0xF230C0
0 14 W 0xF230C0
0 14 R 0xF25100
0 14 W 0xF25100
0 14 R 0xF27140
0 14 W 0xF27140
0 14 R 0xF29180
0 14 W 0xF29180
0 14 R 0xF2B1C0
0 14 W 0xF2B1C0
0 14 R 0xF1D200
0 14 W 0xF1D200
0 14 R 0xF1F240
0 14 W 0xF1F240
0 14 R 0xF21280
0 14 W 0xF21280
0 14 R 0xF232C0
0 14 W 0xF232C0
0 14 R 0xF25300
0 14 W 0xF25300
0 14 R 0xF27340
0 14 W 0xF27340
0 14 R 0xF29380
0 14 W 0xF29380
0 14 R 0xF2B3C0
0 14 W 0xF2B3C0
0 14 R 0xF1D400
0 14 W 0xF1D400
0 14 R 0xF1F440
0 14 W 0xF1F440
0 14 R 0xF21480
0 14 W 0xF21480
0 14 R 0xF234C0
0 14 W 0xF234C0
0 14 R 0xF25500
0 14 W 0xF25500
0 14 R 0xF27540
0 14 W 0xF27540
0 14 R 0xF29580
0 14 W 0xF29580
0 14 R 0xF2B5C0
0 14 W 0xF2B5C0
0 14 R 0xF1D600
0 14 W 0xF1D600
0 14 R 0xF1F640
0 14 W 0xF1F640
0 14 R 0xF21680
0 14 W 0xF21680
0 14 R 0xF236C0
0 14 W 0xF236C0
0 14 R 0xF25700
0 14 W 0xF25700
0 14 R 0xF27740
0 14 W 0xF27740
0 14 R 0xF29780
0 14 W 0xF29780
0 14 R 0xF2B7C0
0 14 W 0xF2B7C0
0 14 R 0xF1D800
0 14 W 0xF1D800
0 14 R 0xF1F840
0 14 W 0xF1F840
0 14 R 0xF21880
0 14 W 0xF21880
0 14 R 0xF238C0
0 14 W 0xF238C0
0 14 R 0xF25900
0 14 W 0xF25900
0 14 R 0xF27940
0 14 W 0xF27940
0 14 R 0xF29980
0 14 W 0xF29980
0 14 R 0xF2B9C0
0 14 W 0xF2B9C0
0 14 R 0xF1DA00
0 14 W 0xF1DA00
0 14 R 0xF1FA40
0 14 W 0xF1FA40
0 14 R 0xF21A80
0 14 W 0xF21A80
0 14 R 0xF23AC0
0 14 W 0xF23AC0
0 14 R 0xF25B00
0 14 W 0xF25B00
0 14 R 0xF27B40
0 14 W 0xF27B40
0 14 R 0xF29B80
0 14 W 0xF29B80
0 14 R 0xF2BBC0
0 14 W 0xF2BBC0
0 14 R 0xF1DC00
0 14 W 0xF1DC00
0 14 R 0xF1FC40
0 14 W 0xF1FC40
0 14 R 0xF21C80
0 14 W 0xF21C80
0 14 R 0xF23CC0
0 14 W 0xF23CC0
0 14 R 0xF25D00
0 14 W 0xF25D00
0 14 R 0xF27D40
0 14 W 0xF27D40
0 14 R 0xF29D80
0 14 W 0xF29D80
0 14 R 0xF2BDC0
0 14 W 0xF2BDC0
0 14 R 0xF1DE00
0 14 W 0xF1DE00
0 14 R 0xF1FE40
0 14 W 0xF1FE40
0 14 R 0xF21E80
0 14 W 0xF21E80
0 14 R 0xF23EC0
0 14 W 0xF23EC0
0 14 R 0xF25F00
0 14 W 0xF25F00
0 14 R 0xF27F40
0 14 W 0xF27F40
0 14 R 0xF29F80
0 14 W 0xF29F80
0 14 R 0xF2BFC0
0 14 W 0xF2BFC0
0 14 R 0xF1E000
0 14 W 0xF1E000
0 14 R 0xF20040
0 14 W 0xF20040
0 14 R 0xF22080
0 14 W 0xF22080
0 14 R 0xF240C0
0 14 W 0xF240C0
0 14 R 0xF26100
0 14 W 0xF26100
0 14 R 0xF28140
0 14 W 0xF28140
0 14 R 0xF2A180
0 14 W 0xF2A180
0 14 R 0xF2C1C0
0 14 W 0xF2C1C0
0 14 R 0xF1E200
0 14 W 0xF1E200
0 14 R 0xF20240
0 14 W 0xF20240
0 14 R 0xF22280
0 14 W 0xF22280
0 14 R 0xF242C0
0 14 W 0xF242C0
0 14 R 0xF26300
0 14 W 0xF26300
0 14 R 0xF28340
0 14 W 0xF28340
0 14 R 0xF2A380
0 14 W 0xF2A380
0 14 R 0xF2C3C0
0 14 W 0xF2C3C0
0 14 R 0xF1E400
0 14 W 0xF1E400
0 14 R 0xF20440
0 14 W 0xF20440
0 14 R 0xF22480
0 14 W 0xF22480
0 14 R 0xF244C0
0 14 W 0xF244C0
0 14 R 0xF26500
0 14 W 0xF26500
0 14 R 0xF28540
0 14 W 0xF28540
0 14 R 0xF2A580
0 14 W 0xF2A580
0 14 R 0xF2C5C0
0 14 W 0xF2C5C0
0 14 R 0xF1E600
0 14 W 0xF1E600
0 14 R 0xF20640
0 14 W 0xF20640
0 14 R 0xF22680
0 14 W 0xF22680
0 14 R 0xF246C0
0 14 W 0xF246C0
0 14 R 0xF26700
0 14 W 0xF26700
0 14 R 0xF28740
0 14 W 0xF28740
0 14 R 0xF2A780
0 14 W 0xF2A780
0 14 R 0xF2C7C0
0 14 W 0xF2C7C0
0 14 R 0xF1E800
0 14 W 0xF1E800
0 14 R 0xF20840
0 14 W 0xF20840
0 14 R 0xF22880
0 14 W 0xF22880
0 14 R 0xF248C0
0 14 W 0xF248C0
0 14 R 0xF26900
0 14 W 0xF26900
0 14 R 0xF28940
0 14 W 0xF28940
0 14 R 0xF2A980
0 14 W 0xF2A980
0 14 R 0xF2C9C0
0 14 W 0xF2C9C0
0 14 R 0xF1EA00
0 14 W 0xF1EA00
0 14 R 0xF20A40
0 14 W 0xF20A40
0 14 R 0xF22A80
0 14 W 0xF22A80
0 14 R 0xF24AC0
0 14 W 0xF24AC0
0 14 R 0xF26B00
0 14 W 0xF26B00
0 14 R 0xF28B40
0 14 W 0xF28B40
0 14 R 0xF2AB80
0 14 W 0xF2AB80
0 14 R 0xF2CBC0
0 14 W 0xF2CBC0
0 14 R 0xF1EC00
0 14 W 0xF1EC00
0 14 R 0xF20C40
0 14 W 0xF20C40
0 14 R 0xF22C80
0 14 W 0xF22C80
0 14 R 0xF24CC0
0 14 W 0xF24CC0
0 14 R 0xF26D00
0 14 W 0xF26D00
0 14 R 0xF28D40
0 14 W 0xF28D40
0 14 R 0xF2AD80
0 14 W 0xF2AD80
0 14 R 0xF2CDC0
0 14 W 0xF2CDC0
0 14 R 0xF1EE00
0 14 W 0xF1EE00
0 14 R 0xF20E40
0 14 W 0xF20E40
0 14 R 0xF22E80
0 14 W 0xF22E80
0 14 R 0xF24EC0
0 14 W 0xF24EC0
0 14 R 0xF26F00
0 14 W 0xF26F00
0 14 R 0xF28F40
0 14 W 0xF28F40
0 14 R 0xF2AF80
0 14 W 0xF2AF80
0 14 R 0xF2CFC0
0 14 W 0xF2CFC0
0 14 R 0xF1F000
0 14 W 0xF1F000
0 14 R 0xF21040
0 14 W 0xF21040
0 14 R 0xF23080
0 14 W 0xF23080
0 14 R 0xF250C0
0 14 W 0xF250C0
0 14 R 0xF27100
0 14 W 0xF27100
0 14 R 0xF29140
0 14 W 0xF29140
0 14 R 0xF2B180
0 14 W 0xF2B180
0 14 R 0xF2D1C0
0 14 W 0xF2D1C0
0 14 R 0xF1F200
0 14 W 0xF1F200
0 14 R 0xF21240
0 14 W 0xF21240
0 14 R 0xF23280
0 14 W 0xF23280
0 14 R 0xF252C0
0 14 W 0xF252C0
0 14 R 0xF27300
0 14 W 0xF27300
0 14 R 0xF29340
0 14 W 0xF29340
0 14 R 0xF2B380
0 14 W 0xF2B380
0 14 R 0xF2D3C0
0 14 W 0xF2D3C0
0 14 R 0xF1F400
0 14 W 0xF1F400
0 14 R 0xF21440
0 14 W 0xF21440
0 14 R 0xF23480
0 14 W 0xF23480
0 14 R 0xF254C0
0 14 W 0xF254C0
0 14 R 0xF27500
0 14 W 0xF27500
0 14 R 0xF29540
0 14 W 0xF29540
0 14 R 0xF2B580
0 14 W 0xF2B580
0 14 R 0xF2D5C0
0 14 W 0xF2D5C0
0 14 R 0xF1F600
0 14 W 0xF1F600
0 14 R 0xF21640
0 14 W 0xF21640
0 14 R 0xF23680
0 14 W 0xF23680
0 14 R 0xF256C0
0 14 W 0xF256C0
0 14 R 0xF27700
0 14 W 0xF27700
0 14 R 0xF29740
0 14 W 0xF29740
0 14 R 0xF2B780
0 14 W 0xF2B780
0 14 R 0xF2D7C0
0 14 W 0xF2D7C0
0 14 R 0xF1F800
0 14 W 0xF1F800
0 14 R 0xF21840
0 14 W 0xF21840
0 14 R 0xF23880
0 14 W 0xF23880
0 14 R 0xF258C0
0 14 W 0xF258C0
0 14 R 0xF27900
0 14 W 0xF27900
0 14 R 0xF29940
0 14 W 0xF29940
0 14 R 0xF2B980
0 14 W 0xF2B980
0 14 R 0xF2D9C0
0 14 W 0xF2D9C0
0 14 R 0xF1FA00
0 14 W 0xF1FA00
0 14 R 0xF21A40
0 14 W 0xF21A40
0 14 R 0xF23A80
0 14 W 0xF23A80
0 14 R 0xF25AC0
0 14 W 0xF25AC0
0 14 R 0xF27B00
0 14 W 0xF27B00
0 14 R 0xF29B40
0 14 W 0xF29B40
0 14 R 0xF2BB80
0 14 W 0xF2BB80
0 14 R 0xF2DBC0
0 14 W 0xF2DBC0
0 14 R 0xF1FC00
0 14 W 0xF1FC00
0 14 R 0xF21C40
0 14 W 0xF21C40
0 14 R 0xF23C80
0 14 W 0xF23C80
0 14 R 0xF25CC0
0 14 W 0xF25CC0
0 14 R 0xF27D00
0 14 W 0xF27D00
0 14 R 0xF29D40
0 14 W 0xF29D40
0 14 R 0xF2BD80
0 14 W 0xF2BD80
0 14 R 0xF2DDC0
0 14 W 0xF2DDC0
0 14 R 0xF1FE00
0 14 W 0xF1FE00
0 14 R 0xF21E40
0 14 W 0xF21E40
0 14 R 0xF23E80
0 14 W 0xF23E80
0 14 R 0xF25EC0
0 14 W 0xF25EC0
0 14 R 0xF27F00
0 14 W 0xF27F00
0 14 R 0xF29F40
0 14 W 0xF29F40
0 14 R 0xF2BF80
0 14 W 0xF2BF80
0 14 R 0xF2DFC0
0 14 W 0xF2DFC0
0 15 R 0x101E000
0 15 W 0x101E000
0 15 R 0x1020040
0 15 W 0x1020040
0 15 R 0x1022080
0 15 W 0x1022080
0 15 R 0x10240C0
0 15 W 0x10240C0
0 15 R 0x1026100
0 15 W 0x1026100
0 15 R 0x1028140
0 15 W 0x1028140
0 15 R 0x102A180
0 15 W 0x102A180
0 15 R 0x102C1C0
0 15 W 0x102C1C0
0 15 R 0x101E200
0 15 W 0x101E200
0 15 R 0x1020240
0 15 W 0x1020240
0 15 R 0x1022280
0 15 W 0x1022280
0 15 R 0x10242C0
0 15 W 0x10242C0
0 15 R 0x1026300
0 15 W 0x1026300
0 15 R 0x1028340
0 15 W 0x1028340
0 15 R 0x102A380
0 15 W 0x102A380
0 15 R 0x102C3C0
0 15 W 0x102C3C0
0 15 R 0x101E400
0 15 W 0x101E400
0 15 R 0x1020440
0 15 W 0x1020440
0 15 R 0x1022480
0 15 W 0x1022480
0 15 R 0x10244C0
0 15 W 0x10244C0
0 15 R 0x1026500
0 15 W 0x1026500
0 15 R 0x1028540
0 15 W 0x1028540
0 15 R 0x102A580
0 15 W 0x102A580
0 15 R 0x102C5C0
0 15 W 0x102C5C0
0 15 R 0x101E600
0 15 W 0x101E600
0 15 R 0x1020640
0 15 W 0x1020640
0 15 R 0x1022680
0 15 W 0x1022680
0 15 R 0x10246C0
0 15 W 0x10246C0
0 15 R 0x1026700
0 15 W 0x1026700
0 15 R 0x1028740
0 15 W 0x1028740
0 15 R 0x102A780
0 15 W 0x102A780
0 15 R 0x102C7C0
0 15 W 0x102C7C0
0 15 R 0x101E800
0 15 W 0x101E800
0 15 R 0x1020840
0 15 W 0x1020840
0 15 R 0x1022880
0 15 W 0x1022880
0 15 R 0x10248C0
0 15 W 0x10248C0
0 15 R 0x1026900
0 15 W 0x1026900
0 15 R 0x1028940
0 15 W 0x1028940
0 15 R 0x102A980
0 15 W 0x102A980
0 15 R 0x102C9C0
0 15 W 0x102C9C0
0 15 R 0x101EA00
0 15 W 0x101EA00
0 15 R 0x1020A40
0 15 W 0x1020A40
0 15 R 0x1022A80
0 15 W 0x1022A80
0 15 R 0x1024AC0
0 15 W 0x1024AC0
0 15 R 0x1026B00
0 15 W 0x1026B00
0 15 R 0x1028B40
0 15 W 0x1028B40
0 15 R 0x102AB80
0 15 W 0x102AB80
0 15 R 0x102CBC0
0 15 W 0x102CBC0
0 15 R 0x101EC00
0 15 W 0x101EC00
0 15 R 0x1020C40
0 15 W 0x1020C40
0 15 R 0x1022C80
0 15 W 0x1022C80
0 15 R 0x1024CC0
0 15 W 0x1024CC0
0 15 R 0x1026D00
0 15 W 0x1026D00
0 15 R 0x1028D40
0 15 W 0x1028D40
0 15 R 0x102AD80
0 15 W 0x102AD80
0 15 R 0x102CDC0
0 15 W 0x102CDC0
0 15 R 0x101EE00
0 15 W 0x101EE00
0 15 R 0x1020E40
0 15 W 0x1020E40
0 15 R 0x1022E80
0 15 W 0x1022E80
0 15 R 0x1024EC0
0 15 W 0x1024EC0
0 15 R 0x1026F00
0 15 W 0x1026F00
0 15 R 0x1028F40
0 15 W 0x1028F40
0 15 R 0x102AF80
0 15 W 0x102AF80
0 15 R 0x102CFC0
0 15 W 0x102CFC0
0 15 R 0x101F000
0 15 W 0x101F000
0 15 R 0x1021040
0 15 W 0x1021040
0 15 R 0x1023080
0 15 W 0x1023080
0 15 R 0x10250C0
0 15 W 0x10250C0
0 15 R 0x1027100
0 15 W 0x1027100
0 15 R 0x1029140
0 15 W 0x1029140
0 15 R 0x102B180
0 15 W 0x102B180
0 15 R 0x102D1C0
0 15 W 0x102D1C0
0 15 R 0x101F200
0 15 W 0x101F200
0 15 R 0x1021240
0 15 W 0x1021240
0 15 R 0x1023280
0 15 W 0x1023280
0 15 R 0x10252C0
0 15 W 0x10252C0
0 15 R 0x1027300
0 15 W 0x1027300
0 15 R 0x1029340
0 15 W 0x1029340
0 15 R 0x102B380
0 15 W 0x102B380
0 15 R 0x102D3C0
0 15 W 0x102D3C0
0 15 R 0x101F400
0 15 W 0x101F400
0 15 R 0x1021440
0 15 W 0x1021440
0 15 R 0x1023480
0 15 W 0x1023480
0 15 R 0x10254C0
0 15 W 0x10254C0
0 15 R 0x1027500
0 15 W 0x1027500
0 15 R 0x1029540
0 15 W 0x1029540
0 15 R 0x102B580
0 15 W 0x102B580
0 15 R 0x102D5C0
0 15 W 0x102D5C0
0 15 R 0x101F600
0 15 W 0x101F600
0 15 R 0x1021640
0 15 W 0x1021640
0 15 R 0x1023680
0 15 W 0x1023680
0 15 R 0x10256C0
0 15 W 0x10256C0
0 15 R 0x1027700
0 15 W 0x1027700
0 15 R 0x1029740
0 15 W 0x1029740
0 15 R 0x102B780
0 15 W 0x102B780
0 15 R 0x102D7C0
0 15 W 0x102D7C0
0 15 R 0x101F800
0 15 W 0x101F800
0 15 R 0x1021840
0 15 W 0x1021840
0 15 R 0x1023880
0 15 W 0x1023880
0 15 R 0x10258C0
0 15 W 0x10258C0
0 15 R 0x1027900
0 15 W 0x1027900
0 15 R 0x1029940
0 15 W 0x1029940
0 15 R 0x102B980
0 15 W 0x102B980
0 15 R 0x102D9C0
0 15 W 0x102D9C0
0 15 R 0x101FA00
0 15 W 0x101FA00
0 15 R 0x1021A40
0 15 W 0x1021A40
0 15 R 0x1023A80
0 15 W 0x1023A80
0 15 R 0x1025AC0
0 15 W 0x1025AC0
0 15 R 0x1027B00
0 15 W 0x1027B00
0 15 R 0x1029B40
0 15 W 0x1029B40
0 15 R 0x102BB80
0 15 W 0x102BB80
0 15 R 0x102DBC0
0 15 W 0x102DBC0
0 15 R 0x101FC00
0 15 W 0x101FC00
0 15 R 0x1021C40
0 15 W 0x1021C40
0 15 R 0x1023C80
0 15 W 0x1023C80
0 15 R 0x1025CC0
0 15 W 0x1025CC0
0 15 R 0x1027D00
0 15 W 0x1027D00
0 15 R 0x1029D40
0 15 W 0x1029D40
0 15 R 0x102BD80
0 15 W 0x102BD80
0 15 R 0x102DDC0
0 15 W 0x102DDC0
0 15 R 0x101FE00
0 15 W 0x101FE00
0 15 R 0x1021E40
0 15 W 0x1021E40
0 15 R 0x1023E80
0 15 W 0x1023E80
0 15 R 0x1025EC0
0 15 W 0x1025EC0
0 15 R 0x1027F00
0 15 W 0x1027F00
0 15 R 0x1029F40
0 15 W 0x1029F40
0 15 R 0x102BF80
0 15 W 0x102BF80
0 15 R 0x102DFC0
0 15 W 0x102DFC0
0 15 R 0x1020000
0 15 W 0x1020000
0 15 R 0x1022040
0 15 W 0x1022040
0 15 R 0x1024080
0 15 W 0x1024080
0 15 R 0x10260C0
0 15 W 0x10260C0
0 15 R 0x1028100
0 15 W 0x1028100
0 15 R 0x102A140
0 15 W 0x102A140
0 15 R 0x102C180
0 15 W 0x102C180
0 15 R 0x102E1C0
0 15 W 0x102E1C0
0 15 R 0x1020200
0 15 W 0x1020200
0 15 R 0x1022240
0 15 W 0x1022240
0 15 R 0x1024280
0 15 W 0x1024280
0 15 R 0x10262C0
0 15 W 0x10262C0
0 15 R 0x1028300
0 15 W 0x1028300
0 15 R 0x102A340
0 15 W 0x102A340
0 15 R 0x102C380
0 15 W 0x102C380
0 15 R 0x102E3C0
0 15 W 0x102E3C0
0 15 R 0x1020400
0 15 W 0x1020400
0 15 R 0x1022440
0 15 W 0x1022440
0 15 R 0x1024480
0 15 W 0x1024480
0 15 R 0x10264C0
0 15 W 0x10264C0
0 15 R 0x1028500
0 15 W 0x1028500
0 15 R 0x102A540
0 15 W 0x102A540
0 15 R 0x102C580
0 15 W 0x102C580
0 15 R 0x102E5C0
0 15 W 0x102E5C0
0 15 R 0x1020600
0 15 W 0x1020600
0 15 R 0x1022640
0 15 W 0x1022640
0 15 R 0x1024680
0 15 W 0x1024680
0 15 R 0x10266C0
0 15 W 0x10266C0
0 15 R 0x1028700
0 15 W 0x1028700
0 15 R 0x102A740
0 15 W 0x102A740
0 15 R 0x102C780
0 15 W 0x102C780
0 15 R 0x102E7C0
0 15 W 0x102E7C0
0 15 R 0x1020800
0 15 W 0x1020800
0 15 R 0x1022840
0 15 W 0x1022840
0 15 R 0x1024880
0 15 W 0x1024880
0 15 R 0x10268C0
0 15 W 0x10268C0
0 15 R 0x1028900
0 15 W 0x1028900
0 15 R 0x102A940
0 15 W 0x102A940
0 15 R 0x102C980
0 15 W 0x102C980
0 15 R 0x102E9C0
0 15 W 0x102E9C0
0 15 R 0x1020A00
0 15 W 0x1020A00
0 15 R 0x1022A40
0 15 W 0x1022A40
0 15 R 0x1024A80
0 15 W 0x1024A80
0 15 R 0x1026AC0
0 15 W 0x1026AC0
0 15 R 0x1028B00
0 15 W 0x1028B00
0 15 R 0x102AB40
0 15 W 0x102AB40
0 15 R 0x102CB80
0 15 W 0x102CB80
0 15 R 0x102EBC0
0 15 W 0x102EBC0
0 15 R 0x1020C00
0 15 W 0x1020C00
0 15 R 0x1022C40
0 15 W 0x1022C40
0 15 R 0x1024C80
0 15 W 0x1024C80
0 15 R 0x1026CC0
0 15 W 0x1026CC0
0 15 R 0x1028D00
0 15 W 0x1028D00
0 15 R 0x102AD40
0 15 W 0x102AD40
0 15 R 0x102CD80
0 15 W 0x102CD80
0 15 R 0x102EDC0
0 15 W 0x102EDC0
0 15 R 0x1020E00
0 15 W 0x1020E00
0 15 R 0x1022E40
0 15 W 0x1022E40
0 15 R 0x1024E80
0 15 W 0x1024E80
0 15 R 0x1026EC0
0 15 W 0x1026EC0
0 15 R 0x1028F00
0 15 W 0x1028F00
0 15 R 0x102AF40
0 15 W 0x102AF40
0 15 R 0x102CF80
0 15 W 0x102CF80
0 15 R 0x102EFC0
0 15 W 0x102EFC0
0 15 R 0x1021000
0 15 W 0x1021000
0 15 R 0x1023040
0 15 W 0x1023040
0 15 R 0x1025080
0 15 W 0x1025080
0 15 R 0x10270C0
0 15 W 0x10270C0
0 15 R 0x1029100
0 15 W 0x1029100
0 15 R 0x102B140
0 15 W 0x102B140
0 15 R 0x102D180
0 15 W 0x102D180
0 15 R 0x102F1C0
0 15 W 0x102F1C0
0 15 R 0x1021200
0 15 W 0x1021200
0 15 R 0x1023240
0 15 W 0x1023240
0 15 R 0x1025280
0 15 W 0x1025280
0 15 R 0x10272C0
0 15 W 0x10272C0
0 15 R 0x1029300
0 15 W 0x1029300
0 15 R 0x102B340
0 15 W 0x102B340
0 15 R 0x102D380
0 15 W 0x102D380
0 15 R 0x102F3C0
0 15 W 0x102F3C0
0 15 R 0x1021400
0 15 W 0x1021400
0 15 R 0x1023440
0 15 W 0x1023440
0 15 R 0x1025480
0 15 W 0x1025480
0 15 R 0x10274C0
0 15 W 0x10274C0
0 15 R 0x1029500
0 15 W 0x1029500
0 15 R 0x102B540
0 15 W 0x102B540
0 15 R 0x102D580
0 15 W 0x102D580
0 15 R 0x102F5C0
0 15 W 0x102F5C0
0 15 R 0x1021600
0 15 W 0x1021600
0 15 R 0x1023640
0 15 W 0x1023640
0 15 R 0x1025680
0 15 W 0x1025680
0 15 R 0x10276C0
0 15 W 0x10276C0
0 15 R 0x1029700
0 15 W 0x1029700
0 15 R 0x102B740
0 15 W 0x102B740
0 15 R 0x102D780
0 15 W 0x102D780
0 15 R 0x102F7C0
0 15 W 0x102F7C0
0 15 R 0x1021800
0 15 W 0x1021800
0 15 R 0x1023840
0 15 W 0x1023840
0 15 R 0x1025880
0 15 W 0x1025880
0 15 R 0x10278C0
0 15 W 0x10278C0
0 15 R 0x1029900
0 15 W 0x1029900
0 15 R 0x102B940
0 15 W 0x102B940
0 15 R 0x102D980
0 15 W 0x102D980
0 15 R 0x102F9C0
0 15 W 0x102F9C0
0 15 R 0x1021A00
0 15 W 0x1021A00
0 15 R 0x1023A40
0 15 W 0x1023A40
0 15 R 0x1025A80
0 15 W 0x1025A80
0 15 R 0x1027AC0
0 15 W 0x1027AC0
0 15 R 0x1029B00
0 15 W 0x1029B00
0 15 R 0x102BB40
0 15 W 0x102BB40
0 15 R 0x102DB80
0 15 W 0x102DB80
0 15 R 0x102FBC0
0 15 W 0x102FBC0
0 15 R 0x1021C00
0 15 W 0x1021C00
0 15 R 0x1023C40
0 15 W 0x1023C40
0 15 R 0x1025C80
0 15 W 0x1025C80
0 15 R 0x1027CC0
0 15 W 0x1027CC0
0 15 R 0x1029D00
0 15 W 0x1029D00
0 15 R 0x102BD40
0 15 W 0x102BD40
0 15 R 0x102DD80
0 15 W 0x102DD80
0 15 R 0x102FDC0
0 15 W 0x102FDC0
0 15 R 0x1021E00
0 15 W 0x1021E00
0 15 R 0x1023E40
0 15 W 0x1023E40
0 15 R 0x1025E80
0 15 W 0x1025E80
0 15 R 0x1027EC0
0 15 W 0x1027EC0
0 15 R 0x1029F00
0 15 W 0x1029F00
0 15 R 0x102BF40
0 15 W 0x102BF40
0 15 R 0x102DF80
0 15 W 0x102DF80
0 15 R 0x102FFC0
0 15 W 0x102FFC0
