# read-mostly sharing -- isolates the S state
# 16 cores read a shared 64-line table; core 0 rewrites
# one line every few passes.
# MI: every read takes the line exclusively -> continuous ping-pong.
# MSI and richer: readers coexist in S and hit.

0 0 W 0x4000000
0 0 R 0x4002040
0 0 R 0x4004080
0 0 R 0x40060C0
0 0 R 0x4008100
0 0 R 0x400A140
0 0 R 0x400C180
0 0 R 0x400E1C0
0 0 R 0x4000200
0 0 R 0x4002240
0 0 R 0x4004280
0 0 R 0x40062C0
0 0 R 0x4008300
0 0 R 0x400A340
0 0 R 0x400C380
0 0 R 0x400E3C0
0 0 W 0x4000400
0 0 R 0x4002440
0 0 R 0x4004480
0 0 R 0x40064C0
0 0 R 0x4008500
0 0 R 0x400A540
0 0 R 0x400C580
0 0 R 0x400E5C0
0 0 R 0x4000600
0 0 R 0x4002640
0 0 R 0x4004680
0 0 R 0x40066C0
0 0 R 0x4008700
0 0 R 0x400A740
0 0 R 0x400C780
0 0 R 0x400E7C0
0 0 W 0x4000800
0 0 R 0x4002840
0 0 R 0x4004880
0 0 R 0x40068C0
0 0 R 0x4008900
0 0 R 0x400A940
0 0 R 0x400C980
0 0 R 0x400E9C0
0 0 R 0x4000A00
0 0 R 0x4002A40
0 0 R 0x4004A80
0 0 R 0x4006AC0
0 0 R 0x4008B00
0 0 R 0x400AB40
0 0 R 0x400CB80
0 0 R 0x400EBC0
0 0 W 0x4000C00
0 0 R 0x4002C40
0 0 R 0x4004C80
0 0 R 0x4006CC0
0 0 R 0x4008D00
0 0 R 0x400AD40
0 0 R 0x400CD80
0 0 R 0x400EDC0
0 0 R 0x4000E00
0 0 R 0x4002E40
0 0 R 0x4004E80
0 0 R 0x4006EC0
0 0 R 0x4008F00
0 0 R 0x400AF40
0 0 R 0x400CF80
0 0 R 0x400EFC0
0 0 R 0x4000000
0 0 R 0x4002040
0 0 R 0x4004080
0 0 R 0x40060C0
0 0 R 0x4008100
0 0 R 0x400A140
0 0 R 0x400C180
0 0 R 0x400E1C0
0 0 R 0x4000200
0 0 R 0x4002240
0 0 R 0x4004280
0 0 R 0x40062C0
0 0 R 0x4008300
0 0 R 0x400A340
0 0 R 0x400C380
0 0 R 0x400E3C0
0 0 R 0x4000400
0 0 R 0x4002440
0 0 R 0x4004480
0 0 R 0x40064C0
0 0 R 0x4008500
0 0 R 0x400A540
0 0 R 0x400C580
0 0 R 0x400E5C0
0 0 R 0x4000600
0 0 R 0x4002640
0 0 R 0x4004680
0 0 R 0x40066C0
0 0 R 0x4008700
0 0 R 0x400A740
0 0 R 0x400C780
0 0 R 0x400E7C0
0 0 R 0x4000800
0 0 R 0x4002840
0 0 R 0x4004880
0 0 R 0x40068C0
0 0 R 0x4008900
0 0 R 0x400A940
0 0 R 0x400C980
0 0 R 0x400E9C0
0 0 R 0x4000A00
0 0 R 0x4002A40
0 0 R 0x4004A80
0 0 R 0x4006AC0
0 0 R 0x4008B00
0 0 R 0x400AB40
0 0 R 0x400CB80
0 0 R 0x400EBC0
0 0 R 0x4000C00
0 0 R 0x4002C40
0 0 R 0x4004C80
0 0 R 0x4006CC0
0 0 R 0x4008D00
0 0 R 0x400AD40
0 0 R 0x400CD80
0 0 R 0x400EDC0
0 0 R 0x4000E00
0 0 R 0x4002E40
0 0 R 0x4004E80
0 0 R 0x4006EC0
0 0 R 0x4008F00
0 0 R 0x400AF40
0 0 R 0x400CF80
0 0 R 0x400EFC0
0 0 R 0x4000000
0 0 R 0x4002040
0 0 R 0x4004080
0 0 R 0x40060C0
0 0 R 0x4008100
0 0 R 0x400A140
0 0 R 0x400C180
0 0 R 0x400E1C0
0 0 R 0x4000200
0 0 R 0x4002240
0 0 R 0x4004280
0 0 R 0x40062C0
0 0 R 0x4008300
0 0 R 0x400A340
0 0 R 0x400C380
0 0 R 0x400E3C0
0 0 R 0x4000400
0 0 R 0x4002440
0 0 R 0x4004480
0 0 R 0x40064C0
0 0 R 0x4008500
0 0 R 0x400A540
0 0 R 0x400C580
0 0 R 0x400E5C0
0 0 R 0x4000600
0 0 R 0x4002640
0 0 R 0x4004680
0 0 R 0x40066C0
0 0 R 0x4008700
0 0 R 0x400A740
0 0 R 0x400C780
0 0 R 0x400E7C0
0 0 R 0x4000800
0 0 R 0x4002840
0 0 R 0x4004880
0 0 R 0x40068C0
0 0 R 0x4008900
0 0 R 0x400A940
0 0 R 0x400C980
0 0 R 0x400E9C0
0 0 R 0x4000A00
0 0 R 0x4002A40
0 0 R 0x4004A80
0 0 R 0x4006AC0
0 0 R 0x4008B00
0 0 R 0x400AB40
0 0 R 0x400CB80
0 0 R 0x400EBC0
0 0 R 0x4000C00
0 0 R 0x4002C40
0 0 R 0x4004C80
0 0 R 0x4006CC0
0 0 R 0x4008D00
0 0 R 0x400AD40
0 0 R 0x400CD80
0 0 R 0x400EDC0
0 0 R 0x4000E00
0 0 R 0x4002E40
0 0 R 0x4004E80
0 0 R 0x4006EC0
0 0 R 0x4008F00
0 0 R 0x400AF40
0 0 R 0x400CF80
0 0 R 0x400EFC0
0 0 W 0x4000000
0 0 R 0x4002040
0 0 R 0x4004080
0 0 R 0x40060C0
0 0 R 0x4008100
0 0 R 0x400A140
0 0 R 0x400C180
0 0 R 0x400E1C0
0 0 R 0x4000200
0 0 R 0x4002240
0 0 R 0x4004280
0 0 R 0x40062C0
0 0 R 0x4008300
0 0 R 0x400A340
0 0 R 0x400C380
0 0 R 0x400E3C0
0 0 W 0x4000400
0 0 R 0x4002440
0 0 R 0x4004480
0 0 R 0x40064C0
0 0 R 0x4008500
0 0 R 0x400A540
0 0 R 0x400C580
0 0 R 0x400E5C0
0 0 R 0x4000600
0 0 R 0x4002640
0 0 R 0x4004680
0 0 R 0x40066C0
0 0 R 0x4008700
0 0 R 0x400A740
0 0 R 0x400C780
0 0 R 0x400E7C0
0 0 W 0x4000800
0 0 R 0x4002840
0 0 R 0x4004880
0 0 R 0x40068C0
0 0 R 0x4008900
0 0 R 0x400A940
0 0 R 0x400C980
0 0 R 0x400E9C0
0 0 R 0x4000A00
0 0 R 0x4002A40
0 0 R 0x4004A80
0 0 R 0x4006AC0
0 0 R 0x4008B00
0 0 R 0x400AB40
0 0 R 0x400CB80
0 0 R 0x400EBC0
0 0 W 0x4000C00
0 0 R 0x4002C40
0 0 R 0x4004C80
0 0 R 0x4006CC0
0 0 R 0x4008D00
0 0 R 0x400AD40
0 0 R 0x400CD80
0 0 R 0x400EDC0
0 0 R 0x4000E00
0 0 R 0x4002E40
0 0 R 0x4004E80
0 0 R 0x4006EC0
0 0 R 0x4008F00
0 0 R 0x400AF40
0 0 R 0x400CF80
0 0 R 0x400EFC0
0 0 R 0x4000000
0 0 R 0x4002040
0 0 R 0x4004080
0 0 R 0x40060C0
0 0 R 0x4008100
0 0 R 0x400A140
0 0 R 0x400C180
0 0 R 0x400E1C0
0 0 R 0x4000200
0 0 R 0x4002240
0 0 R 0x4004280
0 0 R 0x40062C0
0 0 R 0x4008300
0 0 R 0x400A340
0 0 R 0x400C380
0 0 R 0x400E3C0
0 0 R 0x4000400
0 0 R 0x4002440
0 0 R 0x4004480
0 0 R 0x40064C0
0 0 R 0x4008500
0 0 R 0x400A540
0 0 R 0x400C580
0 0 R 0x400E5C0
0 0 R 0x4000600
0 0 R 0x4002640
0 0 R 0x4004680
0 0 R 0x40066C0
0 0 R 0x4008700
0 0 R 0x400A740
0 0 R 0x400C780
0 0 R 0x400E7C0
0 0 R 0x4000800
0 0 R 0x4002840
0 0 R 0x4004880
0 0 R 0x40068C0
0 0 R 0x4008900
0 0 R 0x400A940
0 0 R 0x400C980
0 0 R 0x400E9C0
0 0 R 0x4000A00
0 0 R 0x4002A40
0 0 R 0x4004A80
0 0 R 0x4006AC0
0 0 R 0x4008B00
0 0 R 0x400AB40
0 0 R 0x400CB80
0 0 R 0x400EBC0
0 0 R 0x4000C00
0 0 R 0x4002C40
0 0 R 0x4004C80
0 0 R 0x4006CC0
0 0 R 0x4008D00
0 0 R 0x400AD40
0 0 R 0x400CD80
0 0 R 0x400EDC0
0 0 R 0x4000E00
0 0 R 0x4002E40
0 0 R 0x4004E80
0 0 R 0x4006EC0
0 0 R 0x4008F00
0 0 R 0x400AF40
0 0 R 0x400CF80
0 0 R 0x400EFC0
0 0 R 0x4000000
0 0 R 0x4002040
0 0 R 0x4004080
0 0 R 0x40060C0
0 0 R 0x4008100
0 0 R 0x400A140
0 0 R 0x400C180
0 0 R 0x400E1C0
0 0 R 0x4000200
0 0 R 0x4002240
0 0 R 0x4004280
0 0 R 0x40062C0
0 0 R 0x4008300
0 0 R 0x400A340
0 0 R 0x400C380
0 0 R 0x400E3C0
0 0 R 0x4000400
0 0 R 0x4002440
0 0 R 0x4004480
0 0 R 0x40064C0
0 0 R 0x4008500
0 0 R 0x400A540
0 0 R 0x400C580
0 0 R 0x400E5C0
0 0 R 0x4000600
0 0 R 0x4002640
0 0 R 0x4004680
0 0 R 0x40066C0
0 0 R 0x4008700
0 0 R 0x400A740
0 0 R 0x400C780
0 0 R 0x400E7C0
0 0 R 0x4000800
0 0 R 0x4002840
0 0 R 0x4004880
0 0 R 0x40068C0
0 0 R 0x4008900
0 0 R 0x400A940
0 0 R 0x400C980
0 0 R 0x400E9C0
0 0 R 0x4000A00
0 0 R 0x4002A40
0 0 R 0x4004A80
0 0 R 0x4006AC0
0 0 R 0x4008B00
0 0 R 0x400AB40
0 0 R 0x400CB80
0 0 R 0x400EBC0
0 0 R 0x4000C00
0 0 R 0x4002C40
0 0 R 0x4004C80
0 0 R 0x4006CC0
0 0 R 0x4008D00
0 0 R 0x400AD40
0 0 R 0x400CD80
0 0 R 0x400EDC0
0 0 R 0x4000E00
0 0 R 0x4002E40
0 0 R 0x4004E80
0 0 R 0x4006EC0
0 0 R 0x4008F00
0 0 R 0x400AF40
0 0 R 0x400CF80
0 0 R 0x400EFC0
0 0 W 0x4000000
0 0 R 0x4002040
0 0 R 0x4004080
0 0 R 0x40060C0
0 0 R 0x4008100
0 0 R 0x400A140
0 0 R 0x400C180
0 0 R 0x400E1C0
0 0 R 0x4000200
0 0 R 0x4002240
0 0 R 0x4004280
0 0 R 0x40062C0
0 0 R 0x4008300
0 0 R 0x400A340
0 0 R 0x400C380
0 0 R 0x400E3C0
0 0 W 0x4000400
0 0 R 0x4002440
0 0 R 0x4004480
0 0 R 0x40064C0
0 0 R 0x4008500
0 0 R 0x400A540
0 0 R 0x400C580
0 0 R 0x400E5C0
0 0 R 0x4000600
0 0 R 0x4002640
0 0 R 0x4004680
0 0 R 0x40066C0
0 0 R 0x4008700
0 0 R 0x400A740
0 0 R 0x400C780
0 0 R 0x400E7C0
0 0 W 0x4000800
0 0 R 0x4002840
0 0 R 0x4004880
0 0 R 0x40068C0
0 0 R 0x4008900
0 0 R 0x400A940
0 0 R 0x400C980
0 0 R 0x400E9C0
0 0 R 0x4000A00
0 0 R 0x4002A40
0 0 R 0x4004A80
0 0 R 0x4006AC0
0 0 R 0x4008B00
0 0 R 0x400AB40
0 0 R 0x400CB80
0 0 R 0x400EBC0
0 0 W 0x4000C00
0 0 R 0x4002C40
0 0 R 0x4004C80
0 0 R 0x4006CC0
0 0 R 0x4008D00
0 0 R 0x400AD40
0 0 R 0x400CD80
0 0 R 0x400EDC0
0 0 R 0x4000E00
0 0 R 0x4002E40
0 0 R 0x4004E80
0 0 R 0x4006EC0
0 0 R 0x4008F00
0 0 R 0x400AF40
0 0 R 0x400CF80
0 0 R 0x400EFC0
0 0 R 0x4000000
0 0 R 0x4002040
0 0 R 0x4004080
0 0 R 0x40060C0
0 0 R 0x4008100
0 0 R 0x400A140
0 0 R 0x400C180
0 0 R 0x400E1C0
0 0 R 0x4000200
0 0 R 0x4002240
0 0 R 0x4004280
0 0 R 0x40062C0
0 0 R 0x4008300
0 0 R 0x400A340
0 0 R 0x400C380
0 0 R 0x400E3C0
0 0 R 0x4000400
0 0 R 0x4002440
0 0 R 0x4004480
0 0 R 0x40064C0
0 0 R 0x4008500
0 0 R 0x400A540
0 0 R 0x400C580
0 0 R 0x400E5C0
0 0 R 0x4000600
0 0 R 0x4002640
0 0 R 0x4004680
0 0 R 0x40066C0
0 0 R 0x4008700
0 0 R 0x400A740
0 0 R 0x400C780
0 0 R 0x400E7C0
0 0 R 0x4000800
0 0 R 0x4002840
0 0 R 0x4004880
0 0 R 0x40068C0
0 0 R 0x4008900
0 0 R 0x400A940
0 0 R 0x400C980
0 0 R 0x400E9C0
0 0 R 0x4000A00
0 0 R 0x4002A40
0 0 R 0x4004A80
0 0 R 0x4006AC0
0 0 R 0x4008B00
0 0 R 0x400AB40
0 0 R 0x400CB80
0 0 R 0x400EBC0
0 0 R 0x4000C00
0 0 R 0x4002C40
0 0 R 0x4004C80
0 0 R 0x4006CC0
0 0 R 0x4008D00
0 0 R 0x400AD40
0 0 R 0x400CD80
0 0 R 0x400EDC0
0 0 R 0x4000E00
0 0 R 0x4002E40
0 0 R 0x4004E80
0 0 R 0x4006EC0
0 0 R 0x4008F00
0 0 R 0x400AF40
0 0 R 0x400CF80
0 0 R 0x400EFC0
0 1 R 0x4000000
0 1 R 0x4002040
0 1 R 0x4004080
0 1 R 0x40060C0
0 1 R 0x4008100
0 1 R 0x400A140
0 1 R 0x400C180
0 1 R 0x400E1C0
0 1 R 0x4000200
0 1 R 0x4002240
0 1 R 0x4004280
0 1 R 0x40062C0
0 1 R 0x4008300
0 1 R 0x400A340
0 1 R 0x400C380
0 1 R 0x400E3C0
0 1 R 0x4000400
0 1 R 0x4002440
0 1 R 0x4004480
0 1 R 0x40064C0
0 1 R 0x4008500
0 1 R 0x400A540
0 1 R 0x400C580
0 1 R 0x400E5C0
0 1 R 0x4000600
0 1 R 0x4002640
0 1 R 0x4004680
0 1 R 0x40066C0
0 1 R 0x4008700
0 1 R 0x400A740
0 1 R 0x400C780
0 1 R 0x400E7C0
0 1 R 0x4000800
0 1 R 0x4002840
0 1 R 0x4004880
0 1 R 0x40068C0
0 1 R 0x4008900
0 1 R 0x400A940
0 1 R 0x400C980
0 1 R 0x400E9C0
0 1 R 0x4000A00
0 1 R 0x4002A40
0 1 R 0x4004A80
0 1 R 0x4006AC0
0 1 R 0x4008B00
0 1 R 0x400AB40
0 1 R 0x400CB80
0 1 R 0x400EBC0
0 1 R 0x4000C00
0 1 R 0x4002C40
0 1 R 0x4004C80
0 1 R 0x4006CC0
0 1 R 0x4008D00
0 1 R 0x400AD40
0 1 R 0x400CD80
0 1 R 0x400EDC0
0 1 R 0x4000E00
0 1 R 0x4002E40
0 1 R 0x4004E80
0 1 R 0x4006EC0
0 1 R 0x4008F00
0 1 R 0x400AF40
0 1 R 0x400CF80
0 1 R 0x400EFC0
0 1 R 0x4000000
0 1 R 0x4002040
0 1 R 0x4004080
0 1 R 0x40060C0
0 1 R 0x4008100
0 1 R 0x400A140
0 1 R 0x400C180
0 1 R 0x400E1C0
0 1 R 0x4000200
0 1 R 0x4002240
0 1 R 0x4004280
0 1 R 0x40062C0
0 1 R 0x4008300
0 1 R 0x400A340
0 1 R 0x400C380
0 1 R 0x400E3C0
0 1 R 0x4000400
0 1 R 0x4002440
0 1 R 0x4004480
0 1 R 0x40064C0
0 1 R 0x4008500
0 1 R 0x400A540
0 1 R 0x400C580
0 1 R 0x400E5C0
0 1 R 0x4000600
0 1 R 0x4002640
0 1 R 0x4004680
0 1 R 0x40066C0
0 1 R 0x4008700
0 1 R 0x400A740
0 1 R 0x400C780
0 1 R 0x400E7C0
0 1 R 0x4000800
0 1 R 0x4002840
0 1 R 0x4004880
0 1 R 0x40068C0
0 1 R 0x4008900
0 1 R 0x400A940
0 1 R 0x400C980
0 1 R 0x400E9C0
0 1 R 0x4000A00
0 1 R 0x4002A40
0 1 R 0x4004A80
0 1 R 0x4006AC0
0 1 R 0x4008B00
0 1 R 0x400AB40
0 1 R 0x400CB80
0 1 R 0x400EBC0
0 1 R 0x4000C00
0 1 R 0x4002C40
0 1 R 0x4004C80
0 1 R 0x4006CC0
0 1 R 0x4008D00
0 1 R 0x400AD40
0 1 R 0x400CD80
0 1 R 0x400EDC0
0 1 R 0x4000E00
0 1 R 0x4002E40
0 1 R 0x4004E80
0 1 R 0x4006EC0
0 1 R 0x4008F00
0 1 R 0x400AF40
0 1 R 0x400CF80
0 1 R 0x400EFC0
0 1 R 0x4000000
0 1 R 0x4002040
0 1 R 0x4004080
0 1 R 0x40060C0
0 1 R 0x4008100
0 1 R 0x400A140
0 1 R 0x400C180
0 1 R 0x400E1C0
0 1 R 0x4000200
0 1 R 0x4002240
0 1 R 0x4004280
0 1 R 0x40062C0
0 1 R 0x4008300
0 1 R 0x400A340
0 1 R 0x400C380
0 1 R 0x400E3C0
0 1 R 0x4000400
0 1 R 0x4002440
0 1 R 0x4004480
0 1 R 0x40064C0
0 1 R 0x4008500
0 1 R 0x400A540
0 1 R 0x400C580
0 1 R 0x400E5C0
0 1 R 0x4000600
0 1 R 0x4002640
0 1 R 0x4004680
0 1 R 0x40066C0
0 1 R 0x4008700
0 1 R 0x400A740
0 1 R 0x400C780
0 1 R 0x400E7C0
0 1 R 0x4000800
0 1 R 0x4002840
0 1 R 0x4004880
0 1 R 0x40068C0
0 1 R 0x4008900
0 1 R 0x400A940
0 1 R 0x400C980
0 1 R 0x400E9C0
0 1 R 0x4000A00
0 1 R 0x4002A40
0 1 R 0x4004A80
0 1 R 0x4006AC0
0 1 R 0x4008B00
0 1 R 0x400AB40
0 1 R 0x400CB80
0 1 R 0x400EBC0
0 1 R 0x4000C00
0 1 R 0x4002C40
0 1 R 0x4004C80
0 1 R 0x4006CC0
0 1 R 0x4008D00
0 1 R 0x400AD40
0 1 R 0x400CD80
0 1 R 0x400EDC0
0 1 R 0x4000E00
0 1 R 0x4002E40
0 1 R 0x4004E80
0 1 R 0x4006EC0
0 1 R 0x4008F00
0 1 R 0x400AF40
0 1 R 0x400CF80
0 1 R 0x400EFC0
0 1 R 0x4000000
0 1 R 0x4002040
0 1 R 0x4004080
0 1 R 0x40060C0
0 1 R 0x4008100
0 1 R 0x400A140
0 1 R 0x400C180
0 1 R 0x400E1C0
0 1 R 0x4000200
0 1 R 0x4002240
0 1 R 0x4004280
0 1 R 0x40062C0
0 1 R 0x4008300
0 1 R 0x400A340
0 1 R 0x400C380
0 1 R 0x400E3C0
0 1 R 0x4000400
0 1 R 0x4002440
0 1 R 0x4004480
0 1 R 0x40064C0
0 1 R 0x4008500
0 1 R 0x400A540
0 1 R 0x400C580
0 1 R 0x400E5C0
0 1 R 0x4000600
0 1 R 0x4002640
0 1 R 0x4004680
0 1 R 0x40066C0
0 1 R 0x4008700
0 1 R 0x400A740
0 1 R 0x400C780
0 1 R 0x400E7C0
0 1 R 0x4000800
0 1 R 0x4002840
0 1 R 0x4004880
0 1 R 0x40068C0
0 1 R 0x4008900
0 1 R 0x400A940
0 1 R 0x400C980
0 1 R 0x400E9C0
0 1 R 0x4000A00
0 1 R 0x4002A40
0 1 R 0x4004A80
0 1 R 0x4006AC0
0 1 R 0x4008B00
0 1 R 0x400AB40
0 1 R 0x400CB80
0 1 R 0x400EBC0
0 1 R 0x4000C00
0 1 R 0x4002C40
0 1 R 0x4004C80
0 1 R 0x4006CC0
0 1 R 0x4008D00
0 1 R 0x400AD40
0 1 R 0x400CD80
0 1 R 0x400EDC0
0 1 R 0x4000E00
0 1 R 0x4002E40
0 1 R 0x4004E80
0 1 R 0x4006EC0
0 1 R 0x4008F00
0 1 R 0x400AF40
0 1 R 0x400CF80
0 1 R 0x400EFC0
0 1 R 0x4000000
0 1 R 0x4002040
0 1 R 0x4004080
0 1 R 0x40060C0
0 1 R 0x4008100
0 1 R 0x400A140
0 1 R 0x400C180
0 1 R 0x400E1C0
0 1 R 0x4000200
0 1 R 0x4002240
0 1 R 0x4004280
0 1 R 0x40062C0
0 1 R 0x4008300
0 1 R 0x400A340
0 1 R 0x400C380
0 1 R 0x400E3C0
0 1 R 0x4000400
0 1 R 0x4002440
0 1 R 0x4004480
0 1 R 0x40064C0
0 1 R 0x4008500
0 1 R 0x400A540
0 1 R 0x400C580
0 1 R 0x400E5C0
0 1 R 0x4000600
0 1 R 0x4002640
0 1 R 0x4004680
0 1 R 0x40066C0
0 1 R 0x4008700
0 1 R 0x400A740
0 1 R 0x400C780
0 1 R 0x400E7C0
0 1 R 0x4000800
0 1 R 0x4002840
0 1 R 0x4004880
0 1 R 0x40068C0
0 1 R 0x4008900
0 1 R 0x400A940
0 1 R 0x400C980
0 1 R 0x400E9C0
0 1 R 0x4000A00
0 1 R 0x4002A40
0 1 R 0x4004A80
0 1 R 0x4006AC0
0 1 R 0x4008B00
0 1 R 0x400AB40
0 1 R 0x400CB80
0 1 R 0x400EBC0
0 1 R 0x4000C00
0 1 R 0x4002C40
0 1 R 0x4004C80
0 1 R 0x4006CC0
0 1 R 0x4008D00
0 1 R 0x400AD40
0 1 R 0x400CD80
0 1 R 0x400EDC0
0 1 R 0x4000E00
0 1 R 0x4002E40
0 1 R 0x4004E80
0 1 R 0x4006EC0
0 1 R 0x4008F00
0 1 R 0x400AF40
0 1 R 0x400CF80
0 1 R 0x400EFC0
0 1 R 0x4000000
0 1 R 0x4002040
0 1 R 0x4004080
0 1 R 0x40060C0
0 1 R 0x4008100
0 1 R 0x400A140
0 1 R 0x400C180
0 1 R 0x400E1C0
0 1 R 0x4000200
0 1 R 0x4002240
0 1 R 0x4004280
0 1 R 0x40062C0
0 1 R 0x4008300
0 1 R 0x400A340
0 1 R 0x400C380
0 1 R 0x400E3C0
0 1 R 0x4000400
0 1 R 0x4002440
0 1 R 0x4004480
0 1 R 0x40064C0
0 1 R 0x4008500
0 1 R 0x400A540
0 1 R 0x400C580
0 1 R 0x400E5C0
0 1 R 0x4000600
0 1 R 0x4002640
0 1 R 0x4004680
0 1 R 0x40066C0
0 1 R 0x4008700
0 1 R 0x400A740
0 1 R 0x400C780
0 1 R 0x400E7C0
0 1 R 0x4000800
0 1 R 0x4002840
0 1 R 0x4004880
0 1 R 0x40068C0
0 1 R 0x4008900
0 1 R 0x400A940
0 1 R 0x400C980
0 1 R 0x400E9C0
0 1 R 0x4000A00
0 1 R 0x4002A40
0 1 R 0x4004A80
0 1 R 0x4006AC0
0 1 R 0x4008B00
0 1 R 0x400AB40
0 1 R 0x400CB80
0 1 R 0x400EBC0
0 1 R 0x4000C00
0 1 R 0x4002C40
0 1 R 0x4004C80
0 1 R 0x4006CC0
0 1 R 0x4008D00
0 1 R 0x400AD40
0 1 R 0x400CD80
0 1 R 0x400EDC0
0 1 R 0x4000E00
0 1 R 0x4002E40
0 1 R 0x4004E80
0 1 R 0x4006EC0
0 1 R 0x4008F00
0 1 R 0x400AF40
0 1 R 0x400CF80
0 1 R 0x400EFC0
0 1 R 0x4000000
0 1 R 0x4002040
0 1 R 0x4004080
0 1 R 0x40060C0
0 1 R 0x4008100
0 1 R 0x400A140
0 1 R 0x400C180
0 1 R 0x400E1C0
0 1 R 0x4000200
0 1 R 0x4002240
0 1 R 0x4004280
0 1 R 0x40062C0
0 1 R 0x4008300
0 1 R 0x400A340
0 1 R 0x400C380
0 1 R 0x400E3C0
0 1 R 0x4000400
0 1 R 0x4002440
0 1 R 0x4004480
0 1 R 0x40064C0
0 1 R 0x4008500
0 1 R 0x400A540
0 1 R 0x400C580
0 1 R 0x400E5C0
0 1 R 0x4000600
0 1 R 0x4002640
0 1 R 0x4004680
0 1 R 0x40066C0
0 1 R 0x4008700
0 1 R 0x400A740
0 1 R 0x400C780
0 1 R 0x400E7C0
0 1 R 0x4000800
0 1 R 0x4002840
0 1 R 0x4004880
0 1 R 0x40068C0
0 1 R 0x4008900
0 1 R 0x400A940
0 1 R 0x400C980
0 1 R 0x400E9C0
0 1 R 0x4000A00
0 1 R 0x4002A40
0 1 R 0x4004A80
0 1 R 0x4006AC0
0 1 R 0x4008B00
0 1 R 0x400AB40
0 1 R 0x400CB80
0 1 R 0x400EBC0
0 1 R 0x4000C00
0 1 R 0x4002C40
0 1 R 0x4004C80
0 1 R 0x4006CC0
0 1 R 0x4008D00
0 1 R 0x400AD40
0 1 R 0x400CD80
0 1 R 0x400EDC0
0 1 R 0x4000E00
0 1 R 0x4002E40
0 1 R 0x4004E80
0 1 R 0x4006EC0
0 1 R 0x4008F00
0 1 R 0x400AF40
0 1 R 0x400CF80
0 1 R 0x400EFC0
0 1 R 0x4000000
0 1 R 0x4002040
0 1 R 0x4004080
0 1 R 0x40060C0
0 1 R 0x4008100
0 1 R 0x400A140
0 1 R 0x400C180
0 1 R 0x400E1C0
0 1 R 0x4000200
0 1 R 0x4002240
0 1 R 0x4004280
0 1 R 0x40062C0
0 1 R 0x4008300
0 1 R 0x400A340
0 1 R 0x400C380
0 1 R 0x400E3C0
0 1 R 0x4000400
0 1 R 0x4002440
0 1 R 0x4004480
0 1 R 0x40064C0
0 1 R 0x4008500
0 1 R 0x400A540
0 1 R 0x400C580
0 1 R 0x400E5C0
0 1 R 0x4000600
0 1 R 0x4002640
0 1 R 0x4004680
0 1 R 0x40066C0
0 1 R 0x4008700
0 1 R 0x400A740
0 1 R 0x400C780
0 1 R 0x400E7C0
0 1 R 0x4000800
0 1 R 0x4002840
0 1 R 0x4004880
0 1 R 0x40068C0
0 1 R 0x4008900
0 1 R 0x400A940
0 1 R 0x400C980
0 1 R 0x400E9C0
0 1 R 0x4000A00
0 1 R 0x4002A40
0 1 R 0x4004A80
0 1 R 0x4006AC0
0 1 R 0x4008B00
0 1 R 0x400AB40
0 1 R 0x400CB80
0 1 R 0x400EBC0
0 1 R 0x4000C00
0 1 R 0x4002C40
0 1 R 0x4004C80
0 1 R 0x4006CC0
0 1 R 0x4008D00
0 1 R 0x400AD40
0 1 R 0x400CD80
0 1 R 0x400EDC0
0 1 R 0x4000E00
0 1 R 0x4002E40
0 1 R 0x4004E80
0 1 R 0x4006EC0
0 1 R 0x4008F00
0 1 R 0x400AF40
0 1 R 0x400CF80
0 1 R 0x400EFC0
0 2 R 0x4000000
0 2 R 0x4002040
0 2 R 0x4004080
0 2 R 0x40060C0
0 2 R 0x4008100
0 2 R 0x400A140
0 2 R 0x400C180
0 2 R 0x400E1C0
0 2 R 0x4000200
0 2 R 0x4002240
0 2 R 0x4004280
0 2 R 0x40062C0
0 2 R 0x4008300
0 2 R 0x400A340
0 2 R 0x400C380
0 2 R 0x400E3C0
0 2 R 0x4000400
0 2 R 0x4002440
0 2 R 0x4004480
0 2 R 0x40064C0
0 2 R 0x4008500
0 2 R 0x400A540
0 2 R 0x400C580
0 2 R 0x400E5C0
0 2 R 0x4000600
0 2 R 0x4002640
0 2 R 0x4004680
0 2 R 0x40066C0
0 2 R 0x4008700
0 2 R 0x400A740
0 2 R 0x400C780
0 2 R 0x400E7C0
0 2 R 0x4000800
0 2 R 0x4002840
0 2 R 0x4004880
0 2 R 0x40068C0
0 2 R 0x4008900
0 2 R 0x400A940
0 2 R 0x400C980
0 2 R 0x400E9C0
0 2 R 0x4000A00
0 2 R 0x4002A40
0 2 R 0x4004A80
0 2 R 0x4006AC0
0 2 R 0x4008B00
0 2 R 0x400AB40
0 2 R 0x400CB80
0 2 R 0x400EBC0
0 2 R 0x4000C00
0 2 R 0x4002C40
0 2 R 0x4004C80
0 2 R 0x4006CC0
0 2 R 0x4008D00
0 2 R 0x400AD40
0 2 R 0x400CD80
0 2 R 0x400EDC0
0 2 R 0x4000E00
0 2 R 0x4002E40
0 2 R 0x4004E80
0 2 R 0x4006EC0
0 2 R 0x4008F00
0 2 R 0x400AF40
0 2 R 0x400CF80
0 2 R 0x400EFC0
0 2 R 0x4000000
0 2 R 0x4002040
0 2 R 0x4004080
0 2 R 0x40060C0
0 2 R 0x4008100
0 2 R 0x400A140
0 2 R 0x400C180
0 2 R 0x400E1C0
0 2 R 0x4000200
0 2 R 0x4002240
0 2 R 0x4004280
0 2 R 0x40062C0
0 2 R 0x4008300
0 2 R 0x400A340
0 2 R 0x400C380
0 2 R 0x400E3C0
0 2 R 0x4000400
0 2 R 0x4002440
0 2 R 0x4004480
0 2 R 0x40064C0
0 2 R 0x4008500
0 2 R 0x400A540
0 2 R 0x400C580
0 2 R 0x400E5C0
0 2 R 0x4000600
0 2 R 0x4002640
0 2 R 0x4004680
0 2 R 0x40066C0
0 2 R 0x4008700
0 2 R 0x400A740
0 2 R 0x400C780
0 2 R 0x400E7C0
0 2 R 0x4000800
0 2 R 0x4002840
0 2 R 0x4004880
0 2 R 0x40068C0
0 2 R 0x4008900
0 2 R 0x400A940
0 2 R 0x400C980
0 2 R 0x400E9C0
0 2 R 0x4000A00
0 2 R 0x4002A40
0 2 R 0x4004A80
0 2 R 0x4006AC0
0 2 R 0x4008B00
0 2 R 0x400AB40
0 2 R 0x400CB80
0 2 R 0x400EBC0
0 2 R 0x4000C00
0 2 R 0x4002C40
0 2 R 0x4004C80
0 2 R 0x4006CC0
0 2 R 0x4008D00
0 2 R 0x400AD40
0 2 R 0x400CD80
0 2 R 0x400EDC0
0 2 R 0x4000E00
0 2 R 0x4002E40
0 2 R 0x4004E80
0 2 R 0x4006EC0
0 2 R 0x4008F00
0 2 R 0x400AF40
0 2 R 0x400CF80
0 2 R 0x400EFC0
0 2 R 0x4000000
0 2 R 0x4002040
0 2 R 0x4004080
0 2 R 0x40060C0
0 2 R 0x4008100
0 2 R 0x400A140
0 2 R 0x400C180
0 2 R 0x400E1C0
0 2 R 0x4000200
0 2 R 0x4002240
0 2 R 0x4004280
0 2 R 0x40062C0
0 2 R 0x4008300
0 2 R 0x400A340
0 2 R 0x400C380
0 2 R 0x400E3C0
0 2 R 0x4000400
0 2 R 0x4002440
0 2 R 0x4004480
0 2 R 0x40064C0
0 2 R 0x4008500
0 2 R 0x400A540
0 2 R 0x400C580
0 2 R 0x400E5C0
0 2 R 0x4000600
0 2 R 0x4002640
0 2 R 0x4004680
0 2 R 0x40066C0
0 2 R 0x4008700
0 2 R 0x400A740
0 2 R 0x400C780
0 2 R 0x400E7C0
0 2 R 0x4000800
0 2 R 0x4002840
0 2 R 0x4004880
0 2 R 0x40068C0
0 2 R 0x4008900
0 2 R 0x400A940
0 2 R 0x400C980
0 2 R 0x400E9C0
0 2 R 0x4000A00
0 2 R 0x4002A40
0 2 R 0x4004A80
0 2 R 0x4006AC0
0 2 R 0x4008B00
0 2 R 0x400AB40
0 2 R 0x400CB80
0 2 R 0x400EBC0
0 2 R 0x4000C00
0 2 R 0x4002C40
0 2 R 0x4004C80
0 2 R 0x4006CC0
0 2 R 0x4008D00
0 2 R 0x400AD40
0 2 R 0x400CD80
0 2 R 0x400EDC0
0 2 R 0x4000E00
0 2 R 0x4002E40
0 2 R 0x4004E80
0 2 R 0x4006EC0
0 2 R 0x4008F00
0 2 R 0x400AF40
0 2 R 0x400CF80
0 2 R 0x400EFC0
0 2 R 0x4000000
0 2 R 0x4002040
0 2 R 0x4004080
0 2 R 0x40060C0
0 2 R 0x4008100
0 2 R 0x400A140
0 2 R 0x400C180
0 2 R 0x400E1C0
0 2 R 0x4000200
0 2 R 0x4002240
0 2 R 0x4004280
0 2 R 0x40062C0
0 2 R 0x4008300
0 2 R 0x400A340
0 2 R 0x400C380
0 2 R 0x400E3C0
0 2 R 0x4000400
0 2 R 0x4002440
0 2 R 0x4004480
0 2 R 0x40064C0
0 2 R 0x4008500
0 2 R 0x400A540
0 2 R 0x400C580
0 2 R 0x400E5C0
0 2 R 0x4000600
0 2 R 0x4002640
0 2 R 0x4004680
0 2 R 0x40066C0
0 2 R 0x4008700
0 2 R 0x400A740
0 2 R 0x400C780
0 2 R 0x400E7C0
0 2 R 0x4000800
0 2 R 0x4002840
0 2 R 0x4004880
0 2 R 0x40068C0
0 2 R 0x4008900
0 2 R 0x400A940
0 2 R 0x400C980
0 2 R 0x400E9C0
0 2 R 0x4000A00
0 2 R 0x4002A40
0 2 R 0x4004A80
0 2 R 0x4006AC0
0 2 R 0x4008B00
0 2 R 0x400AB40
0 2 R 0x400CB80
0 2 R 0x400EBC0
0 2 R 0x4000C00
0 2 R 0x4002C40
0 2 R 0x4004C80
0 2 R 0x4006CC0
0 2 R 0x4008D00
0 2 R 0x400AD40
0 2 R 0x400CD80
0 2 R 0x400EDC0
0 2 R 0x4000E00
0 2 R 0x4002E40
0 2 R 0x4004E80
0 2 R 0x4006EC0
0 2 R 0x4008F00
0 2 R 0x400AF40
0 2 R 0x400CF80
0 2 R 0x400EFC0
0 2 R 0x4000000
0 2 R 0x4002040
0 2 R 0x4004080
0 2 R 0x40060C0
0 2 R 0x4008100
0 2 R 0x400A140
0 2 R 0x400C180
0 2 R 0x400E1C0
0 2 R 0x4000200
0 2 R 0x4002240
0 2 R 0x4004280
0 2 R 0x40062C0
0 2 R 0x4008300
0 2 R 0x400A340
0 2 R 0x400C380
0 2 R 0x400E3C0
0 2 R 0x4000400
0 2 R 0x4002440
0 2 R 0x4004480
0 2 R 0x40064C0
0 2 R 0x4008500
0 2 R 0x400A540
0 2 R 0x400C580
0 2 R 0x400E5C0
0 2 R 0x4000600
0 2 R 0x4002640
0 2 R 0x4004680
0 2 R 0x40066C0
0 2 R 0x4008700
0 2 R 0x400A740
0 2 R 0x400C780
0 2 R 0x400E7C0
0 2 R 0x4000800
0 2 R 0x4002840
0 2 R 0x4004880
0 2 R 0x40068C0
0 2 R 0x4008900
0 2 R 0x400A940
0 2 R 0x400C980
0 2 R 0x400E9C0
0 2 R 0x4000A00
0 2 R 0x4002A40
0 2 R 0x4004A80
0 2 R 0x4006AC0
0 2 R 0x4008B00
0 2 R 0x400AB40
0 2 R 0x400CB80
0 2 R 0x400EBC0
0 2 R 0x4000C00
0 2 R 0x4002C40
0 2 R 0x4004C80
0 2 R 0x4006CC0
0 2 R 0x4008D00
0 2 R 0x400AD40
0 2 R 0x400CD80
0 2 R 0x400EDC0
0 2 R 0x4000E00
0 2 R 0x4002E40
0 2 R 0x4004E80
0 2 R 0x4006EC0
0 2 R 0x4008F00
0 2 R 0x400AF40
0 2 R 0x400CF80
0 2 R 0x400EFC0
0 2 R 0x4000000
0 2 R 0x4002040
0 2 R 0x4004080
0 2 R 0x40060C0
0 2 R 0x4008100
0 2 R 0x400A140
0 2 R 0x400C180
0 2 R 0x400E1C0
0 2 R 0x4000200
0 2 R 0x4002240
0 2 R 0x4004280
0 2 R 0x40062C0
0 2 R 0x4008300
0 2 R 0x400A340
0 2 R 0x400C380
0 2 R 0x400E3C0
0 2 R 0x4000400
0 2 R 0x4002440
0 2 R 0x4004480
0 2 R 0x40064C0
0 2 R 0x4008500
0 2 R 0x400A540
0 2 R 0x400C580
0 2 R 0x400E5C0
0 2 R 0x4000600
0 2 R 0x4002640
0 2 R 0x4004680
0 2 R 0x40066C0
0 2 R 0x4008700
0 2 R 0x400A740
0 2 R 0x400C780
0 2 R 0x400E7C0
0 2 R 0x4000800
0 2 R 0x4002840
0 2 R 0x4004880
0 2 R 0x40068C0
0 2 R 0x4008900
0 2 R 0x400A940
0 2 R 0x400C980
0 2 R 0x400E9C0
0 2 R 0x4000A00
0 2 R 0x4002A40
0 2 R 0x4004A80
0 2 R 0x4006AC0
0 2 R 0x4008B00
0 2 R 0x400AB40
0 2 R 0x400CB80
0 2 R 0x400EBC0
0 2 R 0x4000C00
0 2 R 0x4002C40
0 2 R 0x4004C80
0 2 R 0x4006CC0
0 2 R 0x4008D00
0 2 R 0x400AD40
0 2 R 0x400CD80
0 2 R 0x400EDC0
0 2 R 0x4000E00
0 2 R 0x4002E40
0 2 R 0x4004E80
0 2 R 0x4006EC0
0 2 R 0x4008F00
0 2 R 0x400AF40
0 2 R 0x400CF80
0 2 R 0x400EFC0
0 2 R 0x4000000
0 2 R 0x4002040
0 2 R 0x4004080
0 2 R 0x40060C0
0 2 R 0x4008100
0 2 R 0x400A140
0 2 R 0x400C180
0 2 R 0x400E1C0
0 2 R 0x4000200
0 2 R 0x4002240
0 2 R 0x4004280
0 2 R 0x40062C0
0 2 R 0x4008300
0 2 R 0x400A340
0 2 R 0x400C380
0 2 R 0x400E3C0
0 2 R 0x4000400
0 2 R 0x4002440
0 2 R 0x4004480
0 2 R 0x40064C0
0 2 R 0x4008500
0 2 R 0x400A540
0 2 R 0x400C580
0 2 R 0x400E5C0
0 2 R 0x4000600
0 2 R 0x4002640
0 2 R 0x4004680
0 2 R 0x40066C0
0 2 R 0x4008700
0 2 R 0x400A740
0 2 R 0x400C780
0 2 R 0x400E7C0
0 2 R 0x4000800
0 2 R 0x4002840
0 2 R 0x4004880
0 2 R 0x40068C0
0 2 R 0x4008900
0 2 R 0x400A940
0 2 R 0x400C980
0 2 R 0x400E9C0
0 2 R 0x4000A00
0 2 R 0x4002A40
0 2 R 0x4004A80
0 2 R 0x4006AC0
0 2 R 0x4008B00
0 2 R 0x400AB40
0 2 R 0x400CB80
0 2 R 0x400EBC0
0 2 R 0x4000C00
0 2 R 0x4002C40
0 2 R 0x4004C80
0 2 R 0x4006CC0
0 2 R 0x4008D00
0 2 R 0x400AD40
0 2 R 0x400CD80
0 2 R 0x400EDC0
0 2 R 0x4000E00
0 2 R 0x4002E40
0 2 R 0x4004E80
0 2 R 0x4006EC0
0 2 R 0x4008F00
0 2 R 0x400AF40
0 2 R 0x400CF80
0 2 R 0x400EFC0
0 2 R 0x4000000
0 2 R 0x4002040
0 2 R 0x4004080
0 2 R 0x40060C0
0 2 R 0x4008100
0 2 R 0x400A140
0 2 R 0x400C180
0 2 R 0x400E1C0
0 2 R 0x4000200
0 2 R 0x4002240
0 2 R 0x4004280
0 2 R 0x40062C0
0 2 R 0x4008300
0 2 R 0x400A340
0 2 R 0x400C380
0 2 R 0x400E3C0
0 2 R 0x4000400
0 2 R 0x4002440
0 2 R 0x4004480
0 2 R 0x40064C0
0 2 R 0x4008500
0 2 R 0x400A540
0 2 R 0x400C580
0 2 R 0x400E5C0
0 2 R 0x4000600
0 2 R 0x4002640
0 2 R 0x4004680
0 2 R 0x40066C0
0 2 R 0x4008700
0 2 R 0x400A740
0 2 R 0x400C780
0 2 R 0x400E7C0
0 2 R 0x4000800
0 2 R 0x4002840
0 2 R 0x4004880
0 2 R 0x40068C0
0 2 R 0x4008900
0 2 R 0x400A940
0 2 R 0x400C980
0 2 R 0x400E9C0
0 2 R 0x4000A00
0 2 R 0x4002A40
0 2 R 0x4004A80
0 2 R 0x4006AC0
0 2 R 0x4008B00
0 2 R 0x400AB40
0 2 R 0x400CB80
0 2 R 0x400EBC0
0 2 R 0x4000C00
0 2 R 0x4002C40
0 2 R 0x4004C80
0 2 R 0x4006CC0
0 2 R 0x4008D00
0 2 R 0x400AD40
0 2 R 0x400CD80
0 2 R 0x400EDC0
0 2 R 0x4000E00
0 2 R 0x4002E40
0 2 R 0x4004E80
0 2 R 0x4006EC0
0 2 R 0x4008F00
0 2 R 0x400AF40
0 2 R 0x400CF80
0 2 R 0x400EFC0
0 3 R 0x4000000
0 3 R 0x4002040
0 3 R 0x4004080
0 3 R 0x40060C0
0 3 R 0x4008100
0 3 R 0x400A140
0 3 R 0x400C180
0 3 R 0x400E1C0
0 3 R 0x4000200
0 3 R 0x4002240
0 3 R 0x4004280
0 3 R 0x40062C0
0 3 R 0x4008300
0 3 R 0x400A340
0 3 R 0x400C380
0 3 R 0x400E3C0
0 3 R 0x4000400
0 3 R 0x4002440
0 3 R 0x4004480
0 3 R 0x40064C0
0 3 R 0x4008500
0 3 R 0x400A540
0 3 R 0x400C580
0 3 R 0x400E5C0
0 3 R 0x4000600
0 3 R 0x4002640
0 3 R 0x4004680
0 3 R 0x40066C0
0 3 R 0x4008700
0 3 R 0x400A740
0 3 R 0x400C780
0 3 R 0x400E7C0
0 3 R 0x4000800
0 3 R 0x4002840
0 3 R 0x4004880
0 3 R 0x40068C0
0 3 R 0x4008900
0 3 R 0x400A940
0 3 R 0x400C980
0 3 R 0x400E9C0
0 3 R 0x4000A00
0 3 R 0x4002A40
0 3 R 0x4004A80
0 3 R 0x4006AC0
0 3 R 0x4008B00
0 3 R 0x400AB40
0 3 R 0x400CB80
0 3 R 0x400EBC0
0 3 R 0x4000C00
0 3 R 0x4002C40
0 3 R 0x4004C80
0 3 R 0x4006CC0
0 3 R 0x4008D00
0 3 R 0x400AD40
0 3 R 0x400CD80
0 3 R 0x400EDC0
0 3 R 0x4000E00
0 3 R 0x4002E40
0 3 R 0x4004E80
0 3 R 0x4006EC0
0 3 R 0x4008F00
0 3 R 0x400AF40
0 3 R 0x400CF80
0 3 R 0x400EFC0
0 3 R 0x4000000
0 3 R 0x4002040
0 3 R 0x4004080
0 3 R 0x40060C0
0 3 R 0x4008100
0 3 R 0x400A140
0 3 R 0x400C180
0 3 R 0x400E1C0
0 3 R 0x4000200
0 3 R 0x4002240
0 3 R 0x4004280
0 3 R 0x40062C0
0 3 R 0x4008300
0 3 R 0x400A340
0 3 R 0x400C380
0 3 R 0x400E3C0
0 3 R 0x4000400
0 3 R 0x4002440
0 3 R 0x4004480
0 3 R 0x40064C0
0 3 R 0x4008500
0 3 R 0x400A540
0 3 R 0x400C580
0 3 R 0x400E5C0
0 3 R 0x4000600
0 3 R 0x4002640
0 3 R 0x4004680
0 3 R 0x40066C0
0 3 R 0x4008700
0 3 R 0x400A740
0 3 R 0x400C780
0 3 R 0x400E7C0
0 3 R 0x4000800
0 3 R 0x4002840
0 3 R 0x4004880
0 3 R 0x40068C0
0 3 R 0x4008900
0 3 R 0x400A940
0 3 R 0x400C980
0 3 R 0x400E9C0
0 3 R 0x4000A00
0 3 R 0x4002A40
0 3 R 0x4004A80
0 3 R 0x4006AC0
0 3 R 0x4008B00
0 3 R 0x400AB40
0 3 R 0x400CB80
0 3 R 0x400EBC0
0 3 R 0x4000C00
0 3 R 0x4002C40
0 3 R 0x4004C80
0 3 R 0x4006CC0
0 3 R 0x4008D00
0 3 R 0x400AD40
0 3 R 0x400CD80
0 3 R 0x400EDC0
0 3 R 0x4000E00
0 3 R 0x4002E40
0 3 R 0x4004E80
0 3 R 0x4006EC0
0 3 R 0x4008F00
0 3 R 0x400AF40
0 3 R 0x400CF80
0 3 R 0x400EFC0
0 3 R 0x4000000
0 3 R 0x4002040
0 3 R 0x4004080
0 3 R 0x40060C0
0 3 R 0x4008100
0 3 R 0x400A140
0 3 R 0x400C180
0 3 R 0x400E1C0
0 3 R 0x4000200
0 3 R 0x4002240
0 3 R 0x4004280
0 3 R 0x40062C0
0 3 R 0x4008300
0 3 R 0x400A340
0 3 R 0x400C380
0 3 R 0x400E3C0
0 3 R 0x4000400
0 3 R 0x4002440
0 3 R 0x4004480
0 3 R 0x40064C0
0 3 R 0x4008500
0 3 R 0x400A540
0 3 R 0x400C580
0 3 R 0x400E5C0
0 3 R 0x4000600
0 3 R 0x4002640
0 3 R 0x4004680
0 3 R 0x40066C0
0 3 R 0x4008700
0 3 R 0x400A740
0 3 R 0x400C780
0 3 R 0x400E7C0
0 3 R 0x4000800
0 3 R 0x4002840
0 3 R 0x4004880
0 3 R 0x40068C0
0 3 R 0x4008900
0 3 R 0x400A940
0 3 R 0x400C980
0 3 R 0x400E9C0
0 3 R 0x4000A00
0 3 R 0x4002A40
0 3 R 0x4004A80
0 3 R 0x4006AC0
0 3 R 0x4008B00
0 3 R 0x400AB40
0 3 R 0x400CB80
0 3 R 0x400EBC0
0 3 R 0x4000C00
0 3 R 0x4002C40
0 3 R 0x4004C80
0 3 R 0x4006CC0
0 3 R 0x4008D00
0 3 R 0x400AD40
0 3 R 0x400CD80
0 3 R 0x400EDC0
0 3 R 0x4000E00
0 3 R 0x4002E40
0 3 R 0x4004E80
0 3 R 0x4006EC0
0 3 R 0x4008F00
0 3 R 0x400AF40
0 3 R 0x400CF80
0 3 R 0x400EFC0
0 3 R 0x4000000
0 3 R 0x4002040
0 3 R 0x4004080
0 3 R 0x40060C0
0 3 R 0x4008100
0 3 R 0x400A140
0 3 R 0x400C180
0 3 R 0x400E1C0
0 3 R 0x4000200
0 3 R 0x4002240
0 3 R 0x4004280
0 3 R 0x40062C0
0 3 R 0x4008300
0 3 R 0x400A340
0 3 R 0x400C380
0 3 R 0x400E3C0
0 3 R 0x4000400
0 3 R 0x4002440
0 3 R 0x4004480
0 3 R 0x40064C0
0 3 R 0x4008500
0 3 R 0x400A540
0 3 R 0x400C580
0 3 R 0x400E5C0
0 3 R 0x4000600
0 3 R 0x4002640
0 3 R 0x4004680
0 3 R 0x40066C0
0 3 R 0x4008700
0 3 R 0x400A740
0 3 R 0x400C780
0 3 R 0x400E7C0
0 3 R 0x4000800
0 3 R 0x4002840
0 3 R 0x4004880
0 3 R 0x40068C0
0 3 R 0x4008900
0 3 R 0x400A940
0 3 R 0x400C980
0 3 R 0x400E9C0
0 3 R 0x4000A00
0 3 R 0x4002A40
0 3 R 0x4004A80
0 3 R 0x4006AC0
0 3 R 0x4008B00
0 3 R 0x400AB40
0 3 R 0x400CB80
0 3 R 0x400EBC0
0 3 R 0x4000C00
0 3 R 0x4002C40
0 3 R 0x4004C80
0 3 R 0x4006CC0
0 3 R 0x4008D00
0 3 R 0x400AD40
0 3 R 0x400CD80
0 3 R 0x400EDC0
0 3 R 0x4000E00
0 3 R 0x4002E40
0 3 R 0x4004E80
0 3 R 0x4006EC0
0 3 R 0x4008F00
0 3 R 0x400AF40
0 3 R 0x400CF80
0 3 R 0x400EFC0
0 3 R 0x4000000
0 3 R 0x4002040
0 3 R 0x4004080
0 3 R 0x40060C0
0 3 R 0x4008100
0 3 R 0x400A140
0 3 R 0x400C180
0 3 R 0x400E1C0
0 3 R 0x4000200
0 3 R 0x4002240
0 3 R 0x4004280
0 3 R 0x40062C0
0 3 R 0x4008300
0 3 R 0x400A340
0 3 R 0x400C380
0 3 R 0x400E3C0
0 3 R 0x4000400
0 3 R 0x4002440
0 3 R 0x4004480
0 3 R 0x40064C0
0 3 R 0x4008500
0 3 R 0x400A540
0 3 R 0x400C580
0 3 R 0x400E5C0
0 3 R 0x4000600
0 3 R 0x4002640
0 3 R 0x4004680
0 3 R 0x40066C0
0 3 R 0x4008700
0 3 R 0x400A740
0 3 R 0x400C780
0 3 R 0x400E7C0
0 3 R 0x4000800
0 3 R 0x4002840
0 3 R 0x4004880
0 3 R 0x40068C0
0 3 R 0x4008900
0 3 R 0x400A940
0 3 R 0x400C980
0 3 R 0x400E9C0
0 3 R 0x4000A00
0 3 R 0x4002A40
0 3 R 0x4004A80
0 3 R 0x4006AC0
0 3 R 0x4008B00
0 3 R 0x400AB40
0 3 R 0x400CB80
0 3 R 0x400EBC0
0 3 R 0x4000C00
0 3 R 0x4002C40
0 3 R 0x4004C80
0 3 R 0x4006CC0
0 3 R 0x4008D00
0 3 R 0x400AD40
0 3 R 0x400CD80
0 3 R 0x400EDC0
0 3 R 0x4000E00
0 3 R 0x4002E40
0 3 R 0x4004E80
0 3 R 0x4006EC0
0 3 R 0x4008F00
0 3 R 0x400AF40
0 3 R 0x400CF80
0 3 R 0x400EFC0
0 3 R 0x4000000
0 3 R 0x4002040
0 3 R 0x4004080
0 3 R 0x40060C0
0 3 R 0x4008100
0 3 R 0x400A140
0 3 R 0x400C180
0 3 R 0x400E1C0
0 3 R 0x4000200
0 3 R 0x4002240
0 3 R 0x4004280
0 3 R 0x40062C0
0 3 R 0x4008300
0 3 R 0x400A340
0 3 R 0x400C380
0 3 R 0x400E3C0
0 3 R 0x4000400
0 3 R 0x4002440
0 3 R 0x4004480
0 3 R 0x40064C0
0 3 R 0x4008500
0 3 R 0x400A540
0 3 R 0x400C580
0 3 R 0x400E5C0
0 3 R 0x4000600
0 3 R 0x4002640
0 3 R 0x4004680
0 3 R 0x40066C0
0 3 R 0x4008700
0 3 R 0x400A740
0 3 R 0x400C780
0 3 R 0x400E7C0
0 3 R 0x4000800
0 3 R 0x4002840
0 3 R 0x4004880
0 3 R 0x40068C0
0 3 R 0x4008900
0 3 R 0x400A940
0 3 R 0x400C980
0 3 R 0x400E9C0
0 3 R 0x4000A00
0 3 R 0x4002A40
0 3 R 0x4004A80
0 3 R 0x4006AC0
0 3 R 0x4008B00
0 3 R 0x400AB40
0 3 R 0x400CB80
0 3 R 0x400EBC0
0 3 R 0x4000C00
0 3 R 0x4002C40
0 3 R 0x4004C80
0 3 R 0x4006CC0
0 3 R 0x4008D00
0 3 R 0x400AD40
0 3 R 0x400CD80
0 3 R 0x400EDC0
0 3 R 0x4000E00
0 3 R 0x4002E40
0 3 R 0x4004E80
0 3 R 0x4006EC0
0 3 R 0x4008F00
0 3 R 0x400AF40
0 3 R 0x400CF80
0 3 R 0x400EFC0
0 3 R 0x4000000
0 3 R 0x4002040
0 3 R 0x4004080
0 3 R 0x40060C0
0 3 R 0x4008100
0 3 R 0x400A140
0 3 R 0x400C180
0 3 R 0x400E1C0
0 3 R 0x4000200
0 3 R 0x4002240
0 3 R 0x4004280
0 3 R 0x40062C0
0 3 R 0x4008300
0 3 R 0x400A340
0 3 R 0x400C380
0 3 R 0x400E3C0
0 3 R 0x4000400
0 3 R 0x4002440
0 3 R 0x4004480
0 3 R 0x40064C0
0 3 R 0x4008500
0 3 R 0x400A540
0 3 R 0x400C580
0 3 R 0x400E5C0
0 3 R 0x4000600
0 3 R 0x4002640
0 3 R 0x4004680
0 3 R 0x40066C0
0 3 R 0x4008700
0 3 R 0x400A740
0 3 R 0x400C780
0 3 R 0x400E7C0
0 3 R 0x4000800
0 3 R 0x4002840
0 3 R 0x4004880
0 3 R 0x40068C0
0 3 R 0x4008900
0 3 R 0x400A940
0 3 R 0x400C980
0 3 R 0x400E9C0
0 3 R 0x4000A00
0 3 R 0x4002A40
0 3 R 0x4004A80
0 3 R 0x4006AC0
0 3 R 0x4008B00
0 3 R 0x400AB40
0 3 R 0x400CB80
0 3 R 0x400EBC0
0 3 R 0x4000C00
0 3 R 0x4002C40
0 3 R 0x4004C80
0 3 R 0x4006CC0
0 3 R 0x4008D00
0 3 R 0x400AD40
0 3 R 0x400CD80
0 3 R 0x400EDC0
0 3 R 0x4000E00
0 3 R 0x4002E40
0 3 R 0x4004E80
0 3 R 0x4006EC0
0 3 R 0x4008F00
0 3 R 0x400AF40
0 3 R 0x400CF80
0 3 R 0x400EFC0
0 3 R 0x4000000
0 3 R 0x4002040
0 3 R 0x4004080
0 3 R 0x40060C0
0 3 R 0x4008100
0 3 R 0x400A140
0 3 R 0x400C180
0 3 R 0x400E1C0
0 3 R 0x4000200
0 3 R 0x4002240
0 3 R 0x4004280
0 3 R 0x40062C0
0 3 R 0x4008300
0 3 R 0x400A340
0 3 R 0x400C380
0 3 R 0x400E3C0
0 3 R 0x4000400
0 3 R 0x4002440
0 3 R 0x4004480
0 3 R 0x40064C0
0 3 R 0x4008500
0 3 R 0x400A540
0 3 R 0x400C580
0 3 R 0x400E5C0
0 3 R 0x4000600
0 3 R 0x4002640
0 3 R 0x4004680
0 3 R 0x40066C0
0 3 R 0x4008700
0 3 R 0x400A740
0 3 R 0x400C780
0 3 R 0x400E7C0
0 3 R 0x4000800
0 3 R 0x4002840
0 3 R 0x4004880
0 3 R 0x40068C0
0 3 R 0x4008900
0 3 R 0x400A940
0 3 R 0x400C980
0 3 R 0x400E9C0
0 3 R 0x4000A00
0 3 R 0x4002A40
0 3 R 0x4004A80
0 3 R 0x4006AC0
0 3 R 0x4008B00
0 3 R 0x400AB40
0 3 R 0x400CB80
0 3 R 0x400EBC0
0 3 R 0x4000C00
0 3 R 0x4002C40
0 3 R 0x4004C80
0 3 R 0x4006CC0
0 3 R 0x4008D00
0 3 R 0x400AD40
0 3 R 0x400CD80
0 3 R 0x400EDC0
0 3 R 0x4000E00
0 3 R 0x4002E40
0 3 R 0x4004E80
0 3 R 0x4006EC0
0 3 R 0x4008F00
0 3 R 0x400AF40
0 3 R 0x400CF80
0 3 R 0x400EFC0
0 4 R 0x4000000
0 4 R 0x4002040
0 4 R 0x4004080
0 4 R 0x40060C0
0 4 R 0x4008100
0 4 R 0x400A140
0 4 R 0x400C180
0 4 R 0x400E1C0
0 4 R 0x4000200
0 4 R 0x4002240
0 4 R 0x4004280
0 4 R 0x40062C0
0 4 R 0x4008300
0 4 R 0x400A340
0 4 R 0x400C380
0 4 R 0x400E3C0
0 4 R 0x4000400
0 4 R 0x4002440
0 4 R 0x4004480
0 4 R 0x40064C0
0 4 R 0x4008500
0 4 R 0x400A540
0 4 R 0x400C580
0 4 R 0x400E5C0
0 4 R 0x4000600
0 4 R 0x4002640
0 4 R 0x4004680
0 4 R 0x40066C0
0 4 R 0x4008700
0 4 R 0x400A740
0 4 R 0x400C780
0 4 R 0x400E7C0
0 4 R 0x4000800
0 4 R 0x4002840
0 4 R 0x4004880
0 4 R 0x40068C0
0 4 R 0x4008900
0 4 R 0x400A940
0 4 R 0x400C980
0 4 R 0x400E9C0
0 4 R 0x4000A00
0 4 R 0x4002A40
0 4 R 0x4004A80
0 4 R 0x4006AC0
0 4 R 0x4008B00
0 4 R 0x400AB40
0 4 R 0x400CB80
0 4 R 0x400EBC0
0 4 R 0x4000C00
0 4 R 0x4002C40
0 4 R 0x4004C80
0 4 R 0x4006CC0
0 4 R 0x4008D00
0 4 R 0x400AD40
0 4 R 0x400CD80
0 4 R 0x400EDC0
0 4 R 0x4000E00
0 4 R 0x4002E40
0 4 R 0x4004E80
0 4 R 0x4006EC0
0 4 R 0x4008F00
0 4 R 0x400AF40
0 4 R 0x400CF80
0 4 R 0x400EFC0
0 4 R 0x4000000
0 4 R 0x4002040
0 4 R 0x4004080
0 4 R 0x40060C0
0 4 R 0x4008100
0 4 R 0x400A140
0 4 R 0x400C180
0 4 R 0x400E1C0
0 4 R 0x4000200
0 4 R 0x4002240
0 4 R 0x4004280
0 4 R 0x40062C0
0 4 R 0x4008300
0 4 R 0x400A340
0 4 R 0x400C380
0 4 R 0x400E3C0
0 4 R 0x4000400
0 4 R 0x4002440
0 4 R 0x4004480
0 4 R 0x40064C0
0 4 R 0x4008500
0 4 R 0x400A540
0 4 R 0x400C580
0 4 R 0x400E5C0
0 4 R 0x4000600
0 4 R 0x4002640
0 4 R 0x4004680
0 4 R 0x40066C0
0 4 R 0x4008700
0 4 R 0x400A740
0 4 R 0x400C780
0 4 R 0x400E7C0
0 4 R 0x4000800
0 4 R 0x4002840
0 4 R 0x4004880
0 4 R 0x40068C0
0 4 R 0x4008900
0 4 R 0x400A940
0 4 R 0x400C980
0 4 R 0x400E9C0
0 4 R 0x4000A00
0 4 R 0x4002A40
0 4 R 0x4004A80
0 4 R 0x4006AC0
0 4 R 0x4008B00
0 4 R 0x400AB40
0 4 R 0x400CB80
0 4 R 0x400EBC0
0 4 R 0x4000C00
0 4 R 0x4002C40
0 4 R 0x4004C80
0 4 R 0x4006CC0
0 4 R 0x4008D00
0 4 R 0x400AD40
0 4 R 0x400CD80
0 4 R 0x400EDC0
0 4 R 0x4000E00
0 4 R 0x4002E40
0 4 R 0x4004E80
0 4 R 0x4006EC0
0 4 R 0x4008F00
0 4 R 0x400AF40
0 4 R 0x400CF80
0 4 R 0x400EFC0
0 4 R 0x4000000
0 4 R 0x4002040
0 4 R 0x4004080
0 4 R 0x40060C0
0 4 R 0x4008100
0 4 R 0x400A140
0 4 R 0x400C180
0 4 R 0x400E1C0
0 4 R 0x4000200
0 4 R 0x4002240
0 4 R 0x4004280
0 4 R 0x40062C0
0 4 R 0x4008300
0 4 R 0x400A340
0 4 R 0x400C380
0 4 R 0x400E3C0
0 4 R 0x4000400
0 4 R 0x4002440
0 4 R 0x4004480
0 4 R 0x40064C0
0 4 R 0x4008500
0 4 R 0x400A540
0 4 R 0x400C580
0 4 R 0x400E5C0
0 4 R 0x4000600
0 4 R 0x4002640
0 4 R 0x4004680
0 4 R 0x40066C0
0 4 R 0x4008700
0 4 R 0x400A740
0 4 R 0x400C780
0 4 R 0x400E7C0
0 4 R 0x4000800
0 4 R 0x4002840
0 4 R 0x4004880
0 4 R 0x40068C0
0 4 R 0x4008900
0 4 R 0x400A940
0 4 R 0x400C980
0 4 R 0x400E9C0
0 4 R 0x4000A00
0 4 R 0x4002A40
0 4 R 0x4004A80
0 4 R 0x4006AC0
0 4 R 0x4008B00
0 4 R 0x400AB40
0 4 R 0x400CB80
0 4 R 0x400EBC0
0 4 R 0x4000C00
0 4 R 0x4002C40
0 4 R 0x4004C80
0 4 R 0x4006CC0
0 4 R 0x4008D00
0 4 R 0x400AD40
0 4 R 0x400CD80
0 4 R 0x400EDC0
0 4 R 0x4000E00
0 4 R 0x4002E40
0 4 R 0x4004E80
0 4 R 0x4006EC0
0 4 R 0x4008F00
0 4 R 0x400AF40
0 4 R 0x400CF80
0 4 R 0x400EFC0
0 4 R 0x4000000
0 4 R 0x4002040
0 4 R 0x4004080
0 4 R 0x40060C0
0 4 R 0x4008100
0 4 R 0x400A140
0 4 R 0x400C180
0 4 R 0x400E1C0
0 4 R 0x4000200
0 4 R 0x4002240
0 4 R 0x4004280
0 4 R 0x40062C0
0 4 R 0x4008300
0 4 R 0x400A340
0 4 R 0x400C380
0 4 R 0x400E3C0
0 4 R 0x4000400
0 4 R 0x4002440
0 4 R 0x4004480
0 4 R 0x40064C0
0 4 R 0x4008500
0 4 R 0x400A540
0 4 R 0x400C580
0 4 R 0x400E5C0
0 4 R 0x4000600
0 4 R 0x4002640
0 4 R 0x4004680
0 4 R 0x40066C0
0 4 R 0x4008700
0 4 R 0x400A740
0 4 R 0x400C780
0 4 R 0x400E7C0
0 4 R 0x4000800
0 4 R 0x4002840
0 4 R 0x4004880
0 4 R 0x40068C0
0 4 R 0x4008900
0 4 R 0x400A940
0 4 R 0x400C980
0 4 R 0x400E9C0
0 4 R 0x4000A00
0 4 R 0x4002A40
0 4 R 0x4004A80
0 4 R 0x4006AC0
0 4 R 0x4008B00
0 4 R 0x400AB40
0 4 R 0x400CB80
0 4 R 0x400EBC0
0 4 R 0x4000C00
0 4 R 0x4002C40
0 4 R 0x4004C80
0 4 R 0x4006CC0
0 4 R 0x4008D00
0 4 R 0x400AD40
0 4 R 0x400CD80
0 4 R 0x400EDC0
0 4 R 0x4000E00
0 4 R 0x4002E40
0 4 R 0x4004E80
0 4 R 0x4006EC0
0 4 R 0x4008F00
0 4 R 0x400AF40
0 4 R 0x400CF80
0 4 R 0x400EFC0
0 4 R 0x4000000
0 4 R 0x4002040
0 4 R 0x4004080
0 4 R 0x40060C0
0 4 R 0x4008100
0 4 R 0x400A140
0 4 R 0x400C180
0 4 R 0x400E1C0
0 4 R 0x4000200
0 4 R 0x4002240
0 4 R 0x4004280
0 4 R 0x40062C0
0 4 R 0x4008300
0 4 R 0x400A340
0 4 R 0x400C380
0 4 R 0x400E3C0
0 4 R 0x4000400
0 4 R 0x4002440
0 4 R 0x4004480
0 4 R 0x40064C0
0 4 R 0x4008500
0 4 R 0x400A540
0 4 R 0x400C580
0 4 R 0x400E5C0
0 4 R 0x4000600
0 4 R 0x4002640
0 4 R 0x4004680
0 4 R 0x40066C0
0 4 R 0x4008700
0 4 R 0x400A740
0 4 R 0x400C780
0 4 R 0x400E7C0
0 4 R 0x4000800
0 4 R 0x4002840
0 4 R 0x4004880
0 4 R 0x40068C0
0 4 R 0x4008900
0 4 R 0x400A940
0 4 R 0x400C980
0 4 R 0x400E9C0
0 4 R 0x4000A00
0 4 R 0x4002A40
0 4 R 0x4004A80
0 4 R 0x4006AC0
0 4 R 0x4008B00
0 4 R 0x400AB40
0 4 R 0x400CB80
0 4 R 0x400EBC0
0 4 R 0x4000C00
0 4 R 0x4002C40
0 4 R 0x4004C80
0 4 R 0x4006CC0
0 4 R 0x4008D00
0 4 R 0x400AD40
0 4 R 0x400CD80
0 4 R 0x400EDC0
0 4 R 0x4000E00
0 4 R 0x4002E40
0 4 R 0x4004E80
0 4 R 0x4006EC0
0 4 R 0x4008F00
0 4 R 0x400AF40
0 4 R 0x400CF80
0 4 R 0x400EFC0
0 4 R 0x4000000
0 4 R 0x4002040
0 4 R 0x4004080
0 4 R 0x40060C0
0 4 R 0x4008100
0 4 R 0x400A140
0 4 R 0x400C180
0 4 R 0x400E1C0
0 4 R 0x4000200
0 4 R 0x4002240
0 4 R 0x4004280
0 4 R 0x40062C0
0 4 R 0x4008300
0 4 R 0x400A340
0 4 R 0x400C380
0 4 R 0x400E3C0
0 4 R 0x4000400
0 4 R 0x4002440
0 4 R 0x4004480
0 4 R 0x40064C0
0 4 R 0x4008500
0 4 R 0x400A540
0 4 R 0x400C580
0 4 R 0x400E5C0
0 4 R 0x4000600
0 4 R 0x4002640
0 4 R 0x4004680
0 4 R 0x40066C0
0 4 R 0x4008700
0 4 R 0x400A740
0 4 R 0x400C780
0 4 R 0x400E7C0
0 4 R 0x4000800
0 4 R 0x4002840
0 4 R 0x4004880
0 4 R 0x40068C0
0 4 R 0x4008900
0 4 R 0x400A940
0 4 R 0x400C980
0 4 R 0x400E9C0
0 4 R 0x4000A00
0 4 R 0x4002A40
0 4 R 0x4004A80
0 4 R 0x4006AC0
0 4 R 0x4008B00
0 4 R 0x400AB40
0 4 R 0x400CB80
0 4 R 0x400EBC0
0 4 R 0x4000C00
0 4 R 0x4002C40
0 4 R 0x4004C80
0 4 R 0x4006CC0
0 4 R 0x4008D00
0 4 R 0x400AD40
0 4 R 0x400CD80
0 4 R 0x400EDC0
0 4 R 0x4000E00
0 4 R 0x4002E40
0 4 R 0x4004E80
0 4 R 0x4006EC0
0 4 R 0x4008F00
0 4 R 0x400AF40
0 4 R 0x400CF80
0 4 R 0x400EFC0
0 4 R 0x4000000
0 4 R 0x4002040
0 4 R 0x4004080
0 4 R 0x40060C0
0 4 R 0x4008100
0 4 R 0x400A140
0 4 R 0x400C180
0 4 R 0x400E1C0
0 4 R 0x4000200
0 4 R 0x4002240
0 4 R 0x4004280
0 4 R 0x40062C0
0 4 R 0x4008300
0 4 R 0x400A340
0 4 R 0x400C380
0 4 R 0x400E3C0
0 4 R 0x4000400
0 4 R 0x4002440
0 4 R 0x4004480
0 4 R 0x40064C0
0 4 R 0x4008500
0 4 R 0x400A540
0 4 R 0x400C580
0 4 R 0x400E5C0
0 4 R 0x4000600
0 4 R 0x4002640
0 4 R 0x4004680
0 4 R 0x40066C0
0 4 R 0x4008700
0 4 R 0x400A740
0 4 R 0x400C780
0 4 R 0x400E7C0
0 4 R 0x4000800
0 4 R 0x4002840
0 4 R 0x4004880
0 4 R 0x40068C0
0 4 R 0x4008900
0 4 R 0x400A940
0 4 R 0x400C980
0 4 R 0x400E9C0
0 4 R 0x4000A00
0 4 R 0x4002A40
0 4 R 0x4004A80
0 4 R 0x4006AC0
0 4 R 0x4008B00
0 4 R 0x400AB40
0 4 R 0x400CB80
0 4 R 0x400EBC0
0 4 R 0x4000C00
0 4 R 0x4002C40
0 4 R 0x4004C80
0 4 R 0x4006CC0
0 4 R 0x4008D00
0 4 R 0x400AD40
0 4 R 0x400CD80
0 4 R 0x400EDC0
0 4 R 0x4000E00
0 4 R 0x4002E40
0 4 R 0x4004E80
0 4 R 0x4006EC0
0 4 R 0x4008F00
0 4 R 0x400AF40
0 4 R 0x400CF80
0 4 R 0x400EFC0
0 4 R 0x4000000
0 4 R 0x4002040
0 4 R 0x4004080
0 4 R 0x40060C0
0 4 R 0x4008100
0 4 R 0x400A140
0 4 R 0x400C180
0 4 R 0x400E1C0
0 4 R 0x4000200
0 4 R 0x4002240
0 4 R 0x4004280
0 4 R 0x40062C0
0 4 R 0x4008300
0 4 R 0x400A340
0 4 R 0x400C380
0 4 R 0x400E3C0
0 4 R 0x4000400
0 4 R 0x4002440
0 4 R 0x4004480
0 4 R 0x40064C0
0 4 R 0x4008500
0 4 R 0x400A540
0 4 R 0x400C580
0 4 R 0x400E5C0
0 4 R 0x4000600
0 4 R 0x4002640
0 4 R 0x4004680
0 4 R 0x40066C0
0 4 R 0x4008700
0 4 R 0x400A740
0 4 R 0x400C780
0 4 R 0x400E7C0
0 4 R 0x4000800
0 4 R 0x4002840
0 4 R 0x4004880
0 4 R 0x40068C0
0 4 R 0x4008900
0 4 R 0x400A940
0 4 R 0x400C980
0 4 R 0x400E9C0
0 4 R 0x4000A00
0 4 R 0x4002A40
0 4 R 0x4004A80
0 4 R 0x4006AC0
0 4 R 0x4008B00
0 4 R 0x400AB40
0 4 R 0x400CB80
0 4 R 0x400EBC0
0 4 R 0x4000C00
0 4 R 0x4002C40
0 4 R 0x4004C80
0 4 R 0x4006CC0
0 4 R 0x4008D00
0 4 R 0x400AD40
0 4 R 0x400CD80
0 4 R 0x400EDC0
0 4 R 0x4000E00
0 4 R 0x4002E40
0 4 R 0x4004E80
0 4 R 0x4006EC0
0 4 R 0x4008F00
0 4 R 0x400AF40
0 4 R 0x400CF80
0 4 R 0x400EFC0
0 5 R 0x4000000
0 5 R 0x4002040
0 5 R 0x4004080
0 5 R 0x40060C0
0 5 R 0x4008100
0 5 R 0x400A140
0 5 R 0x400C180
0 5 R 0x400E1C0
0 5 R 0x4000200
0 5 R 0x4002240
0 5 R 0x4004280
0 5 R 0x40062C0
0 5 R 0x4008300
0 5 R 0x400A340
0 5 R 0x400C380
0 5 R 0x400E3C0
0 5 R 0x4000400
0 5 R 0x4002440
0 5 R 0x4004480
0 5 R 0x40064C0
0 5 R 0x4008500
0 5 R 0x400A540
0 5 R 0x400C580
0 5 R 0x400E5C0
0 5 R 0x4000600
0 5 R 0x4002640
0 5 R 0x4004680
0 5 R 0x40066C0
0 5 R 0x4008700
0 5 R 0x400A740
0 5 R 0x400C780
0 5 R 0x400E7C0
0 5 R 0x4000800
0 5 R 0x4002840
0 5 R 0x4004880
0 5 R 0x40068C0
0 5 R 0x4008900
0 5 R 0x400A940
0 5 R 0x400C980
0 5 R 0x400E9C0
0 5 R 0x4000A00
0 5 R 0x4002A40
0 5 R 0x4004A80
0 5 R 0x4006AC0
0 5 R 0x4008B00
0 5 R 0x400AB40
0 5 R 0x400CB80
0 5 R 0x400EBC0
0 5 R 0x4000C00
0 5 R 0x4002C40
0 5 R 0x4004C80
0 5 R 0x4006CC0
0 5 R 0x4008D00
0 5 R 0x400AD40
0 5 R 0x400CD80
0 5 R 0x400EDC0
0 5 R 0x4000E00
0 5 R 0x4002E40
0 5 R 0x4004E80
0 5 R 0x4006EC0
0 5 R 0x4008F00
0 5 R 0x400AF40
0 5 R 0x400CF80
0 5 R 0x400EFC0
0 5 R 0x4000000
0 5 R 0x4002040
0 5 R 0x4004080
0 5 R 0x40060C0
0 5 R 0x4008100
0 5 R 0x400A140
0 5 R 0x400C180
0 5 R 0x400E1C0
0 5 R 0x4000200
0 5 R 0x4002240
0 5 R 0x4004280
0 5 R 0x40062C0
0 5 R 0x4008300
0 5 R 0x400A340
0 5 R 0x400C380
0 5 R 0x400E3C0
0 5 R 0x4000400
0 5 R 0x4002440
0 5 R 0x4004480
0 5 R 0x40064C0
0 5 R 0x4008500
0 5 R 0x400A540
0 5 R 0x400C580
0 5 R 0x400E5C0
0 5 R 0x4000600
0 5 R 0x4002640
0 5 R 0x4004680
0 5 R 0x40066C0
0 5 R 0x4008700
0 5 R 0x400A740
0 5 R 0x400C780
0 5 R 0x400E7C0
0 5 R 0x4000800
0 5 R 0x4002840
0 5 R 0x4004880
0 5 R 0x40068C0
0 5 R 0x4008900
0 5 R 0x400A940
0 5 R 0x400C980
0 5 R 0x400E9C0
0 5 R 0x4000A00
0 5 R 0x4002A40
0 5 R 0x4004A80
0 5 R 0x4006AC0
0 5 R 0x4008B00
0 5 R 0x400AB40
0 5 R 0x400CB80
0 5 R 0x400EBC0
0 5 R 0x4000C00
0 5 R 0x4002C40
0 5 R 0x4004C80
0 5 R 0x4006CC0
0 5 R 0x4008D00
0 5 R 0x400AD40
0 5 R 0x400CD80
0 5 R 0x400EDC0
0 5 R 0x4000E00
0 5 R 0x4002E40
0 5 R 0x4004E80
0 5 R 0x4006EC0
0 5 R 0x4008F00
0 5 R 0x400AF40
0 5 R 0x400CF80
0 5 R 0x400EFC0
0 5 R 0x4000000
0 5 R 0x4002040
0 5 R 0x4004080
0 5 R 0x40060C0
0 5 R 0x4008100
0 5 R 0x400A140
0 5 R 0x400C180
0 5 R 0x400E1C0
0 5 R 0x4000200
0 5 R 0x4002240
0 5 R 0x4004280
0 5 R 0x40062C0
0 5 R 0x4008300
0 5 R 0x400A340
0 5 R 0x400C380
0 5 R 0x400E3C0
0 5 R 0x4000400
0 5 R 0x4002440
0 5 R 0x4004480
0 5 R 0x40064C0
0 5 R 0x4008500
0 5 R 0x400A540
0 5 R 0x400C580
0 5 R 0x400E5C0
0 5 R 0x4000600
0 5 R 0x4002640
0 5 R 0x4004680
0 5 R 0x40066C0
0 5 R 0x4008700
0 5 R 0x400A740
0 5 R 0x400C780
0 5 R 0x400E7C0
0 5 R 0x4000800
0 5 R 0x4002840
0 5 R 0x4004880
0 5 R 0x40068C0
0 5 R 0x4008900
0 5 R 0x400A940
0 5 R 0x400C980
0 5 R 0x400E9C0
0 5 R 0x4000A00
0 5 R 0x4002A40
0 5 R 0x4004A80
0 5 R 0x4006AC0
0 5 R 0x4008B00
0 5 R 0x400AB40
0 5 R 0x400CB80
0 5 R 0x400EBC0
0 5 R 0x4000C00
0 5 R 0x4002C40
0 5 R 0x4004C80
0 5 R 0x4006CC0
0 5 R 0x4008D00
0 5 R 0x400AD40
0 5 R 0x400CD80
0 5 R 0x400EDC0
0 5 R 0x4000E00
0 5 R 0x4002E40
0 5 R 0x4004E80
0 5 R 0x4006EC0
0 5 R 0x4008F00
0 5 R 0x400AF40
0 5 R 0x400CF80
0 5 R 0x400EFC0
0 5 R 0x4000000
0 5 R 0x4002040
0 5 R 0x4004080
0 5 R 0x40060C0
0 5 R 0x4008100
0 5 R 0x400A140
0 5 R 0x400C180
0 5 R 0x400E1C0
0 5 R 0x4000200
0 5 R 0x4002240
0 5 R 0x4004280
0 5 R 0x40062C0
0 5 R 0x4008300
0 5 R 0x400A340
0 5 R 0x400C380
0 5 R 0x400E3C0
0 5 R 0x4000400
0 5 R 0x4002440
0 5 R 0x4004480
0 5 R 0x40064C0
0 5 R 0x4008500
0 5 R 0x400A540
0 5 R 0x400C580
0 5 R 0x400E5C0
0 5 R 0x4000600
0 5 R 0x4002640
0 5 R 0x4004680
0 5 R 0x40066C0
0 5 R 0x4008700
0 5 R 0x400A740
0 5 R 0x400C780
0 5 R 0x400E7C0
0 5 R 0x4000800
0 5 R 0x4002840
0 5 R 0x4004880
0 5 R 0x40068C0
0 5 R 0x4008900
0 5 R 0x400A940
0 5 R 0x400C980
0 5 R 0x400E9C0
0 5 R 0x4000A00
0 5 R 0x4002A40
0 5 R 0x4004A80
0 5 R 0x4006AC0
0 5 R 0x4008B00
0 5 R 0x400AB40
0 5 R 0x400CB80
0 5 R 0x400EBC0
0 5 R 0x4000C00
0 5 R 0x4002C40
0 5 R 0x4004C80
0 5 R 0x4006CC0
0 5 R 0x4008D00
0 5 R 0x400AD40
0 5 R 0x400CD80
0 5 R 0x400EDC0
0 5 R 0x4000E00
0 5 R 0x4002E40
0 5 R 0x4004E80
0 5 R 0x4006EC0
0 5 R 0x4008F00
0 5 R 0x400AF40
0 5 R 0x400CF80
0 5 R 0x400EFC0
0 5 R 0x4000000
0 5 R 0x4002040
0 5 R 0x4004080
0 5 R 0x40060C0
0 5 R 0x4008100
0 5 R 0x400A140
0 5 R 0x400C180
0 5 R 0x400E1C0
0 5 R 0x4000200
0 5 R 0x4002240
0 5 R 0x4004280
0 5 R 0x40062C0
0 5 R 0x4008300
0 5 R 0x400A340
0 5 R 0x400C380
0 5 R 0x400E3C0
0 5 R 0x4000400
0 5 R 0x4002440
0 5 R 0x4004480
0 5 R 0x40064C0
0 5 R 0x4008500
0 5 R 0x400A540
0 5 R 0x400C580
0 5 R 0x400E5C0
0 5 R 0x4000600
0 5 R 0x4002640
0 5 R 0x4004680
0 5 R 0x40066C0
0 5 R 0x4008700
0 5 R 0x400A740
0 5 R 0x400C780
0 5 R 0x400E7C0
0 5 R 0x4000800
0 5 R 0x4002840
0 5 R 0x4004880
0 5 R 0x40068C0
0 5 R 0x4008900
0 5 R 0x400A940
0 5 R 0x400C980
0 5 R 0x400E9C0
0 5 R 0x4000A00
0 5 R 0x4002A40
0 5 R 0x4004A80
0 5 R 0x4006AC0
0 5 R 0x4008B00
0 5 R 0x400AB40
0 5 R 0x400CB80
0 5 R 0x400EBC0
0 5 R 0x4000C00
0 5 R 0x4002C40
0 5 R 0x4004C80
0 5 R 0x4006CC0
0 5 R 0x4008D00
0 5 R 0x400AD40
0 5 R 0x400CD80
0 5 R 0x400EDC0
0 5 R 0x4000E00
0 5 R 0x4002E40
0 5 R 0x4004E80
0 5 R 0x4006EC0
0 5 R 0x4008F00
0 5 R 0x400AF40
0 5 R 0x400CF80
0 5 R 0x400EFC0
0 5 R 0x4000000
0 5 R 0x4002040
0 5 R 0x4004080
0 5 R 0x40060C0
0 5 R 0x4008100
0 5 R 0x400A140
0 5 R 0x400C180
0 5 R 0x400E1C0
0 5 R 0x4000200
0 5 R 0x4002240
0 5 R 0x4004280
0 5 R 0x40062C0
0 5 R 0x4008300
0 5 R 0x400A340
0 5 R 0x400C380
0 5 R 0x400E3C0
0 5 R 0x4000400
0 5 R 0x4002440
0 5 R 0x4004480
0 5 R 0x40064C0
0 5 R 0x4008500
0 5 R 0x400A540
0 5 R 0x400C580
0 5 R 0x400E5C0
0 5 R 0x4000600
0 5 R 0x4002640
0 5 R 0x4004680
0 5 R 0x40066C0
0 5 R 0x4008700
0 5 R 0x400A740
0 5 R 0x400C780
0 5 R 0x400E7C0
0 5 R 0x4000800
0 5 R 0x4002840
0 5 R 0x4004880
0 5 R 0x40068C0
0 5 R 0x4008900
0 5 R 0x400A940
0 5 R 0x400C980
0 5 R 0x400E9C0
0 5 R 0x4000A00
0 5 R 0x4002A40
0 5 R 0x4004A80
0 5 R 0x4006AC0
0 5 R 0x4008B00
0 5 R 0x400AB40
0 5 R 0x400CB80
0 5 R 0x400EBC0
0 5 R 0x4000C00
0 5 R 0x4002C40
0 5 R 0x4004C80
0 5 R 0x4006CC0
0 5 R 0x4008D00
0 5 R 0x400AD40
0 5 R 0x400CD80
0 5 R 0x400EDC0
0 5 R 0x4000E00
0 5 R 0x4002E40
0 5 R 0x4004E80
0 5 R 0x4006EC0
0 5 R 0x4008F00
0 5 R 0x400AF40
0 5 R 0x400CF80
0 5 R 0x400EFC0
0 5 R 0x4000000
0 5 R 0x4002040
0 5 R 0x4004080
0 5 R 0x40060C0
0 5 R 0x4008100
0 5 R 0x400A140
0 5 R 0x400C180
0 5 R 0x400E1C0
0 5 R 0x4000200
0 5 R 0x4002240
0 5 R 0x4004280
0 5 R 0x40062C0
0 5 R 0x4008300
0 5 R 0x400A340
0 5 R 0x400C380
0 5 R 0x400E3C0
0 5 R 0x4000400
0 5 R 0x4002440
0 5 R 0x4004480
0 5 R 0x40064C0
0 5 R 0x4008500
0 5 R 0x400A540
0 5 R 0x400C580
0 5 R 0x400E5C0
0 5 R 0x4000600
0 5 R 0x4002640
0 5 R 0x4004680
0 5 R 0x40066C0
0 5 R 0x4008700
0 5 R 0x400A740
0 5 R 0x400C780
0 5 R 0x400E7C0
0 5 R 0x4000800
0 5 R 0x4002840
0 5 R 0x4004880
0 5 R 0x40068C0
0 5 R 0x4008900
0 5 R 0x400A940
0 5 R 0x400C980
0 5 R 0x400E9C0
0 5 R 0x4000A00
0 5 R 0x4002A40
0 5 R 0x4004A80
0 5 R 0x4006AC0
0 5 R 0x4008B00
0 5 R 0x400AB40
0 5 R 0x400CB80
0 5 R 0x400EBC0
0 5 R 0x4000C00
0 5 R 0x4002C40
0 5 R 0x4004C80
0 5 R 0x4006CC0
0 5 R 0x4008D00
0 5 R 0x400AD40
0 5 R 0x400CD80
0 5 R 0x400EDC0
0 5 R 0x4000E00
0 5 R 0x4002E40
0 5 R 0x4004E80
0 5 R 0x4006EC0
0 5 R 0x4008F00
0 5 R 0x400AF40
0 5 R 0x400CF80
0 5 R 0x400EFC0
0 5 R 0x4000000
0 5 R 0x4002040
0 5 R 0x4004080
0 5 R 0x40060C0
0 5 R 0x4008100
0 5 R 0x400A140
0 5 R 0x400C180
0 5 R 0x400E1C0
0 5 R 0x4000200
0 5 R 0x4002240
0 5 R 0x4004280
0 5 R 0x40062C0
0 5 R 0x4008300
0 5 R 0x400A340
0 5 R 0x400C380
0 5 R 0x400E3C0
0 5 R 0x4000400
0 5 R 0x4002440
0 5 R 0x4004480
0 5 R 0x40064C0
0 5 R 0x4008500
0 5 R 0x400A540
0 5 R 0x400C580
0 5 R 0x400E5C0
0 5 R 0x4000600
0 5 R 0x4002640
0 5 R 0x4004680
0 5 R 0x40066C0
0 5 R 0x4008700
0 5 R 0x400A740
0 5 R 0x400C780
0 5 R 0x400E7C0
0 5 R 0x4000800
0 5 R 0x4002840
0 5 R 0x4004880
0 5 R 0x40068C0
0 5 R 0x4008900
0 5 R 0x400A940
0 5 R 0x400C980
0 5 R 0x400E9C0
0 5 R 0x4000A00
0 5 R 0x4002A40
0 5 R 0x4004A80
0 5 R 0x4006AC0
0 5 R 0x4008B00
0 5 R 0x400AB40
0 5 R 0x400CB80
0 5 R 0x400EBC0
0 5 R 0x4000C00
0 5 R 0x4002C40
0 5 R 0x4004C80
0 5 R 0x4006CC0
0 5 R 0x4008D00
0 5 R 0x400AD40
0 5 R 0x400CD80
0 5 R 0x400EDC0
0 5 R 0x4000E00
0 5 R 0x4002E40
0 5 R 0x4004E80
0 5 R 0x4006EC0
0 5 R 0x4008F00
0 5 R 0x400AF40
0 5 R 0x400CF80
0 5 R 0x400EFC0
0 6 R 0x4000000
0 6 R 0x4002040
0 6 R 0x4004080
0 6 R 0x40060C0
0 6 R 0x4008100
0 6 R 0x400A140
0 6 R 0x400C180
0 6 R 0x400E1C0
0 6 R 0x4000200
0 6 R 0x4002240
0 6 R 0x4004280
0 6 R 0x40062C0
0 6 R 0x4008300
0 6 R 0x400A340
0 6 R 0x400C380
0 6 R 0x400E3C0
0 6 R 0x4000400
0 6 R 0x4002440
0 6 R 0x4004480
0 6 R 0x40064C0
0 6 R 0x4008500
0 6 R 0x400A540
0 6 R 0x400C580
0 6 R 0x400E5C0
0 6 R 0x4000600
0 6 R 0x4002640
0 6 R 0x4004680
0 6 R 0x40066C0
0 6 R 0x4008700
0 6 R 0x400A740
0 6 R 0x400C780
0 6 R 0x400E7C0
0 6 R 0x4000800
0 6 R 0x4002840
0 6 R 0x4004880
0 6 R 0x40068C0
0 6 R 0x4008900
0 6 R 0x400A940
0 6 R 0x400C980
0 6 R 0x400E9C0
0 6 R 0x4000A00
0 6 R 0x4002A40
0 6 R 0x4004A80
0 6 R 0x4006AC0
0 6 R 0x4008B00
0 6 R 0x400AB40
0 6 R 0x400CB80
0 6 R 0x400EBC0
0 6 R 0x4000C00
0 6 R 0x4002C40
0 6 R 0x4004C80
0 6 R 0x4006CC0
0 6 R 0x4008D00
0 6 R 0x400AD40
0 6 R 0x400CD80
0 6 R 0x400EDC0
0 6 R 0x4000E00
0 6 R 0x4002E40
0 6 R 0x4004E80
0 6 R 0x4006EC0
0 6 R 0x4008F00
0 6 R 0x400AF40
0 6 R 0x400CF80
0 6 R 0x400EFC0
0 6 R 0x4000000
0 6 R 0x4002040
0 6 R 0x4004080
0 6 R 0x40060C0
0 6 R 0x4008100
0 6 R 0x400A140
0 6 R 0x400C180
0 6 R 0x400E1C0
0 6 R 0x4000200
0 6 R 0x4002240
0 6 R 0x4004280
0 6 R 0x40062C0
0 6 R 0x4008300
0 6 R 0x400A340
0 6 R 0x400C380
0 6 R 0x400E3C0
0 6 R 0x4000400
0 6 R 0x4002440
0 6 R 0x4004480
0 6 R 0x40064C0
0 6 R 0x4008500
0 6 R 0x400A540
0 6 R 0x400C580
0 6 R 0x400E5C0
0 6 R 0x4000600
0 6 R 0x4002640
0 6 R 0x4004680
0 6 R 0x40066C0
0 6 R 0x4008700
0 6 R 0x400A740
0 6 R 0x400C780
0 6 R 0x400E7C0
0 6 R 0x4000800
0 6 R 0x4002840
0 6 R 0x4004880
0 6 R 0x40068C0
0 6 R 0x4008900
0 6 R 0x400A940
0 6 R 0x400C980
0 6 R 0x400E9C0
0 6 R 0x4000A00
0 6 R 0x4002A40
0 6 R 0x4004A80
0 6 R 0x4006AC0
0 6 R 0x4008B00
0 6 R 0x400AB40
0 6 R 0x400CB80
0 6 R 0x400EBC0
0 6 R 0x4000C00
0 6 R 0x4002C40
0 6 R 0x4004C80
0 6 R 0x4006CC0
0 6 R 0x4008D00
0 6 R 0x400AD40
0 6 R 0x400CD80
0 6 R 0x400EDC0
0 6 R 0x4000E00
0 6 R 0x4002E40
0 6 R 0x4004E80
0 6 R 0x4006EC0
0 6 R 0x4008F00
0 6 R 0x400AF40
0 6 R 0x400CF80
0 6 R 0x400EFC0
0 6 R 0x4000000
0 6 R 0x4002040
0 6 R 0x4004080
0 6 R 0x40060C0
0 6 R 0x4008100
0 6 R 0x400A140
0 6 R 0x400C180
0 6 R 0x400E1C0
0 6 R 0x4000200
0 6 R 0x4002240
0 6 R 0x4004280
0 6 R 0x40062C0
0 6 R 0x4008300
0 6 R 0x400A340
0 6 R 0x400C380
0 6 R 0x400E3C0
0 6 R 0x4000400
0 6 R 0x4002440
0 6 R 0x4004480
0 6 R 0x40064C0
0 6 R 0x4008500
0 6 R 0x400A540
0 6 R 0x400C580
0 6 R 0x400E5C0
0 6 R 0x4000600
0 6 R 0x4002640
0 6 R 0x4004680
0 6 R 0x40066C0
0 6 R 0x4008700
0 6 R 0x400A740
0 6 R 0x400C780
0 6 R 0x400E7C0
0 6 R 0x4000800
0 6 R 0x4002840
0 6 R 0x4004880
0 6 R 0x40068C0
0 6 R 0x4008900
0 6 R 0x400A940
0 6 R 0x400C980
0 6 R 0x400E9C0
0 6 R 0x4000A00
0 6 R 0x4002A40
0 6 R 0x4004A80
0 6 R 0x4006AC0
0 6 R 0x4008B00
0 6 R 0x400AB40
0 6 R 0x400CB80
0 6 R 0x400EBC0
0 6 R 0x4000C00
0 6 R 0x4002C40
0 6 R 0x4004C80
0 6 R 0x4006CC0
0 6 R 0x4008D00
0 6 R 0x400AD40
0 6 R 0x400CD80
0 6 R 0x400EDC0
0 6 R 0x4000E00
0 6 R 0x4002E40
0 6 R 0x4004E80
0 6 R 0x4006EC0
0 6 R 0x4008F00
0 6 R 0x400AF40
0 6 R 0x400CF80
0 6 R 0x400EFC0
0 6 R 0x4000000
0 6 R 0x4002040
0 6 R 0x4004080
0 6 R 0x40060C0
0 6 R 0x4008100
0 6 R 0x400A140
0 6 R 0x400C180
0 6 R 0x400E1C0
0 6 R 0x4000200
0 6 R 0x4002240
0 6 R 0x4004280
0 6 R 0x40062C0
0 6 R 0x4008300
0 6 R 0x400A340
0 6 R 0x400C380
0 6 R 0x400E3C0
0 6 R 0x4000400
0 6 R 0x4002440
0 6 R 0x4004480
0 6 R 0x40064C0
0 6 R 0x4008500
0 6 R 0x400A540
0 6 R 0x400C580
0 6 R 0x400E5C0
0 6 R 0x4000600
0 6 R 0x4002640
0 6 R 0x4004680
0 6 R 0x40066C0
0 6 R 0x4008700
0 6 R 0x400A740
0 6 R 0x400C780
0 6 R 0x400E7C0
0 6 R 0x4000800
0 6 R 0x4002840
0 6 R 0x4004880
0 6 R 0x40068C0
0 6 R 0x4008900
0 6 R 0x400A940
0 6 R 0x400C980
0 6 R 0x400E9C0
0 6 R 0x4000A00
0 6 R 0x4002A40
0 6 R 0x4004A80
0 6 R 0x4006AC0
0 6 R 0x4008B00
0 6 R 0x400AB40
0 6 R 0x400CB80
0 6 R 0x400EBC0
0 6 R 0x4000C00
0 6 R 0x4002C40
0 6 R 0x4004C80
0 6 R 0x4006CC0
0 6 R 0x4008D00
0 6 R 0x400AD40
0 6 R 0x400CD80
0 6 R 0x400EDC0
0 6 R 0x4000E00
0 6 R 0x4002E40
0 6 R 0x4004E80
0 6 R 0x4006EC0
0 6 R 0x4008F00
0 6 R 0x400AF40
0 6 R 0x400CF80
0 6 R 0x400EFC0
0 6 R 0x4000000
0 6 R 0x4002040
0 6 R 0x4004080
0 6 R 0x40060C0
0 6 R 0x4008100
0 6 R 0x400A140
0 6 R 0x400C180
0 6 R 0x400E1C0
0 6 R 0x4000200
0 6 R 0x4002240
0 6 R 0x4004280
0 6 R 0x40062C0
0 6 R 0x4008300
0 6 R 0x400A340
0 6 R 0x400C380
0 6 R 0x400E3C0
0 6 R 0x4000400
0 6 R 0x4002440
0 6 R 0x4004480
0 6 R 0x40064C0
0 6 R 0x4008500
0 6 R 0x400A540
0 6 R 0x400C580
0 6 R 0x400E5C0
0 6 R 0x4000600
0 6 R 0x4002640
0 6 R 0x4004680
0 6 R 0x40066C0
0 6 R 0x4008700
0 6 R 0x400A740
0 6 R 0x400C780
0 6 R 0x400E7C0
0 6 R 0x4000800
0 6 R 0x4002840
0 6 R 0x4004880
0 6 R 0x40068C0
0 6 R 0x4008900
0 6 R 0x400A940
0 6 R 0x400C980
0 6 R 0x400E9C0
0 6 R 0x4000A00
0 6 R 0x4002A40
0 6 R 0x4004A80
0 6 R 0x4006AC0
0 6 R 0x4008B00
0 6 R 0x400AB40
0 6 R 0x400CB80
0 6 R 0x400EBC0
0 6 R 0x4000C00
0 6 R 0x4002C40
0 6 R 0x4004C80
0 6 R 0x4006CC0
0 6 R 0x4008D00
0 6 R 0x400AD40
0 6 R 0x400CD80
0 6 R 0x400EDC0
0 6 R 0x4000E00
0 6 R 0x4002E40
0 6 R 0x4004E80
0 6 R 0x4006EC0
0 6 R 0x4008F00
0 6 R 0x400AF40
0 6 R 0x400CF80
0 6 R 0x400EFC0
0 6 R 0x4000000
0 6 R 0x4002040
0 6 R 0x4004080
0 6 R 0x40060C0
0 6 R 0x4008100
0 6 R 0x400A140
0 6 R 0x400C180
0 6 R 0x400E1C0
0 6 R 0x4000200
0 6 R 0x4002240
0 6 R 0x4004280
0 6 R 0x40062C0
0 6 R 0x4008300
0 6 R 0x400A340
0 6 R 0x400C380
0 6 R 0x400E3C0
0 6 R 0x4000400
0 6 R 0x4002440
0 6 R 0x4004480
0 6 R 0x40064C0
0 6 R 0x4008500
0 6 R 0x400A540
0 6 R 0x400C580
0 6 R 0x400E5C0
0 6 R 0x4000600
0 6 R 0x4002640
0 6 R 0x4004680
0 6 R 0x40066C0
0 6 R 0x4008700
0 6 R 0x400A740
0 6 R 0x400C780
0 6 R 0x400E7C0
0 6 R 0x4000800
0 6 R 0x4002840
0 6 R 0x4004880
0 6 R 0x40068C0
0 6 R 0x4008900
0 6 R 0x400A940
0 6 R 0x400C980
0 6 R 0x400E9C0
0 6 R 0x4000A00
0 6 R 0x4002A40
0 6 R 0x4004A80
0 6 R 0x4006AC0
0 6 R 0x4008B00
0 6 R 0x400AB40
0 6 R 0x400CB80
0 6 R 0x400EBC0
0 6 R 0x4000C00
0 6 R 0x4002C40
0 6 R 0x4004C80
0 6 R 0x4006CC0
0 6 R 0x4008D00
0 6 R 0x400AD40
0 6 R 0x400CD80
0 6 R 0x400EDC0
0 6 R 0x4000E00
0 6 R 0x4002E40
0 6 R 0x4004E80
0 6 R 0x4006EC0
0 6 R 0x4008F00
0 6 R 0x400AF40
0 6 R 0x400CF80
0 6 R 0x400EFC0
0 6 R 0x4000000
0 6 R 0x4002040
0 6 R 0x4004080
0 6 R 0x40060C0
0 6 R 0x4008100
0 6 R 0x400A140
0 6 R 0x400C180
0 6 R 0x400E1C0
0 6 R 0x4000200
0 6 R 0x4002240
0 6 R 0x4004280
0 6 R 0x40062C0
0 6 R 0x4008300
0 6 R 0x400A340
0 6 R 0x400C380
0 6 R 0x400E3C0
0 6 R 0x4000400
0 6 R 0x4002440
0 6 R 0x4004480
0 6 R 0x40064C0
0 6 R 0x4008500
0 6 R 0x400A540
0 6 R 0x400C580
0 6 R 0x400E5C0
0 6 R 0x4000600
0 6 R 0x4002640
0 6 R 0x4004680
0 6 R 0x40066C0
0 6 R 0x4008700
0 6 R 0x400A740
0 6 R 0x400C780
0 6 R 0x400E7C0
0 6 R 0x4000800
0 6 R 0x4002840
0 6 R 0x4004880
0 6 R 0x40068C0
0 6 R 0x4008900
0 6 R 0x400A940
0 6 R 0x400C980
0 6 R 0x400E9C0
0 6 R 0x4000A00
0 6 R 0x4002A40
0 6 R 0x4004A80
0 6 R 0x4006AC0
0 6 R 0x4008B00
0 6 R 0x400AB40
0 6 R 0x400CB80
0 6 R 0x400EBC0
0 6 R 0x4000C00
0 6 R 0x4002C40
0 6 R 0x4004C80
0 6 R 0x4006CC0
0 6 R 0x4008D00
0 6 R 0x400AD40
0 6 R 0x400CD80
0 6 R 0x400EDC0
0 6 R 0x4000E00
0 6 R 0x4002E40
0 6 R 0x4004E80
0 6 R 0x4006EC0
0 6 R 0x4008F00
0 6 R 0x400AF40
0 6 R 0x400CF80
0 6 R 0x400EFC0
0 6 R 0x4000000
0 6 R 0x4002040
0 6 R 0x4004080
0 6 R 0x40060C0
0 6 R 0x4008100
0 6 R 0x400A140
0 6 R 0x400C180
0 6 R 0x400E1C0
0 6 R 0x4000200
0 6 R 0x4002240
0 6 R 0x4004280
0 6 R 0x40062C0
0 6 R 0x4008300
0 6 R 0x400A340
0 6 R 0x400C380
0 6 R 0x400E3C0
0 6 R 0x4000400
0 6 R 0x4002440
0 6 R 0x4004480
0 6 R 0x40064C0
0 6 R 0x4008500
0 6 R 0x400A540
0 6 R 0x400C580
0 6 R 0x400E5C0
0 6 R 0x4000600
0 6 R 0x4002640
0 6 R 0x4004680
0 6 R 0x40066C0
0 6 R 0x4008700
0 6 R 0x400A740
0 6 R 0x400C780
0 6 R 0x400E7C0
0 6 R 0x4000800
0 6 R 0x4002840
0 6 R 0x4004880
0 6 R 0x40068C0
0 6 R 0x4008900
0 6 R 0x400A940
0 6 R 0x400C980
0 6 R 0x400E9C0
0 6 R 0x4000A00
0 6 R 0x4002A40
0 6 R 0x4004A80
0 6 R 0x4006AC0
0 6 R 0x4008B00
0 6 R 0x400AB40
0 6 R 0x400CB80
0 6 R 0x400EBC0
0 6 R 0x4000C00
0 6 R 0x4002C40
0 6 R 0x4004C80
0 6 R 0x4006CC0
0 6 R 0x4008D00
0 6 R 0x400AD40
0 6 R 0x400CD80
0 6 R 0x400EDC0
0 6 R 0x4000E00
0 6 R 0x4002E40
0 6 R 0x4004E80
0 6 R 0x4006EC0
0 6 R 0x4008F00
0 6 R 0x400AF40
0 6 R 0x400CF80
0 6 R 0x400EFC0
0 7 R 0x4000000
0 7 R 0x4002040
0 7 R 0x4004080
0 7 R 0x40060C0
0 7 R 0x4008100
0 7 R 0x400A140
0 7 R 0x400C180
0 7 R 0x400E1C0
0 7 R 0x4000200
0 7 R 0x4002240
0 7 R 0x4004280
0 7 R 0x40062C0
0 7 R 0x4008300
0 7 R 0x400A340
0 7 R 0x400C380
0 7 R 0x400E3C0
0 7 R 0x4000400
0 7 R 0x4002440
0 7 R 0x4004480
0 7 R 0x40064C0
0 7 R 0x4008500
0 7 R 0x400A540
0 7 R 0x400C580
0 7 R 0x400E5C0
0 7 R 0x4000600
0 7 R 0x4002640
0 7 R 0x4004680
0 7 R 0x40066C0
0 7 R 0x4008700
0 7 R 0x400A740
0 7 R 0x400C780
0 7 R 0x400E7C0
0 7 R 0x4000800
0 7 R 0x4002840
0 7 R 0x4004880
0 7 R 0x40068C0
0 7 R 0x4008900
0 7 R 0x400A940
0 7 R 0x400C980
0 7 R 0x400E9C0
0 7 R 0x4000A00
0 7 R 0x4002A40
0 7 R 0x4004A80
0 7 R 0x4006AC0
0 7 R 0x4008B00
0 7 R 0x400AB40
0 7 R 0x400CB80
0 7 R 0x400EBC0
0 7 R 0x4000C00
0 7 R 0x4002C40
0 7 R 0x4004C80
0 7 R 0x4006CC0
0 7 R 0x4008D00
0 7 R 0x400AD40
0 7 R 0x400CD80
0 7 R 0x400EDC0
0 7 R 0x4000E00
0 7 R 0x4002E40
0 7 R 0x4004E80
0 7 R 0x4006EC0
0 7 R 0x4008F00
0 7 R 0x400AF40
0 7 R 0x400CF80
0 7 R 0x400EFC0
0 7 R 0x4000000
0 7 R 0x4002040
0 7 R 0x4004080
0 7 R 0x40060C0
0 7 R 0x4008100
0 7 R 0x400A140
0 7 R 0x400C180
0 7 R 0x400E1C0
0 7 R 0x4000200
0 7 R 0x4002240
0 7 R 0x4004280
0 7 R 0x40062C0
0 7 R 0x4008300
0 7 R 0x400A340
0 7 R 0x400C380
0 7 R 0x400E3C0
0 7 R 0x4000400
0 7 R 0x4002440
0 7 R 0x4004480
0 7 R 0x40064C0
0 7 R 0x4008500
0 7 R 0x400A540
0 7 R 0x400C580
0 7 R 0x400E5C0
0 7 R 0x4000600
0 7 R 0x4002640
0 7 R 0x4004680
0 7 R 0x40066C0
0 7 R 0x4008700
0 7 R 0x400A740
0 7 R 0x400C780
0 7 R 0x400E7C0
0 7 R 0x4000800
0 7 R 0x4002840
0 7 R 0x4004880
0 7 R 0x40068C0
0 7 R 0x4008900
0 7 R 0x400A940
0 7 R 0x400C980
0 7 R 0x400E9C0
0 7 R 0x4000A00
0 7 R 0x4002A40
0 7 R 0x4004A80
0 7 R 0x4006AC0
0 7 R 0x4008B00
0 7 R 0x400AB40
0 7 R 0x400CB80
0 7 R 0x400EBC0
0 7 R 0x4000C00
0 7 R 0x4002C40
0 7 R 0x4004C80
0 7 R 0x4006CC0
0 7 R 0x4008D00
0 7 R 0x400AD40
0 7 R 0x400CD80
0 7 R 0x400EDC0
0 7 R 0x4000E00
0 7 R 0x4002E40
0 7 R 0x4004E80
0 7 R 0x4006EC0
0 7 R 0x4008F00
0 7 R 0x400AF40
0 7 R 0x400CF80
0 7 R 0x400EFC0
0 7 R 0x4000000
0 7 R 0x4002040
0 7 R 0x4004080
0 7 R 0x40060C0
0 7 R 0x4008100
0 7 R 0x400A140
0 7 R 0x400C180
0 7 R 0x400E1C0
0 7 R 0x4000200
0 7 R 0x4002240
0 7 R 0x4004280
0 7 R 0x40062C0
0 7 R 0x4008300
0 7 R 0x400A340
0 7 R 0x400C380
0 7 R 0x400E3C0
0 7 R 0x4000400
0 7 R 0x4002440
0 7 R 0x4004480
0 7 R 0x40064C0
0 7 R 0x4008500
0 7 R 0x400A540
0 7 R 0x400C580
0 7 R 0x400E5C0
0 7 R 0x4000600
0 7 R 0x4002640
0 7 R 0x4004680
0 7 R 0x40066C0
0 7 R 0x4008700
0 7 R 0x400A740
0 7 R 0x400C780
0 7 R 0x400E7C0
0 7 R 0x4000800
0 7 R 0x4002840
0 7 R 0x4004880
0 7 R 0x40068C0
0 7 R 0x4008900
0 7 R 0x400A940
0 7 R 0x400C980
0 7 R 0x400E9C0
0 7 R 0x4000A00
0 7 R 0x4002A40
0 7 R 0x4004A80
0 7 R 0x4006AC0
0 7 R 0x4008B00
0 7 R 0x400AB40
0 7 R 0x400CB80
0 7 R 0x400EBC0
0 7 R 0x4000C00
0 7 R 0x4002C40
0 7 R 0x4004C80
0 7 R 0x4006CC0
0 7 R 0x4008D00
0 7 R 0x400AD40
0 7 R 0x400CD80
0 7 R 0x400EDC0
0 7 R 0x4000E00
0 7 R 0x4002E40
0 7 R 0x4004E80
0 7 R 0x4006EC0
0 7 R 0x4008F00
0 7 R 0x400AF40
0 7 R 0x400CF80
0 7 R 0x400EFC0
0 7 R 0x4000000
0 7 R 0x4002040
0 7 R 0x4004080
0 7 R 0x40060C0
0 7 R 0x4008100
0 7 R 0x400A140
0 7 R 0x400C180
0 7 R 0x400E1C0
0 7 R 0x4000200
0 7 R 0x4002240
0 7 R 0x4004280
0 7 R 0x40062C0
0 7 R 0x4008300
0 7 R 0x400A340
0 7 R 0x400C380
0 7 R 0x400E3C0
0 7 R 0x4000400
0 7 R 0x4002440
0 7 R 0x4004480
0 7 R 0x40064C0
0 7 R 0x4008500
0 7 R 0x400A540
0 7 R 0x400C580
0 7 R 0x400E5C0
0 7 R 0x4000600
0 7 R 0x4002640
0 7 R 0x4004680
0 7 R 0x40066C0
0 7 R 0x4008700
0 7 R 0x400A740
0 7 R 0x400C780
0 7 R 0x400E7C0
0 7 R 0x4000800
0 7 R 0x4002840
0 7 R 0x4004880
0 7 R 0x40068C0
0 7 R 0x4008900
0 7 R 0x400A940
0 7 R 0x400C980
0 7 R 0x400E9C0
0 7 R 0x4000A00
0 7 R 0x4002A40
0 7 R 0x4004A80
0 7 R 0x4006AC0
0 7 R 0x4008B00
0 7 R 0x400AB40
0 7 R 0x400CB80
0 7 R 0x400EBC0
0 7 R 0x4000C00
0 7 R 0x4002C40
0 7 R 0x4004C80
0 7 R 0x4006CC0
0 7 R 0x4008D00
0 7 R 0x400AD40
0 7 R 0x400CD80
0 7 R 0x400EDC0
0 7 R 0x4000E00
0 7 R 0x4002E40
0 7 R 0x4004E80
0 7 R 0x4006EC0
0 7 R 0x4008F00
0 7 R 0x400AF40
0 7 R 0x400CF80
0 7 R 0x400EFC0
0 7 R 0x4000000
0 7 R 0x4002040
0 7 R 0x4004080
0 7 R 0x40060C0
0 7 R 0x4008100
0 7 R 0x400A140
0 7 R 0x400C180
0 7 R 0x400E1C0
0 7 R 0x4000200
0 7 R 0x4002240
0 7 R 0x4004280
0 7 R 0x40062C0
0 7 R 0x4008300
0 7 R 0x400A340
0 7 R 0x400C380
0 7 R 0x400E3C0
0 7 R 0x4000400
0 7 R 0x4002440
0 7 R 0x4004480
0 7 R 0x40064C0
0 7 R 0x4008500
0 7 R 0x400A540
0 7 R 0x400C580
0 7 R 0x400E5C0
0 7 R 0x4000600
0 7 R 0x4002640
0 7 R 0x4004680
0 7 R 0x40066C0
0 7 R 0x4008700
0 7 R 0x400A740
0 7 R 0x400C780
0 7 R 0x400E7C0
0 7 R 0x4000800
0 7 R 0x4002840
0 7 R 0x4004880
0 7 R 0x40068C0
0 7 R 0x4008900
0 7 R 0x400A940
0 7 R 0x400C980
0 7 R 0x400E9C0
0 7 R 0x4000A00
0 7 R 0x4002A40
0 7 R 0x4004A80
0 7 R 0x4006AC0
0 7 R 0x4008B00
0 7 R 0x400AB40
0 7 R 0x400CB80
0 7 R 0x400EBC0
0 7 R 0x4000C00
0 7 R 0x4002C40
0 7 R 0x4004C80
0 7 R 0x4006CC0
0 7 R 0x4008D00
0 7 R 0x400AD40
0 7 R 0x400CD80
0 7 R 0x400EDC0
0 7 R 0x4000E00
0 7 R 0x4002E40
0 7 R 0x4004E80
0 7 R 0x4006EC0
0 7 R 0x4008F00
0 7 R 0x400AF40
0 7 R 0x400CF80
0 7 R 0x400EFC0
0 7 R 0x4000000
0 7 R 0x4002040
0 7 R 0x4004080
0 7 R 0x40060C0
0 7 R 0x4008100
0 7 R 0x400A140
0 7 R 0x400C180
0 7 R 0x400E1C0
0 7 R 0x4000200
0 7 R 0x4002240
0 7 R 0x4004280
0 7 R 0x40062C0
0 7 R 0x4008300
0 7 R 0x400A340
0 7 R 0x400C380
0 7 R 0x400E3C0
0 7 R 0x4000400
0 7 R 0x4002440
0 7 R 0x4004480
0 7 R 0x40064C0
0 7 R 0x4008500
0 7 R 0x400A540
0 7 R 0x400C580
0 7 R 0x400E5C0
0 7 R 0x4000600
0 7 R 0x4002640
0 7 R 0x4004680
0 7 R 0x40066C0
0 7 R 0x4008700
0 7 R 0x400A740
0 7 R 0x400C780
0 7 R 0x400E7C0
0 7 R 0x4000800
0 7 R 0x4002840
0 7 R 0x4004880
0 7 R 0x40068C0
0 7 R 0x4008900
0 7 R 0x400A940
0 7 R 0x400C980
0 7 R 0x400E9C0
0 7 R 0x4000A00
0 7 R 0x4002A40
0 7 R 0x4004A80
0 7 R 0x4006AC0
0 7 R 0x4008B00
0 7 R 0x400AB40
0 7 R 0x400CB80
0 7 R 0x400EBC0
0 7 R 0x4000C00
0 7 R 0x4002C40
0 7 R 0x4004C80
0 7 R 0x4006CC0
0 7 R 0x4008D00
0 7 R 0x400AD40
0 7 R 0x400CD80
0 7 R 0x400EDC0
0 7 R 0x4000E00
0 7 R 0x4002E40
0 7 R 0x4004E80
0 7 R 0x4006EC0
0 7 R 0x4008F00
0 7 R 0x400AF40
0 7 R 0x400CF80
0 7 R 0x400EFC0
0 7 R 0x4000000
0 7 R 0x4002040
0 7 R 0x4004080
0 7 R 0x40060C0
0 7 R 0x4008100
0 7 R 0x400A140
0 7 R 0x400C180
0 7 R 0x400E1C0
0 7 R 0x4000200
0 7 R 0x4002240
0 7 R 0x4004280
0 7 R 0x40062C0
0 7 R 0x4008300
0 7 R 0x400A340
0 7 R 0x400C380
0 7 R 0x400E3C0
0 7 R 0x4000400
0 7 R 0x4002440
0 7 R 0x4004480
0 7 R 0x40064C0
0 7 R 0x4008500
0 7 R 0x400A540
0 7 R 0x400C580
0 7 R 0x400E5C0
0 7 R 0x4000600
0 7 R 0x4002640
0 7 R 0x4004680
0 7 R 0x40066C0
0 7 R 0x4008700
0 7 R 0x400A740
0 7 R 0x400C780
0 7 R 0x400E7C0
0 7 R 0x4000800
0 7 R 0x4002840
0 7 R 0x4004880
0 7 R 0x40068C0
0 7 R 0x4008900
0 7 R 0x400A940
0 7 R 0x400C980
0 7 R 0x400E9C0
0 7 R 0x4000A00
0 7 R 0x4002A40
0 7 R 0x4004A80
0 7 R 0x4006AC0
0 7 R 0x4008B00
0 7 R 0x400AB40
0 7 R 0x400CB80
0 7 R 0x400EBC0
0 7 R 0x4000C00
0 7 R 0x4002C40
0 7 R 0x4004C80
0 7 R 0x4006CC0
0 7 R 0x4008D00
0 7 R 0x400AD40
0 7 R 0x400CD80
0 7 R 0x400EDC0
0 7 R 0x4000E00
0 7 R 0x4002E40
0 7 R 0x4004E80
0 7 R 0x4006EC0
0 7 R 0x4008F00
0 7 R 0x400AF40
0 7 R 0x400CF80
0 7 R 0x400EFC0
0 7 R 0x4000000
0 7 R 0x4002040
0 7 R 0x4004080
0 7 R 0x40060C0
0 7 R 0x4008100
0 7 R 0x400A140
0 7 R 0x400C180
0 7 R 0x400E1C0
0 7 R 0x4000200
0 7 R 0x4002240
0 7 R 0x4004280
0 7 R 0x40062C0
0 7 R 0x4008300
0 7 R 0x400A340
0 7 R 0x400C380
0 7 R 0x400E3C0
0 7 R 0x4000400
0 7 R 0x4002440
0 7 R 0x4004480
0 7 R 0x40064C0
0 7 R 0x4008500
0 7 R 0x400A540
0 7 R 0x400C580
0 7 R 0x400E5C0
0 7 R 0x4000600
0 7 R 0x4002640
0 7 R 0x4004680
0 7 R 0x40066C0
0 7 R 0x4008700
0 7 R 0x400A740
0 7 R 0x400C780
0 7 R 0x400E7C0
0 7 R 0x4000800
0 7 R 0x4002840
0 7 R 0x4004880
0 7 R 0x40068C0
0 7 R 0x4008900
0 7 R 0x400A940
0 7 R 0x400C980
0 7 R 0x400E9C0
0 7 R 0x4000A00
0 7 R 0x4002A40
0 7 R 0x4004A80
0 7 R 0x4006AC0
0 7 R 0x4008B00
0 7 R 0x400AB40
0 7 R 0x400CB80
0 7 R 0x400EBC0
0 7 R 0x4000C00
0 7 R 0x4002C40
0 7 R 0x4004C80
0 7 R 0x4006CC0
0 7 R 0x4008D00
0 7 R 0x400AD40
0 7 R 0x400CD80
0 7 R 0x400EDC0
0 7 R 0x4000E00
0 7 R 0x4002E40
0 7 R 0x4004E80
0 7 R 0x4006EC0
0 7 R 0x4008F00
0 7 R 0x400AF40
0 7 R 0x400CF80
0 7 R 0x400EFC0
0 8 R 0x4000000
0 8 R 0x4002040
0 8 R 0x4004080
0 8 R 0x40060C0
0 8 R 0x4008100
0 8 R 0x400A140
0 8 R 0x400C180
0 8 R 0x400E1C0
0 8 R 0x4000200
0 8 R 0x4002240
0 8 R 0x4004280
0 8 R 0x40062C0
0 8 R 0x4008300
0 8 R 0x400A340
0 8 R 0x400C380
0 8 R 0x400E3C0
0 8 R 0x4000400
0 8 R 0x4002440
0 8 R 0x4004480
0 8 R 0x40064C0
0 8 R 0x4008500
0 8 R 0x400A540
0 8 R 0x400C580
0 8 R 0x400E5C0
0 8 R 0x4000600
0 8 R 0x4002640
0 8 R 0x4004680
0 8 R 0x40066C0
0 8 R 0x4008700
0 8 R 0x400A740
0 8 R 0x400C780
0 8 R 0x400E7C0
0 8 R 0x4000800
0 8 R 0x4002840
0 8 R 0x4004880
0 8 R 0x40068C0
0 8 R 0x4008900
0 8 R 0x400A940
0 8 R 0x400C980
0 8 R 0x400E9C0
0 8 R 0x4000A00
0 8 R 0x4002A40
0 8 R 0x4004A80
0 8 R 0x4006AC0
0 8 R 0x4008B00
0 8 R 0x400AB40
0 8 R 0x400CB80
0 8 R 0x400EBC0
0 8 R 0x4000C00
0 8 R 0x4002C40
0 8 R 0x4004C80
0 8 R 0x4006CC0
0 8 R 0x4008D00
0 8 R 0x400AD40
0 8 R 0x400CD80
0 8 R 0x400EDC0
0 8 R 0x4000E00
0 8 R 0x4002E40
0 8 R 0x4004E80
0 8 R 0x4006EC0
0 8 R 0x4008F00
0 8 R 0x400AF40
0 8 R 0x400CF80
0 8 R 0x400EFC0
0 8 R 0x4000000
0 8 R 0x4002040
0 8 R 0x4004080
0 8 R 0x40060C0
0 8 R 0x4008100
0 8 R 0x400A140
0 8 R 0x400C180
0 8 R 0x400E1C0
0 8 R 0x4000200
0 8 R 0x4002240
0 8 R 0x4004280
0 8 R 0x40062C0
0 8 R 0x4008300
0 8 R 0x400A340
0 8 R 0x400C380
0 8 R 0x400E3C0
0 8 R 0x4000400
0 8 R 0x4002440
0 8 R 0x4004480
0 8 R 0x40064C0
0 8 R 0x4008500
0 8 R 0x400A540
0 8 R 0x400C580
0 8 R 0x400E5C0
0 8 R 0x4000600
0 8 R 0x4002640
0 8 R 0x4004680
0 8 R 0x40066C0
0 8 R 0x4008700
0 8 R 0x400A740
0 8 R 0x400C780
0 8 R 0x400E7C0
0 8 R 0x4000800
0 8 R 0x4002840
0 8 R 0x4004880
0 8 R 0x40068C0
0 8 R 0x4008900
0 8 R 0x400A940
0 8 R 0x400C980
0 8 R 0x400E9C0
0 8 R 0x4000A00
0 8 R 0x4002A40
0 8 R 0x4004A80
0 8 R 0x4006AC0
0 8 R 0x4008B00
0 8 R 0x400AB40
0 8 R 0x400CB80
0 8 R 0x400EBC0
0 8 R 0x4000C00
0 8 R 0x4002C40
0 8 R 0x4004C80
0 8 R 0x4006CC0
0 8 R 0x4008D00
0 8 R 0x400AD40
0 8 R 0x400CD80
0 8 R 0x400EDC0
0 8 R 0x4000E00
0 8 R 0x4002E40
0 8 R 0x4004E80
0 8 R 0x4006EC0
0 8 R 0x4008F00
0 8 R 0x400AF40
0 8 R 0x400CF80
0 8 R 0x400EFC0
0 8 R 0x4000000
0 8 R 0x4002040
0 8 R 0x4004080
0 8 R 0x40060C0
0 8 R 0x4008100
0 8 R 0x400A140
0 8 R 0x400C180
0 8 R 0x400E1C0
0 8 R 0x4000200
0 8 R 0x4002240
0 8 R 0x4004280
0 8 R 0x40062C0
0 8 R 0x4008300
0 8 R 0x400A340
0 8 R 0x400C380
0 8 R 0x400E3C0
0 8 R 0x4000400
0 8 R 0x4002440
0 8 R 0x4004480
0 8 R 0x40064C0
0 8 R 0x4008500
0 8 R 0x400A540
0 8 R 0x400C580
0 8 R 0x400E5C0
0 8 R 0x4000600
0 8 R 0x4002640
0 8 R 0x4004680
0 8 R 0x40066C0
0 8 R 0x4008700
0 8 R 0x400A740
0 8 R 0x400C780
0 8 R 0x400E7C0
0 8 R 0x4000800
0 8 R 0x4002840
0 8 R 0x4004880
0 8 R 0x40068C0
0 8 R 0x4008900
0 8 R 0x400A940
0 8 R 0x400C980
0 8 R 0x400E9C0
0 8 R 0x4000A00
0 8 R 0x4002A40
0 8 R 0x4004A80
0 8 R 0x4006AC0
0 8 R 0x4008B00
0 8 R 0x400AB40
0 8 R 0x400CB80
0 8 R 0x400EBC0
0 8 R 0x4000C00
0 8 R 0x4002C40
0 8 R 0x4004C80
0 8 R 0x4006CC0
0 8 R 0x4008D00
0 8 R 0x400AD40
0 8 R 0x400CD80
0 8 R 0x400EDC0
0 8 R 0x4000E00
0 8 R 0x4002E40
0 8 R 0x4004E80
0 8 R 0x4006EC0
0 8 R 0x4008F00
0 8 R 0x400AF40
0 8 R 0x400CF80
0 8 R 0x400EFC0
0 8 R 0x4000000
0 8 R 0x4002040
0 8 R 0x4004080
0 8 R 0x40060C0
0 8 R 0x4008100
0 8 R 0x400A140
0 8 R 0x400C180
0 8 R 0x400E1C0
0 8 R 0x4000200
0 8 R 0x4002240
0 8 R 0x4004280
0 8 R 0x40062C0
0 8 R 0x4008300
0 8 R 0x400A340
0 8 R 0x400C380
0 8 R 0x400E3C0
0 8 R 0x4000400
0 8 R 0x4002440
0 8 R 0x4004480
0 8 R 0x40064C0
0 8 R 0x4008500
0 8 R 0x400A540
0 8 R 0x400C580
0 8 R 0x400E5C0
0 8 R 0x4000600
0 8 R 0x4002640
0 8 R 0x4004680
0 8 R 0x40066C0
0 8 R 0x4008700
0 8 R 0x400A740
0 8 R 0x400C780
0 8 R 0x400E7C0
0 8 R 0x4000800
0 8 R 0x4002840
0 8 R 0x4004880
0 8 R 0x40068C0
0 8 R 0x4008900
0 8 R 0x400A940
0 8 R 0x400C980
0 8 R 0x400E9C0
0 8 R 0x4000A00
0 8 R 0x4002A40
0 8 R 0x4004A80
0 8 R 0x4006AC0
0 8 R 0x4008B00
0 8 R 0x400AB40
0 8 R 0x400CB80
0 8 R 0x400EBC0
0 8 R 0x4000C00
0 8 R 0x4002C40
0 8 R 0x4004C80
0 8 R 0x4006CC0
0 8 R 0x4008D00
0 8 R 0x400AD40
0 8 R 0x400CD80
0 8 R 0x400EDC0
0 8 R 0x4000E00
0 8 R 0x4002E40
0 8 R 0x4004E80
0 8 R 0x4006EC0
0 8 R 0x4008F00
0 8 R 0x400AF40
0 8 R 0x400CF80
0 8 R 0x400EFC0
0 8 R 0x4000000
0 8 R 0x4002040
0 8 R 0x4004080
0 8 R 0x40060C0
0 8 R 0x4008100
0 8 R 0x400A140
0 8 R 0x400C180
0 8 R 0x400E1C0
0 8 R 0x4000200
0 8 R 0x4002240
0 8 R 0x4004280
0 8 R 0x40062C0
0 8 R 0x4008300
0 8 R 0x400A340
0 8 R 0x400C380
0 8 R 0x400E3C0
0 8 R 0x4000400
0 8 R 0x4002440
0 8 R 0x4004480
0 8 R 0x40064C0
0 8 R 0x4008500
0 8 R 0x400A540
0 8 R 0x400C580
0 8 R 0x400E5C0
0 8 R 0x4000600
0 8 R 0x4002640
0 8 R 0x4004680
0 8 R 0x40066C0
0 8 R 0x4008700
0 8 R 0x400A740
0 8 R 0x400C780
0 8 R 0x400E7C0
0 8 R 0x4000800
0 8 R 0x4002840
0 8 R 0x4004880
0 8 R 0x40068C0
0 8 R 0x4008900
0 8 R 0x400A940
0 8 R 0x400C980
0 8 R 0x400E9C0
0 8 R 0x4000A00
0 8 R 0x4002A40
0 8 R 0x4004A80
0 8 R 0x4006AC0
0 8 R 0x4008B00
0 8 R 0x400AB40
0 8 R 0x400CB80
0 8 R 0x400EBC0
0 8 R 0x4000C00
0 8 R 0x4002C40
0 8 R 0x4004C80
0 8 R 0x4006CC0
0 8 R 0x4008D00
0 8 R 0x400AD40
0 8 R 0x400CD80
0 8 R 0x400EDC0
0 8 R 0x4000E00
0 8 R 0x4002E40
0 8 R 0x4004E80
0 8 R 0x4006EC0
0 8 R 0x4008F00
0 8 R 0x400AF40
0 8 R 0x400CF80
0 8 R 0x400EFC0
0 8 R 0x4000000
0 8 R 0x4002040
0 8 R 0x4004080
0 8 R 0x40060C0
0 8 R 0x4008100
0 8 R 0x400A140
0 8 R 0x400C180
0 8 R 0x400E1C0
0 8 R 0x4000200
0 8 R 0x4002240
0 8 R 0x4004280
0 8 R 0x40062C0
0 8 R 0x4008300
0 8 R 0x400A340
0 8 R 0x400C380
0 8 R 0x400E3C0
0 8 R 0x4000400
0 8 R 0x4002440
0 8 R 0x4004480
0 8 R 0x40064C0
0 8 R 0x4008500
0 8 R 0x400A540
0 8 R 0x400C580
0 8 R 0x400E5C0
0 8 R 0x4000600
0 8 R 0x4002640
0 8 R 0x4004680
0 8 R 0x40066C0
0 8 R 0x4008700
0 8 R 0x400A740
0 8 R 0x400C780
0 8 R 0x400E7C0
0 8 R 0x4000800
0 8 R 0x4002840
0 8 R 0x4004880
0 8 R 0x40068C0
0 8 R 0x4008900
0 8 R 0x400A940
0 8 R 0x400C980
0 8 R 0x400E9C0
0 8 R 0x4000A00
0 8 R 0x4002A40
0 8 R 0x4004A80
0 8 R 0x4006AC0
0 8 R 0x4008B00
0 8 R 0x400AB40
0 8 R 0x400CB80
0 8 R 0x400EBC0
0 8 R 0x4000C00
0 8 R 0x4002C40
0 8 R 0x4004C80
0 8 R 0x4006CC0
0 8 R 0x4008D00
0 8 R 0x400AD40
0 8 R 0x400CD80
0 8 R 0x400EDC0
0 8 R 0x4000E00
0 8 R 0x4002E40
0 8 R 0x4004E80
0 8 R 0x4006EC0
0 8 R 0x4008F00
0 8 R 0x400AF40
0 8 R 0x400CF80
0 8 R 0x400EFC0
0 8 R 0x4000000
0 8 R 0x4002040
0 8 R 0x4004080
0 8 R 0x40060C0
0 8 R 0x4008100
0 8 R 0x400A140
0 8 R 0x400C180
0 8 R 0x400E1C0
0 8 R 0x4000200
0 8 R 0x4002240
0 8 R 0x4004280
0 8 R 0x40062C0
0 8 R 0x4008300
0 8 R 0x400A340
0 8 R 0x400C380
0 8 R 0x400E3C0
0 8 R 0x4000400
0 8 R 0x4002440
0 8 R 0x4004480
0 8 R 0x40064C0
0 8 R 0x4008500
0 8 R 0x400A540
0 8 R 0x400C580
0 8 R 0x400E5C0
0 8 R 0x4000600
0 8 R 0x4002640
0 8 R 0x4004680
0 8 R 0x40066C0
0 8 R 0x4008700
0 8 R 0x400A740
0 8 R 0x400C780
0 8 R 0x400E7C0
0 8 R 0x4000800
0 8 R 0x4002840
0 8 R 0x4004880
0 8 R 0x40068C0
0 8 R 0x4008900
0 8 R 0x400A940
0 8 R 0x400C980
0 8 R 0x400E9C0
0 8 R 0x4000A00
0 8 R 0x4002A40
0 8 R 0x4004A80
0 8 R 0x4006AC0
0 8 R 0x4008B00
0 8 R 0x400AB40
0 8 R 0x400CB80
0 8 R 0x400EBC0
0 8 R 0x4000C00
0 8 R 0x4002C40
0 8 R 0x4004C80
0 8 R 0x4006CC0
0 8 R 0x4008D00
0 8 R 0x400AD40
0 8 R 0x400CD80
0 8 R 0x400EDC0
0 8 R 0x4000E00
0 8 R 0x4002E40
0 8 R 0x4004E80
0 8 R 0x4006EC0
0 8 R 0x4008F00
0 8 R 0x400AF40
0 8 R 0x400CF80
0 8 R 0x400EFC0
0 8 R 0x4000000
0 8 R 0x4002040
0 8 R 0x4004080
0 8 R 0x40060C0
0 8 R 0x4008100
0 8 R 0x400A140
0 8 R 0x400C180
0 8 R 0x400E1C0
0 8 R 0x4000200
0 8 R 0x4002240
0 8 R 0x4004280
0 8 R 0x40062C0
0 8 R 0x4008300
0 8 R 0x400A340
0 8 R 0x400C380
0 8 R 0x400E3C0
0 8 R 0x4000400
0 8 R 0x4002440
0 8 R 0x4004480
0 8 R 0x40064C0
0 8 R 0x4008500
0 8 R 0x400A540
0 8 R 0x400C580
0 8 R 0x400E5C0
0 8 R 0x4000600
0 8 R 0x4002640
0 8 R 0x4004680
0 8 R 0x40066C0
0 8 R 0x4008700
0 8 R 0x400A740
0 8 R 0x400C780
0 8 R 0x400E7C0
0 8 R 0x4000800
0 8 R 0x4002840
0 8 R 0x4004880
0 8 R 0x40068C0
0 8 R 0x4008900
0 8 R 0x400A940
0 8 R 0x400C980
0 8 R 0x400E9C0
0 8 R 0x4000A00
0 8 R 0x4002A40
0 8 R 0x4004A80
0 8 R 0x4006AC0
0 8 R 0x4008B00
0 8 R 0x400AB40
0 8 R 0x400CB80
0 8 R 0x400EBC0
0 8 R 0x4000C00
0 8 R 0x4002C40
0 8 R 0x4004C80
0 8 R 0x4006CC0
0 8 R 0x4008D00
0 8 R 0x400AD40
0 8 R 0x400CD80
0 8 R 0x400EDC0
0 8 R 0x4000E00
0 8 R 0x4002E40
0 8 R 0x4004E80
0 8 R 0x4006EC0
0 8 R 0x4008F00
0 8 R 0x400AF40
0 8 R 0x400CF80
0 8 R 0x400EFC0
0 9 R 0x4000000
0 9 R 0x4002040
0 9 R 0x4004080
0 9 R 0x40060C0
0 9 R 0x4008100
0 9 R 0x400A140
0 9 R 0x400C180
0 9 R 0x400E1C0
0 9 R 0x4000200
0 9 R 0x4002240
0 9 R 0x4004280
0 9 R 0x40062C0
0 9 R 0x4008300
0 9 R 0x400A340
0 9 R 0x400C380
0 9 R 0x400E3C0
0 9 R 0x4000400
0 9 R 0x4002440
0 9 R 0x4004480
0 9 R 0x40064C0
0 9 R 0x4008500
0 9 R 0x400A540
0 9 R 0x400C580
0 9 R 0x400E5C0
0 9 R 0x4000600
0 9 R 0x4002640
0 9 R 0x4004680
0 9 R 0x40066C0
0 9 R 0x4008700
0 9 R 0x400A740
0 9 R 0x400C780
0 9 R 0x400E7C0
0 9 R 0x4000800
0 9 R 0x4002840
0 9 R 0x4004880
0 9 R 0x40068C0
0 9 R 0x4008900
0 9 R 0x400A940
0 9 R 0x400C980
0 9 R 0x400E9C0
0 9 R 0x4000A00
0 9 R 0x4002A40
0 9 R 0x4004A80
0 9 R 0x4006AC0
0 9 R 0x4008B00
0 9 R 0x400AB40
0 9 R 0x400CB80
0 9 R 0x400EBC0
0 9 R 0x4000C00
0 9 R 0x4002C40
0 9 R 0x4004C80
0 9 R 0x4006CC0
0 9 R 0x4008D00
0 9 R 0x400AD40
0 9 R 0x400CD80
0 9 R 0x400EDC0
0 9 R 0x4000E00
0 9 R 0x4002E40
0 9 R 0x4004E80
0 9 R 0x4006EC0
0 9 R 0x4008F00
0 9 R 0x400AF40
0 9 R 0x400CF80
0 9 R 0x400EFC0
0 9 R 0x4000000
0 9 R 0x4002040
0 9 R 0x4004080
0 9 R 0x40060C0
0 9 R 0x4008100
0 9 R 0x400A140
0 9 R 0x400C180
0 9 R 0x400E1C0
0 9 R 0x4000200
0 9 R 0x4002240
0 9 R 0x4004280
0 9 R 0x40062C0
0 9 R 0x4008300
0 9 R 0x400A340
0 9 R 0x400C380
0 9 R 0x400E3C0
0 9 R 0x4000400
0 9 R 0x4002440
0 9 R 0x4004480
0 9 R 0x40064C0
0 9 R 0x4008500
0 9 R 0x400A540
0 9 R 0x400C580
0 9 R 0x400E5C0
0 9 R 0x4000600
0 9 R 0x4002640
0 9 R 0x4004680
0 9 R 0x40066C0
0 9 R 0x4008700
0 9 R 0x400A740
0 9 R 0x400C780
0 9 R 0x400E7C0
0 9 R 0x4000800
0 9 R 0x4002840
0 9 R 0x4004880
0 9 R 0x40068C0
0 9 R 0x4008900
0 9 R 0x400A940
0 9 R 0x400C980
0 9 R 0x400E9C0
0 9 R 0x4000A00
0 9 R 0x4002A40
0 9 R 0x4004A80
0 9 R 0x4006AC0
0 9 R 0x4008B00
0 9 R 0x400AB40
0 9 R 0x400CB80
0 9 R 0x400EBC0
0 9 R 0x4000C00
0 9 R 0x4002C40
0 9 R 0x4004C80
0 9 R 0x4006CC0
0 9 R 0x4008D00
0 9 R 0x400AD40
0 9 R 0x400CD80
0 9 R 0x400EDC0
0 9 R 0x4000E00
0 9 R 0x4002E40
0 9 R 0x4004E80
0 9 R 0x4006EC0
0 9 R 0x4008F00
0 9 R 0x400AF40
0 9 R 0x400CF80
0 9 R 0x400EFC0
0 9 R 0x4000000
0 9 R 0x4002040
0 9 R 0x4004080
0 9 R 0x40060C0
0 9 R 0x4008100
0 9 R 0x400A140
0 9 R 0x400C180
0 9 R 0x400E1C0
0 9 R 0x4000200
0 9 R 0x4002240
0 9 R 0x4004280
0 9 R 0x40062C0
0 9 R 0x4008300
0 9 R 0x400A340
0 9 R 0x400C380
0 9 R 0x400E3C0
0 9 R 0x4000400
0 9 R 0x4002440
0 9 R 0x4004480
0 9 R 0x40064C0
0 9 R 0x4008500
0 9 R 0x400A540
0 9 R 0x400C580
0 9 R 0x400E5C0
0 9 R 0x4000600
0 9 R 0x4002640
0 9 R 0x4004680
0 9 R 0x40066C0
0 9 R 0x4008700
0 9 R 0x400A740
0 9 R 0x400C780
0 9 R 0x400E7C0
0 9 R 0x4000800
0 9 R 0x4002840
0 9 R 0x4004880
0 9 R 0x40068C0
0 9 R 0x4008900
0 9 R 0x400A940
0 9 R 0x400C980
0 9 R 0x400E9C0
0 9 R 0x4000A00
0 9 R 0x4002A40
0 9 R 0x4004A80
0 9 R 0x4006AC0
0 9 R 0x4008B00
0 9 R 0x400AB40
0 9 R 0x400CB80
0 9 R 0x400EBC0
0 9 R 0x4000C00
0 9 R 0x4002C40
0 9 R 0x4004C80
0 9 R 0x4006CC0
0 9 R 0x4008D00
0 9 R 0x400AD40
0 9 R 0x400CD80
0 9 R 0x400EDC0
0 9 R 0x4000E00
0 9 R 0x4002E40
0 9 R 0x4004E80
0 9 R 0x4006EC0
0 9 R 0x4008F00
0 9 R 0x400AF40
0 9 R 0x400CF80
0 9 R 0x400EFC0
0 9 R 0x4000000
0 9 R 0x4002040
0 9 R 0x4004080
0 9 R 0x40060C0
0 9 R 0x4008100
0 9 R 0x400A140
0 9 R 0x400C180
0 9 R 0x400E1C0
0 9 R 0x4000200
0 9 R 0x4002240
0 9 R 0x4004280
0 9 R 0x40062C0
0 9 R 0x4008300
0 9 R 0x400A340
0 9 R 0x400C380
0 9 R 0x400E3C0
0 9 R 0x4000400
0 9 R 0x4002440
0 9 R 0x4004480
0 9 R 0x40064C0
0 9 R 0x4008500
0 9 R 0x400A540
0 9 R 0x400C580
0 9 R 0x400E5C0
0 9 R 0x4000600
0 9 R 0x4002640
0 9 R 0x4004680
0 9 R 0x40066C0
0 9 R 0x4008700
0 9 R 0x400A740
0 9 R 0x400C780
0 9 R 0x400E7C0
0 9 R 0x4000800
0 9 R 0x4002840
0 9 R 0x4004880
0 9 R 0x40068C0
0 9 R 0x4008900
0 9 R 0x400A940
0 9 R 0x400C980
0 9 R 0x400E9C0
0 9 R 0x4000A00
0 9 R 0x4002A40
0 9 R 0x4004A80
0 9 R 0x4006AC0
0 9 R 0x4008B00
0 9 R 0x400AB40
0 9 R 0x400CB80
0 9 R 0x400EBC0
0 9 R 0x4000C00
0 9 R 0x4002C40
0 9 R 0x4004C80
0 9 R 0x4006CC0
0 9 R 0x4008D00
0 9 R 0x400AD40
0 9 R 0x400CD80
0 9 R 0x400EDC0
0 9 R 0x4000E00
0 9 R 0x4002E40
0 9 R 0x4004E80
0 9 R 0x4006EC0
0 9 R 0x4008F00
0 9 R 0x400AF40
0 9 R 0x400CF80
0 9 R 0x400EFC0
0 9 R 0x4000000
0 9 R 0x4002040
0 9 R 0x4004080
0 9 R 0x40060C0
0 9 R 0x4008100
0 9 R 0x400A140
0 9 R 0x400C180
0 9 R 0x400E1C0
0 9 R 0x4000200
0 9 R 0x4002240
0 9 R 0x4004280
0 9 R 0x40062C0
0 9 R 0x4008300
0 9 R 0x400A340
0 9 R 0x400C380
0 9 R 0x400E3C0
0 9 R 0x4000400
0 9 R 0x4002440
0 9 R 0x4004480
0 9 R 0x40064C0
0 9 R 0x4008500
0 9 R 0x400A540
0 9 R 0x400C580
0 9 R 0x400E5C0
0 9 R 0x4000600
0 9 R 0x4002640
0 9 R 0x4004680
0 9 R 0x40066C0
0 9 R 0x4008700
0 9 R 0x400A740
0 9 R 0x400C780
0 9 R 0x400E7C0
0 9 R 0x4000800
0 9 R 0x4002840
0 9 R 0x4004880
0 9 R 0x40068C0
0 9 R 0x4008900
0 9 R 0x400A940
0 9 R 0x400C980
0 9 R 0x400E9C0
0 9 R 0x4000A00
0 9 R 0x4002A40
0 9 R 0x4004A80
0 9 R 0x4006AC0
0 9 R 0x4008B00
0 9 R 0x400AB40
0 9 R 0x400CB80
0 9 R 0x400EBC0
0 9 R 0x4000C00
0 9 R 0x4002C40
0 9 R 0x4004C80
0 9 R 0x4006CC0
0 9 R 0x4008D00
0 9 R 0x400AD40
0 9 R 0x400CD80
0 9 R 0x400EDC0
0 9 R 0x4000E00
0 9 R 0x4002E40
0 9 R 0x4004E80
0 9 R 0x4006EC0
0 9 R 0x4008F00
0 9 R 0x400AF40
0 9 R 0x400CF80
0 9 R 0x400EFC0
0 9 R 0x4000000
0 9 R 0x4002040
0 9 R 0x4004080
0 9 R 0x40060C0
0 9 R 0x4008100
0 9 R 0x400A140
0 9 R 0x400C180
0 9 R 0x400E1C0
0 9 R 0x4000200
0 9 R 0x4002240
0 9 R 0x4004280
0 9 R 0x40062C0
0 9 R 0x4008300
0 9 R 0x400A340
0 9 R 0x400C380
0 9 R 0x400E3C0
0 9 R 0x4000400
0 9 R 0x4002440
0 9 R 0x4004480
0 9 R 0x40064C0
0 9 R 0x4008500
0 9 R 0x400A540
0 9 R 0x400C580
0 9 R 0x400E5C0
0 9 R 0x4000600
0 9 R 0x4002640
0 9 R 0x4004680
0 9 R 0x40066C0
0 9 R 0x4008700
0 9 R 0x400A740
0 9 R 0x400C780
0 9 R 0x400E7C0
0 9 R 0x4000800
0 9 R 0x4002840
0 9 R 0x4004880
0 9 R 0x40068C0
0 9 R 0x4008900
0 9 R 0x400A940
0 9 R 0x400C980
0 9 R 0x400E9C0
0 9 R 0x4000A00
0 9 R 0x4002A40
0 9 R 0x4004A80
0 9 R 0x4006AC0
0 9 R 0x4008B00
0 9 R 0x400AB40
0 9 R 0x400CB80
0 9 R 0x400EBC0
0 9 R 0x4000C00
0 9 R 0x4002C40
0 9 R 0x4004C80
0 9 R 0x4006CC0
0 9 R 0x4008D00
0 9 R 0x400AD40
0 9 R 0x400CD80
0 9 R 0x400EDC0
0 9 R 0x4000E00
0 9 R 0x4002E40
0 9 R 0x4004E80
0 9 R 0x4006EC0
0 9 R 0x4008F00
0 9 R 0x400AF40
0 9 R 0x400CF80
0 9 R 0x400EFC0
0 9 R 0x4000000
0 9 R 0x4002040
0 9 R 0x4004080
0 9 R 0x40060C0
0 9 R 0x4008100
0 9 R 0x400A140
0 9 R 0x400C180
0 9 R 0x400E1C0
0 9 R 0x4000200
0 9 R 0x4002240
0 9 R 0x4004280
0 9 R 0x40062C0
0 9 R 0x4008300
0 9 R 0x400A340
0 9 R 0x400C380
0 9 R 0x400E3C0
0 9 R 0x4000400
0 9 R 0x4002440
0 9 R 0x4004480
0 9 R 0x40064C0
0 9 R 0x4008500
0 9 R 0x400A540
0 9 R 0x400C580
0 9 R 0x400E5C0
0 9 R 0x4000600
0 9 R 0x4002640
0 9 R 0x4004680
0 9 R 0x40066C0
0 9 R 0x4008700
0 9 R 0x400A740
0 9 R 0x400C780
0 9 R 0x400E7C0
0 9 R 0x4000800
0 9 R 0x4002840
0 9 R 0x4004880
0 9 R 0x40068C0
0 9 R 0x4008900
0 9 R 0x400A940
0 9 R 0x400C980
0 9 R 0x400E9C0
0 9 R 0x4000A00
0 9 R 0x4002A40
0 9 R 0x4004A80
0 9 R 0x4006AC0
0 9 R 0x4008B00
0 9 R 0x400AB40
0 9 R 0x400CB80
0 9 R 0x400EBC0
0 9 R 0x4000C00
0 9 R 0x4002C40
0 9 R 0x4004C80
0 9 R 0x4006CC0
0 9 R 0x4008D00
0 9 R 0x400AD40
0 9 R 0x400CD80
0 9 R 0x400EDC0
0 9 R 0x4000E00
0 9 R 0x4002E40
0 9 R 0x4004E80
0 9 R 0x4006EC0
0 9 R 0x4008F00
0 9 R 0x400AF40
0 9 R 0x400CF80
0 9 R 0x400EFC0
0 9 R 0x4000000
0 9 R 0x4002040
0 9 R 0x4004080
0 9 R 0x40060C0
0 9 R 0x4008100
0 9 R 0x400A140
0 9 R 0x400C180
0 9 R 0x400E1C0
0 9 R 0x4000200
0 9 R 0x4002240
0 9 R 0x4004280
0 9 R 0x40062C0
0 9 R 0x4008300
0 9 R 0x400A340
0 9 R 0x400C380
0 9 R 0x400E3C0
0 9 R 0x4000400
0 9 R 0x4002440
0 9 R 0x4004480
0 9 R 0x40064C0
0 9 R 0x4008500
0 9 R 0x400A540
0 9 R 0x400C580
0 9 R 0x400E5C0
0 9 R 0x4000600
0 9 R 0x4002640
0 9 R 0x4004680
0 9 R 0x40066C0
0 9 R 0x4008700
0 9 R 0x400A740
0 9 R 0x400C780
0 9 R 0x400E7C0
0 9 R 0x4000800
0 9 R 0x4002840
0 9 R 0x4004880
0 9 R 0x40068C0
0 9 R 0x4008900
0 9 R 0x400A940
0 9 R 0x400C980
0 9 R 0x400E9C0
0 9 R 0x4000A00
0 9 R 0x4002A40
0 9 R 0x4004A80
0 9 R 0x4006AC0
0 9 R 0x4008B00
0 9 R 0x400AB40
0 9 R 0x400CB80
0 9 R 0x400EBC0
0 9 R 0x4000C00
0 9 R 0x4002C40
0 9 R 0x4004C80
0 9 R 0x4006CC0
0 9 R 0x4008D00
0 9 R 0x400AD40
0 9 R 0x400CD80
0 9 R 0x400EDC0
0 9 R 0x4000E00
0 9 R 0x4002E40
0 9 R 0x4004E80
0 9 R 0x4006EC0
0 9 R 0x4008F00
0 9 R 0x400AF40
0 9 R 0x400CF80
0 9 R 0x400EFC0
0 10 R 0x4000000
0 10 R 0x4002040
0 10 R 0x4004080
0 10 R 0x40060C0
0 10 R 0x4008100
0 10 R 0x400A140
0 10 R 0x400C180
0 10 R 0x400E1C0
0 10 R 0x4000200
0 10 R 0x4002240
0 10 R 0x4004280
0 10 R 0x40062C0
0 10 R 0x4008300
0 10 R 0x400A340
0 10 R 0x400C380
0 10 R 0x400E3C0
0 10 R 0x4000400
0 10 R 0x4002440
0 10 R 0x4004480
0 10 R 0x40064C0
0 10 R 0x4008500
0 10 R 0x400A540
0 10 R 0x400C580
0 10 R 0x400E5C0
0 10 R 0x4000600
0 10 R 0x4002640
0 10 R 0x4004680
0 10 R 0x40066C0
0 10 R 0x4008700
0 10 R 0x400A740
0 10 R 0x400C780
0 10 R 0x400E7C0
0 10 R 0x4000800
0 10 R 0x4002840
0 10 R 0x4004880
0 10 R 0x40068C0
0 10 R 0x4008900
0 10 R 0x400A940
0 10 R 0x400C980
0 10 R 0x400E9C0
0 10 R 0x4000A00
0 10 R 0x4002A40
0 10 R 0x4004A80
0 10 R 0x4006AC0
0 10 R 0x4008B00
0 10 R 0x400AB40
0 10 R 0x400CB80
0 10 R 0x400EBC0
0 10 R 0x4000C00
0 10 R 0x4002C40
0 10 R 0x4004C80
0 10 R 0x4006CC0
0 10 R 0x4008D00
0 10 R 0x400AD40
0 10 R 0x400CD80
0 10 R 0x400EDC0
0 10 R 0x4000E00
0 10 R 0x4002E40
0 10 R 0x4004E80
0 10 R 0x4006EC0
0 10 R 0x4008F00
0 10 R 0x400AF40
0 10 R 0x400CF80
0 10 R 0x400EFC0
0 10 R 0x4000000
0 10 R 0x4002040
0 10 R 0x4004080
0 10 R 0x40060C0
0 10 R 0x4008100
0 10 R 0x400A140
0 10 R 0x400C180
0 10 R 0x400E1C0
0 10 R 0x4000200
0 10 R 0x4002240
0 10 R 0x4004280
0 10 R 0x40062C0
0 10 R 0x4008300
0 10 R 0x400A340
0 10 R 0x400C380
0 10 R 0x400E3C0
0 10 R 0x4000400
0 10 R 0x4002440
0 10 R 0x4004480
0 10 R 0x40064C0
0 10 R 0x4008500
0 10 R 0x400A540
0 10 R 0x400C580
0 10 R 0x400E5C0
0 10 R 0x4000600
0 10 R 0x4002640
0 10 R 0x4004680
0 10 R 0x40066C0
0 10 R 0x4008700
0 10 R 0x400A740
0 10 R 0x400C780
0 10 R 0x400E7C0
0 10 R 0x4000800
0 10 R 0x4002840
0 10 R 0x4004880
0 10 R 0x40068C0
0 10 R 0x4008900
0 10 R 0x400A940
0 10 R 0x400C980
0 10 R 0x400E9C0
0 10 R 0x4000A00
0 10 R 0x4002A40
0 10 R 0x4004A80
0 10 R 0x4006AC0
0 10 R 0x4008B00
0 10 R 0x400AB40
0 10 R 0x400CB80
0 10 R 0x400EBC0
0 10 R 0x4000C00
0 10 R 0x4002C40
0 10 R 0x4004C80
0 10 R 0x4006CC0
0 10 R 0x4008D00
0 10 R 0x400AD40
0 10 R 0x400CD80
0 10 R 0x400EDC0
0 10 R 0x4000E00
0 10 R 0x4002E40
0 10 R 0x4004E80
0 10 R 0x4006EC0
0 10 R 0x4008F00
0 10 R 0x400AF40
0 10 R 0x400CF80
0 10 R 0x400EFC0
0 10 R 0x4000000
0 10 R 0x4002040
0 10 R 0x4004080
0 10 R 0x40060C0
0 10 R 0x4008100
0 10 R 0x400A140
0 10 R 0x400C180
0 10 R 0x400E1C0
0 10 R 0x4000200
0 10 R 0x4002240
0 10 R 0x4004280
0 10 R 0x40062C0
0 10 R 0x4008300
0 10 R 0x400A340
0 10 R 0x400C380
0 10 R 0x400E3C0
0 10 R 0x4000400
0 10 R 0x4002440
0 10 R 0x4004480
0 10 R 0x40064C0
0 10 R 0x4008500
0 10 R 0x400A540
0 10 R 0x400C580
0 10 R 0x400E5C0
0 10 R 0x4000600
0 10 R 0x4002640
0 10 R 0x4004680
0 10 R 0x40066C0
0 10 R 0x4008700
0 10 R 0x400A740
0 10 R 0x400C780
0 10 R 0x400E7C0
0 10 R 0x4000800
0 10 R 0x4002840
0 10 R 0x4004880
0 10 R 0x40068C0
0 10 R 0x4008900
0 10 R 0x400A940
0 10 R 0x400C980
0 10 R 0x400E9C0
0 10 R 0x4000A00
0 10 R 0x4002A40
0 10 R 0x4004A80
0 10 R 0x4006AC0
0 10 R 0x4008B00
0 10 R 0x400AB40
0 10 R 0x400CB80
0 10 R 0x400EBC0
0 10 R 0x4000C00
0 10 R 0x4002C40
0 10 R 0x4004C80
0 10 R 0x4006CC0
0 10 R 0x4008D00
0 10 R 0x400AD40
0 10 R 0x400CD80
0 10 R 0x400EDC0
0 10 R 0x4000E00
0 10 R 0x4002E40
0 10 R 0x4004E80
0 10 R 0x4006EC0
0 10 R 0x4008F00
0 10 R 0x400AF40
0 10 R 0x400CF80
0 10 R 0x400EFC0
0 10 R 0x4000000
0 10 R 0x4002040
0 10 R 0x4004080
0 10 R 0x40060C0
0 10 R 0x4008100
0 10 R 0x400A140
0 10 R 0x400C180
0 10 R 0x400E1C0
0 10 R 0x4000200
0 10 R 0x4002240
0 10 R 0x4004280
0 10 R 0x40062C0
0 10 R 0x4008300
0 10 R 0x400A340
0 10 R 0x400C380
0 10 R 0x400E3C0
0 10 R 0x4000400
0 10 R 0x4002440
0 10 R 0x4004480
0 10 R 0x40064C0
0 10 R 0x4008500
0 10 R 0x400A540
0 10 R 0x400C580
0 10 R 0x400E5C0
0 10 R 0x4000600
0 10 R 0x4002640
0 10 R 0x4004680
0 10 R 0x40066C0
0 10 R 0x4008700
0 10 R 0x400A740
0 10 R 0x400C780
0 10 R 0x400E7C0
0 10 R 0x4000800
0 10 R 0x4002840
0 10 R 0x4004880
0 10 R 0x40068C0
0 10 R 0x4008900
0 10 R 0x400A940
0 10 R 0x400C980
0 10 R 0x400E9C0
0 10 R 0x4000A00
0 10 R 0x4002A40
0 10 R 0x4004A80
0 10 R 0x4006AC0
0 10 R 0x4008B00
0 10 R 0x400AB40
0 10 R 0x400CB80
0 10 R 0x400EBC0
0 10 R 0x4000C00
0 10 R 0x4002C40
0 10 R 0x4004C80
0 10 R 0x4006CC0
0 10 R 0x4008D00
0 10 R 0x400AD40
0 10 R 0x400CD80
0 10 R 0x400EDC0
0 10 R 0x4000E00
0 10 R 0x4002E40
0 10 R 0x4004E80
0 10 R 0x4006EC0
0 10 R 0x4008F00
0 10 R 0x400AF40
0 10 R 0x400CF80
0 10 R 0x400EFC0
0 10 R 0x4000000
0 10 R 0x4002040
0 10 R 0x4004080
0 10 R 0x40060C0
0 10 R 0x4008100
0 10 R 0x400A140
0 10 R 0x400C180
0 10 R 0x400E1C0
0 10 R 0x4000200
0 10 R 0x4002240
0 10 R 0x4004280
0 10 R 0x40062C0
0 10 R 0x4008300
0 10 R 0x400A340
0 10 R 0x400C380
0 10 R 0x400E3C0
0 10 R 0x4000400
0 10 R 0x4002440
0 10 R 0x4004480
0 10 R 0x40064C0
0 10 R 0x4008500
0 10 R 0x400A540
0 10 R 0x400C580
0 10 R 0x400E5C0
0 10 R 0x4000600
0 10 R 0x4002640
0 10 R 0x4004680
0 10 R 0x40066C0
0 10 R 0x4008700
0 10 R 0x400A740
0 10 R 0x400C780
0 10 R 0x400E7C0
0 10 R 0x4000800
0 10 R 0x4002840
0 10 R 0x4004880
0 10 R 0x40068C0
0 10 R 0x4008900
0 10 R 0x400A940
0 10 R 0x400C980
0 10 R 0x400E9C0
0 10 R 0x4000A00
0 10 R 0x4002A40
0 10 R 0x4004A80
0 10 R 0x4006AC0
0 10 R 0x4008B00
0 10 R 0x400AB40
0 10 R 0x400CB80
0 10 R 0x400EBC0
0 10 R 0x4000C00
0 10 R 0x4002C40
0 10 R 0x4004C80
0 10 R 0x4006CC0
0 10 R 0x4008D00
0 10 R 0x400AD40
0 10 R 0x400CD80
0 10 R 0x400EDC0
0 10 R 0x4000E00
0 10 R 0x4002E40
0 10 R 0x4004E80
0 10 R 0x4006EC0
0 10 R 0x4008F00
0 10 R 0x400AF40
0 10 R 0x400CF80
0 10 R 0x400EFC0
0 10 R 0x4000000
0 10 R 0x4002040
0 10 R 0x4004080
0 10 R 0x40060C0
0 10 R 0x4008100
0 10 R 0x400A140
0 10 R 0x400C180
0 10 R 0x400E1C0
0 10 R 0x4000200
0 10 R 0x4002240
0 10 R 0x4004280
0 10 R 0x40062C0
0 10 R 0x4008300
0 10 R 0x400A340
0 10 R 0x400C380
0 10 R 0x400E3C0
0 10 R 0x4000400
0 10 R 0x4002440
0 10 R 0x4004480
0 10 R 0x40064C0
0 10 R 0x4008500
0 10 R 0x400A540
0 10 R 0x400C580
0 10 R 0x400E5C0
0 10 R 0x4000600
0 10 R 0x4002640
0 10 R 0x4004680
0 10 R 0x40066C0
0 10 R 0x4008700
0 10 R 0x400A740
0 10 R 0x400C780
0 10 R 0x400E7C0
0 10 R 0x4000800
0 10 R 0x4002840
0 10 R 0x4004880
0 10 R 0x40068C0
0 10 R 0x4008900
0 10 R 0x400A940
0 10 R 0x400C980
0 10 R 0x400E9C0
0 10 R 0x4000A00
0 10 R 0x4002A40
0 10 R 0x4004A80
0 10 R 0x4006AC0
0 10 R 0x4008B00
0 10 R 0x400AB40
0 10 R 0x400CB80
0 10 R 0x400EBC0
0 10 R 0x4000C00
0 10 R 0x4002C40
0 10 R 0x4004C80
0 10 R 0x4006CC0
0 10 R 0x4008D00
0 10 R 0x400AD40
0 10 R 0x400CD80
0 10 R 0x400EDC0
0 10 R 0x4000E00
0 10 R 0x4002E40
0 10 R 0x4004E80
0 10 R 0x4006EC0
0 10 R 0x4008F00
0 10 R 0x400AF40
0 10 R 0x400CF80
0 10 R 0x400EFC0
0 10 R 0x4000000
0 10 R 0x4002040
0 10 R 0x4004080
0 10 R 0x40060C0
0 10 R 0x4008100
0 10 R 0x400A140
0 10 R 0x400C180
0 10 R 0x400E1C0
0 10 R 0x4000200
0 10 R 0x4002240
0 10 R 0x4004280
0 10 R 0x40062C0
0 10 R 0x4008300
0 10 R 0x400A340
0 10 R 0x400C380
0 10 R 0x400E3C0
0 10 R 0x4000400
0 10 R 0x4002440
0 10 R 0x4004480
0 10 R 0x40064C0
0 10 R 0x4008500
0 10 R 0x400A540
0 10 R 0x400C580
0 10 R 0x400E5C0
0 10 R 0x4000600
0 10 R 0x4002640
0 10 R 0x4004680
0 10 R 0x40066C0
0 10 R 0x4008700
0 10 R 0x400A740
0 10 R 0x400C780
0 10 R 0x400E7C0
0 10 R 0x4000800
0 10 R 0x4002840
0 10 R 0x4004880
0 10 R 0x40068C0
0 10 R 0x4008900
0 10 R 0x400A940
0 10 R 0x400C980
0 10 R 0x400E9C0
0 10 R 0x4000A00
0 10 R 0x4002A40
0 10 R 0x4004A80
0 10 R 0x4006AC0
0 10 R 0x4008B00
0 10 R 0x400AB40
0 10 R 0x400CB80
0 10 R 0x400EBC0
0 10 R 0x4000C00
0 10 R 0x4002C40
0 10 R 0x4004C80
0 10 R 0x4006CC0
0 10 R 0x4008D00
0 10 R 0x400AD40
0 10 R 0x400CD80
0 10 R 0x400EDC0
0 10 R 0x4000E00
0 10 R 0x4002E40
0 10 R 0x4004E80
0 10 R 0x4006EC0
0 10 R 0x4008F00
0 10 R 0x400AF40
0 10 R 0x400CF80
0 10 R 0x400EFC0
0 10 R 0x4000000
0 10 R 0x4002040
0 10 R 0x4004080
0 10 R 0x40060C0
0 10 R 0x4008100
0 10 R 0x400A140
0 10 R 0x400C180
0 10 R 0x400E1C0
0 10 R 0x4000200
0 10 R 0x4002240
0 10 R 0x4004280
0 10 R 0x40062C0
0 10 R 0x4008300
0 10 R 0x400A340
0 10 R 0x400C380
0 10 R 0x400E3C0
0 10 R 0x4000400
0 10 R 0x4002440
0 10 R 0x4004480
0 10 R 0x40064C0
0 10 R 0x4008500
0 10 R 0x400A540
0 10 R 0x400C580
0 10 R 0x400E5C0
0 10 R 0x4000600
0 10 R 0x4002640
0 10 R 0x4004680
0 10 R 0x40066C0
0 10 R 0x4008700
0 10 R 0x400A740
0 10 R 0x400C780
0 10 R 0x400E7C0
0 10 R 0x4000800
0 10 R 0x4002840
0 10 R 0x4004880
0 10 R 0x40068C0
0 10 R 0x4008900
0 10 R 0x400A940
0 10 R 0x400C980
0 10 R 0x400E9C0
0 10 R 0x4000A00
0 10 R 0x4002A40
0 10 R 0x4004A80
0 10 R 0x4006AC0
0 10 R 0x4008B00
0 10 R 0x400AB40
0 10 R 0x400CB80
0 10 R 0x400EBC0
0 10 R 0x4000C00
0 10 R 0x4002C40
0 10 R 0x4004C80
0 10 R 0x4006CC0
0 10 R 0x4008D00
0 10 R 0x400AD40
0 10 R 0x400CD80
0 10 R 0x400EDC0
0 10 R 0x4000E00
0 10 R 0x4002E40
0 10 R 0x4004E80
0 10 R 0x4006EC0
0 10 R 0x4008F00
0 10 R 0x400AF40
0 10 R 0x400CF80
0 10 R 0x400EFC0
0 11 R 0x4000000
0 11 R 0x4002040
0 11 R 0x4004080
0 11 R 0x40060C0
0 11 R 0x4008100
0 11 R 0x400A140
0 11 R 0x400C180
0 11 R 0x400E1C0
0 11 R 0x4000200
0 11 R 0x4002240
0 11 R 0x4004280
0 11 R 0x40062C0
0 11 R 0x4008300
0 11 R 0x400A340
0 11 R 0x400C380
0 11 R 0x400E3C0
0 11 R 0x4000400
0 11 R 0x4002440
0 11 R 0x4004480
0 11 R 0x40064C0
0 11 R 0x4008500
0 11 R 0x400A540
0 11 R 0x400C580
0 11 R 0x400E5C0
0 11 R 0x4000600
0 11 R 0x4002640
0 11 R 0x4004680
0 11 R 0x40066C0
0 11 R 0x4008700
0 11 R 0x400A740
0 11 R 0x400C780
0 11 R 0x400E7C0
0 11 R 0x4000800
0 11 R 0x4002840
0 11 R 0x4004880
0 11 R 0x40068C0
0 11 R 0x4008900
0 11 R 0x400A940
0 11 R 0x400C980
0 11 R 0x400E9C0
0 11 R 0x4000A00
0 11 R 0x4002A40
0 11 R 0x4004A80
0 11 R 0x4006AC0
0 11 R 0x4008B00
0 11 R 0x400AB40
0 11 R 0x400CB80
0 11 R 0x400EBC0
0 11 R 0x4000C00
0 11 R 0x4002C40
0 11 R 0x4004C80
0 11 R 0x4006CC0
0 11 R 0x4008D00
0 11 R 0x400AD40
0 11 R 0x400CD80
0 11 R 0x400EDC0
0 11 R 0x4000E00
0 11 R 0x4002E40
0 11 R 0x4004E80
0 11 R 0x4006EC0
0 11 R 0x4008F00
0 11 R 0x400AF40
0 11 R 0x400CF80
0 11 R 0x400EFC0
0 11 R 0x4000000
0 11 R 0x4002040
0 11 R 0x4004080
0 11 R 0x40060C0
0 11 R 0x4008100
0 11 R 0x400A140
0 11 R 0x400C180
0 11 R 0x400E1C0
0 11 R 0x4000200
0 11 R 0x4002240
0 11 R 0x4004280
0 11 R 0x40062C0
0 11 R 0x4008300
0 11 R 0x400A340
0 11 R 0x400C380
0 11 R 0x400E3C0
0 11 R 0x4000400
0 11 R 0x4002440
0 11 R 0x4004480
0 11 R 0x40064C0
0 11 R 0x4008500
0 11 R 0x400A540
0 11 R 0x400C580
0 11 R 0x400E5C0
0 11 R 0x4000600
0 11 R 0x4002640
0 11 R 0x4004680
0 11 R 0x40066C0
0 11 R 0x4008700
0 11 R 0x400A740
0 11 R 0x400C780
0 11 R 0x400E7C0
0 11 R 0x4000800
0 11 R 0x4002840
0 11 R 0x4004880
0 11 R 0x40068C0
0 11 R 0x4008900
0 11 R 0x400A940
0 11 R 0x400C980
0 11 R 0x400E9C0
0 11 R 0x4000A00
0 11 R 0x4002A40
0 11 R 0x4004A80
0 11 R 0x4006AC0
0 11 R 0x4008B00
0 11 R 0x400AB40
0 11 R 0x400CB80
0 11 R 0x400EBC0
0 11 R 0x4000C00
0 11 R 0x4002C40
0 11 R 0x4004C80
0 11 R 0x4006CC0
0 11 R 0x4008D00
0 11 R 0x400AD40
0 11 R 0x400CD80
0 11 R 0x400EDC0
0 11 R 0x4000E00
0 11 R 0x4002E40
0 11 R 0x4004E80
0 11 R 0x4006EC0
0 11 R 0x4008F00
0 11 R 0x400AF40
0 11 R 0x400CF80
0 11 R 0x400EFC0
0 11 R 0x4000000
0 11 R 0x4002040
0 11 R 0x4004080
0 11 R 0x40060C0
0 11 R 0x4008100
0 11 R 0x400A140
0 11 R 0x400C180
0 11 R 0x400E1C0
0 11 R 0x4000200
0 11 R 0x4002240
0 11 R 0x4004280
0 11 R 0x40062C0
0 11 R 0x4008300
0 11 R 0x400A340
0 11 R 0x400C380
0 11 R 0x400E3C0
0 11 R 0x4000400
0 11 R 0x4002440
0 11 R 0x4004480
0 11 R 0x40064C0
0 11 R 0x4008500
0 11 R 0x400A540
0 11 R 0x400C580
0 11 R 0x400E5C0
0 11 R 0x4000600
0 11 R 0x4002640
0 11 R 0x4004680
0 11 R 0x40066C0
0 11 R 0x4008700
0 11 R 0x400A740
0 11 R 0x400C780
0 11 R 0x400E7C0
0 11 R 0x4000800
0 11 R 0x4002840
0 11 R 0x4004880
0 11 R 0x40068C0
0 11 R 0x4008900
0 11 R 0x400A940
0 11 R 0x400C980
0 11 R 0x400E9C0
0 11 R 0x4000A00
0 11 R 0x4002A40
0 11 R 0x4004A80
0 11 R 0x4006AC0
0 11 R 0x4008B00
0 11 R 0x400AB40
0 11 R 0x400CB80
0 11 R 0x400EBC0
0 11 R 0x4000C00
0 11 R 0x4002C40
0 11 R 0x4004C80
0 11 R 0x4006CC0
0 11 R 0x4008D00
0 11 R 0x400AD40
0 11 R 0x400CD80
0 11 R 0x400EDC0
0 11 R 0x4000E00
0 11 R 0x4002E40
0 11 R 0x4004E80
0 11 R 0x4006EC0
0 11 R 0x4008F00
0 11 R 0x400AF40
0 11 R 0x400CF80
0 11 R 0x400EFC0
0 11 R 0x4000000
0 11 R 0x4002040
0 11 R 0x4004080
0 11 R 0x40060C0
0 11 R 0x4008100
0 11 R 0x400A140
0 11 R 0x400C180
0 11 R 0x400E1C0
0 11 R 0x4000200
0 11 R 0x4002240
0 11 R 0x4004280
0 11 R 0x40062C0
0 11 R 0x4008300
0 11 R 0x400A340
0 11 R 0x400C380
0 11 R 0x400E3C0
0 11 R 0x4000400
0 11 R 0x4002440
0 11 R 0x4004480
0 11 R 0x40064C0
0 11 R 0x4008500
0 11 R 0x400A540
0 11 R 0x400C580
0 11 R 0x400E5C0
0 11 R 0x4000600
0 11 R 0x4002640
0 11 R 0x4004680
0 11 R 0x40066C0
0 11 R 0x4008700
0 11 R 0x400A740
0 11 R 0x400C780
0 11 R 0x400E7C0
0 11 R 0x4000800
0 11 R 0x4002840
0 11 R 0x4004880
0 11 R 0x40068C0
0 11 R 0x4008900
0 11 R 0x400A940
0 11 R 0x400C980
0 11 R 0x400E9C0
0 11 R 0x4000A00
0 11 R 0x4002A40
0 11 R 0x4004A80
0 11 R 0x4006AC0
0 11 R 0x4008B00
0 11 R 0x400AB40
0 11 R 0x400CB80
0 11 R 0x400EBC0
0 11 R 0x4000C00
0 11 R 0x4002C40
0 11 R 0x4004C80
0 11 R 0x4006CC0
0 11 R 0x4008D00
0 11 R 0x400AD40
0 11 R 0x400CD80
0 11 R 0x400EDC0
0 11 R 0x4000E00
0 11 R 0x4002E40
0 11 R 0x4004E80
0 11 R 0x4006EC0
0 11 R 0x4008F00
0 11 R 0x400AF40
0 11 R 0x400CF80
0 11 R 0x400EFC0
0 11 R 0x4000000
0 11 R 0x4002040
0 11 R 0x4004080
0 11 R 0x40060C0
0 11 R 0x4008100
0 11 R 0x400A140
0 11 R 0x400C180
0 11 R 0x400E1C0
0 11 R 0x4000200
0 11 R 0x4002240
0 11 R 0x4004280
0 11 R 0x40062C0
0 11 R 0x4008300
0 11 R 0x400A340
0 11 R 0x400C380
0 11 R 0x400E3C0
0 11 R 0x4000400
0 11 R 0x4002440
0 11 R 0x4004480
0 11 R 0x40064C0
0 11 R 0x4008500
0 11 R 0x400A540
0 11 R 0x400C580
0 11 R 0x400E5C0
0 11 R 0x4000600
0 11 R 0x4002640
0 11 R 0x4004680
0 11 R 0x40066C0
0 11 R 0x4008700
0 11 R 0x400A740
0 11 R 0x400C780
0 11 R 0x400E7C0
0 11 R 0x4000800
0 11 R 0x4002840
0 11 R 0x4004880
0 11 R 0x40068C0
0 11 R 0x4008900
0 11 R 0x400A940
0 11 R 0x400C980
0 11 R 0x400E9C0
0 11 R 0x4000A00
0 11 R 0x4002A40
0 11 R 0x4004A80
0 11 R 0x4006AC0
0 11 R 0x4008B00
0 11 R 0x400AB40
0 11 R 0x400CB80
0 11 R 0x400EBC0
0 11 R 0x4000C00
0 11 R 0x4002C40
0 11 R 0x4004C80
0 11 R 0x4006CC0
0 11 R 0x4008D00
0 11 R 0x400AD40
0 11 R 0x400CD80
0 11 R 0x400EDC0
0 11 R 0x4000E00
0 11 R 0x4002E40
0 11 R 0x4004E80
0 11 R 0x4006EC0
0 11 R 0x4008F00
0 11 R 0x400AF40
0 11 R 0x400CF80
0 11 R 0x400EFC0
0 11 R 0x4000000
0 11 R 0x4002040
0 11 R 0x4004080
0 11 R 0x40060C0
0 11 R 0x4008100
0 11 R 0x400A140
0 11 R 0x400C180
0 11 R 0x400E1C0
0 11 R 0x4000200
0 11 R 0x4002240
0 11 R 0x4004280
0 11 R 0x40062C0
0 11 R 0x4008300
0 11 R 0x400A340
0 11 R 0x400C380
0 11 R 0x400E3C0
0 11 R 0x4000400
0 11 R 0x4002440
0 11 R 0x4004480
0 11 R 0x40064C0
0 11 R 0x4008500
0 11 R 0x400A540
0 11 R 0x400C580
0 11 R 0x400E5C0
0 11 R 0x4000600
0 11 R 0x4002640
0 11 R 0x4004680
0 11 R 0x40066C0
0 11 R 0x4008700
0 11 R 0x400A740
0 11 R 0x400C780
0 11 R 0x400E7C0
0 11 R 0x4000800
0 11 R 0x4002840
0 11 R 0x4004880
0 11 R 0x40068C0
0 11 R 0x4008900
0 11 R 0x400A940
0 11 R 0x400C980
0 11 R 0x400E9C0
0 11 R 0x4000A00
0 11 R 0x4002A40
0 11 R 0x4004A80
0 11 R 0x4006AC0
0 11 R 0x4008B00
0 11 R 0x400AB40
0 11 R 0x400CB80
0 11 R 0x400EBC0
0 11 R 0x4000C00
0 11 R 0x4002C40
0 11 R 0x4004C80
0 11 R 0x4006CC0
0 11 R 0x4008D00
0 11 R 0x400AD40
0 11 R 0x400CD80
0 11 R 0x400EDC0
0 11 R 0x4000E00
0 11 R 0x4002E40
0 11 R 0x4004E80
0 11 R 0x4006EC0
0 11 R 0x4008F00
0 11 R 0x400AF40
0 11 R 0x400CF80
0 11 R 0x400EFC0
0 11 R 0x4000000
0 11 R 0x4002040
0 11 R 0x4004080
0 11 R 0x40060C0
0 11 R 0x4008100
0 11 R 0x400A140
0 11 R 0x400C180
0 11 R 0x400E1C0
0 11 R 0x4000200
0 11 R 0x4002240
0 11 R 0x4004280
0 11 R 0x40062C0
0 11 R 0x4008300
0 11 R 0x400A340
0 11 R 0x400C380
0 11 R 0x400E3C0
0 11 R 0x4000400
0 11 R 0x4002440
0 11 R 0x4004480
0 11 R 0x40064C0
0 11 R 0x4008500
0 11 R 0x400A540
0 11 R 0x400C580
0 11 R 0x400E5C0
0 11 R 0x4000600
0 11 R 0x4002640
0 11 R 0x4004680
0 11 R 0x40066C0
0 11 R 0x4008700
0 11 R 0x400A740
0 11 R 0x400C780
0 11 R 0x400E7C0
0 11 R 0x4000800
0 11 R 0x4002840
0 11 R 0x4004880
0 11 R 0x40068C0
0 11 R 0x4008900
0 11 R 0x400A940
0 11 R 0x400C980
0 11 R 0x400E9C0
0 11 R 0x4000A00
0 11 R 0x4002A40
0 11 R 0x4004A80
0 11 R 0x4006AC0
0 11 R 0x4008B00
0 11 R 0x400AB40
0 11 R 0x400CB80
0 11 R 0x400EBC0
0 11 R 0x4000C00
0 11 R 0x4002C40
0 11 R 0x4004C80
0 11 R 0x4006CC0
0 11 R 0x4008D00
0 11 R 0x400AD40
0 11 R 0x400CD80
0 11 R 0x400EDC0
0 11 R 0x4000E00
0 11 R 0x4002E40
0 11 R 0x4004E80
0 11 R 0x4006EC0
0 11 R 0x4008F00
0 11 R 0x400AF40
0 11 R 0x400CF80
0 11 R 0x400EFC0
0 11 R 0x4000000
0 11 R 0x4002040
0 11 R 0x4004080
0 11 R 0x40060C0
0 11 R 0x4008100
0 11 R 0x400A140
0 11 R 0x400C180
0 11 R 0x400E1C0
0 11 R 0x4000200
0 11 R 0x4002240
0 11 R 0x4004280
0 11 R 0x40062C0
0 11 R 0x4008300
0 11 R 0x400A340
0 11 R 0x400C380
0 11 R 0x400E3C0
0 11 R 0x4000400
0 11 R 0x4002440
0 11 R 0x4004480
0 11 R 0x40064C0
0 11 R 0x4008500
0 11 R 0x400A540
0 11 R 0x400C580
0 11 R 0x400E5C0
0 11 R 0x4000600
0 11 R 0x4002640
0 11 R 0x4004680
0 11 R 0x40066C0
0 11 R 0x4008700
0 11 R 0x400A740
0 11 R 0x400C780
0 11 R 0x400E7C0
0 11 R 0x4000800
0 11 R 0x4002840
0 11 R 0x4004880
0 11 R 0x40068C0
0 11 R 0x4008900
0 11 R 0x400A940
0 11 R 0x400C980
0 11 R 0x400E9C0
0 11 R 0x4000A00
0 11 R 0x4002A40
0 11 R 0x4004A80
0 11 R 0x4006AC0
0 11 R 0x4008B00
0 11 R 0x400AB40
0 11 R 0x400CB80
0 11 R 0x400EBC0
0 11 R 0x4000C00
0 11 R 0x4002C40
0 11 R 0x4004C80
0 11 R 0x4006CC0
0 11 R 0x4008D00
0 11 R 0x400AD40
0 11 R 0x400CD80
0 11 R 0x400EDC0
0 11 R 0x4000E00
0 11 R 0x4002E40
0 11 R 0x4004E80
0 11 R 0x4006EC0
0 11 R 0x4008F00
0 11 R 0x400AF40
0 11 R 0x400CF80
0 11 R 0x400EFC0
0 12 R 0x4000000
0 12 R 0x4002040
0 12 R 0x4004080
0 12 R 0x40060C0
0 12 R 0x4008100
0 12 R 0x400A140
0 12 R 0x400C180
0 12 R 0x400E1C0
0 12 R 0x4000200
0 12 R 0x4002240
0 12 R 0x4004280
0 12 R 0x40062C0
0 12 R 0x4008300
0 12 R 0x400A340
0 12 R 0x400C380
0 12 R 0x400E3C0
0 12 R 0x4000400
0 12 R 0x4002440
0 12 R 0x4004480
0 12 R 0x40064C0
0 12 R 0x4008500
0 12 R 0x400A540
0 12 R 0x400C580
0 12 R 0x400E5C0
0 12 R 0x4000600
0 12 R 0x4002640
0 12 R 0x4004680
0 12 R 0x40066C0
0 12 R 0x4008700
0 12 R 0x400A740
0 12 R 0x400C780
0 12 R 0x400E7C0
0 12 R 0x4000800
0 12 R 0x4002840
0 12 R 0x4004880
0 12 R 0x40068C0
0 12 R 0x4008900
0 12 R 0x400A940
0 12 R 0x400C980
0 12 R 0x400E9C0
0 12 R 0x4000A00
0 12 R 0x4002A40
0 12 R 0x4004A80
0 12 R 0x4006AC0
0 12 R 0x4008B00
0 12 R 0x400AB40
0 12 R 0x400CB80
0 12 R 0x400EBC0
0 12 R 0x4000C00
0 12 R 0x4002C40
0 12 R 0x4004C80
0 12 R 0x4006CC0
0 12 R 0x4008D00
0 12 R 0x400AD40
0 12 R 0x400CD80
0 12 R 0x400EDC0
0 12 R 0x4000E00
0 12 R 0x4002E40
0 12 R 0x4004E80
0 12 R 0x4006EC0
0 12 R 0x4008F00
0 12 R 0x400AF40
0 12 R 0x400CF80
0 12 R 0x400EFC0
0 12 R 0x4000000
0 12 R 0x4002040
0 12 R 0x4004080
0 12 R 0x40060C0
0 12 R 0x4008100
0 12 R 0x400A140
0 12 R 0x400C180
0 12 R 0x400E1C0
0 12 R 0x4000200
0 12 R 0x4002240
0 12 R 0x4004280
0 12 R 0x40062C0
0 12 R 0x4008300
0 12 R 0x400A340
0 12 R 0x400C380
0 12 R 0x400E3C0
0 12 R 0x4000400
0 12 R 0x4002440
0 12 R 0x4004480
0 12 R 0x40064C0
0 12 R 0x4008500
0 12 R 0x400A540
0 12 R 0x400C580
0 12 R 0x400E5C0
0 12 R 0x4000600
0 12 R 0x4002640
0 12 R 0x4004680
0 12 R 0x40066C0
0 12 R 0x4008700
0 12 R 0x400A740
0 12 R 0x400C780
0 12 R 0x400E7C0
0 12 R 0x4000800
0 12 R 0x4002840
0 12 R 0x4004880
0 12 R 0x40068C0
0 12 R 0x4008900
0 12 R 0x400A940
0 12 R 0x400C980
0 12 R 0x400E9C0
0 12 R 0x4000A00
0 12 R 0x4002A40
0 12 R 0x4004A80
0 12 R 0x4006AC0
0 12 R 0x4008B00
0 12 R 0x400AB40
0 12 R 0x400CB80
0 12 R 0x400EBC0
0 12 R 0x4000C00
0 12 R 0x4002C40
0 12 R 0x4004C80
0 12 R 0x4006CC0
0 12 R 0x4008D00
0 12 R 0x400AD40
0 12 R 0x400CD80
0 12 R 0x400EDC0
0 12 R 0x4000E00
0 12 R 0x4002E40
0 12 R 0x4004E80
0 12 R 0x4006EC0
0 12 R 0x4008F00
0 12 R 0x400AF40
0 12 R 0x400CF80
0 12 R 0x400EFC0
0 12 R 0x4000000
0 12 R 0x4002040
0 12 R 0x4004080
0 12 R 0x40060C0
0 12 R 0x4008100
0 12 R 0x400A140
0 12 R 0x400C180
0 12 R 0x400E1C0
0 12 R 0x4000200
0 12 R 0x4002240
0 12 R 0x4004280
0 12 R 0x40062C0
0 12 R 0x4008300
0 12 R 0x400A340
0 12 R 0x400C380
0 12 R 0x400E3C0
0 12 R 0x4000400
0 12 R 0x4002440
0 12 R 0x4004480
0 12 R 0x40064C0
0 12 R 0x4008500
0 12 R 0x400A540
0 12 R 0x400C580
0 12 R 0x400E5C0
0 12 R 0x4000600
0 12 R 0x4002640
0 12 R 0x4004680
0 12 R 0x40066C0
0 12 R 0x4008700
0 12 R 0x400A740
0 12 R 0x400C780
0 12 R 0x400E7C0
0 12 R 0x4000800
0 12 R 0x4002840
0 12 R 0x4004880
0 12 R 0x40068C0
0 12 R 0x4008900
0 12 R 0x400A940
0 12 R 0x400C980
0 12 R 0x400E9C0
0 12 R 0x4000A00
0 12 R 0x4002A40
0 12 R 0x4004A80
0 12 R 0x4006AC0
0 12 R 0x4008B00
0 12 R 0x400AB40
0 12 R 0x400CB80
0 12 R 0x400EBC0
0 12 R 0x4000C00
0 12 R 0x4002C40
0 12 R 0x4004C80
0 12 R 0x4006CC0
0 12 R 0x4008D00
0 12 R 0x400AD40
0 12 R 0x400CD80
0 12 R 0x400EDC0
0 12 R 0x4000E00
0 12 R 0x4002E40
0 12 R 0x4004E80
0 12 R 0x4006EC0
0 12 R 0x4008F00
0 12 R 0x400AF40
0 12 R 0x400CF80
0 12 R 0x400EFC0
0 12 R 0x4000000
0 12 R 0x4002040
0 12 R 0x4004080
0 12 R 0x40060C0
0 12 R 0x4008100
0 12 R 0x400A140
0 12 R 0x400C180
0 12 R 0x400E1C0
0 12 R 0x4000200
0 12 R 0x4002240
0 12 R 0x4004280
0 12 R 0x40062C0
0 12 R 0x4008300
0 12 R 0x400A340
0 12 R 0x400C380
0 12 R 0x400E3C0
0 12 R 0x4000400
0 12 R 0x4002440
0 12 R 0x4004480
0 12 R 0x40064C0
0 12 R 0x4008500
0 12 R 0x400A540
0 12 R 0x400C580
0 12 R 0x400E5C0
0 12 R 0x4000600
0 12 R 0x4002640
0 12 R 0x4004680
0 12 R 0x40066C0
0 12 R 0x4008700
0 12 R 0x400A740
0 12 R 0x400C780
0 12 R 0x400E7C0
0 12 R 0x4000800
0 12 R 0x4002840
0 12 R 0x4004880
0 12 R 0x40068C0
0 12 R 0x4008900
0 12 R 0x400A940
0 12 R 0x400C980
0 12 R 0x400E9C0
0 12 R 0x4000A00
0 12 R 0x4002A40
0 12 R 0x4004A80
0 12 R 0x4006AC0
0 12 R 0x4008B00
0 12 R 0x400AB40
0 12 R 0x400CB80
0 12 R 0x400EBC0
0 12 R 0x4000C00
0 12 R 0x4002C40
0 12 R 0x4004C80
0 12 R 0x4006CC0
0 12 R 0x4008D00
0 12 R 0x400AD40
0 12 R 0x400CD80
0 12 R 0x400EDC0
0 12 R 0x4000E00
0 12 R 0x4002E40
0 12 R 0x4004E80
0 12 R 0x4006EC0
0 12 R 0x4008F00
0 12 R 0x400AF40
0 12 R 0x400CF80
0 12 R 0x400EFC0
0 12 R 0x4000000
0 12 R 0x4002040
0 12 R 0x4004080
0 12 R 0x40060C0
0 12 R 0x4008100
0 12 R 0x400A140
0 12 R 0x400C180
0 12 R 0x400E1C0
0 12 R 0x4000200
0 12 R 0x4002240
0 12 R 0x4004280
0 12 R 0x40062C0
0 12 R 0x4008300
0 12 R 0x400A340
0 12 R 0x400C380
0 12 R 0x400E3C0
0 12 R 0x4000400
0 12 R 0x4002440
0 12 R 0x4004480
0 12 R 0x40064C0
0 12 R 0x4008500
0 12 R 0x400A540
0 12 R 0x400C580
0 12 R 0x400E5C0
0 12 R 0x4000600
0 12 R 0x4002640
0 12 R 0x4004680
0 12 R 0x40066C0
0 12 R 0x4008700
0 12 R 0x400A740
0 12 R 0x400C780
0 12 R 0x400E7C0
0 12 R 0x4000800
0 12 R 0x4002840
0 12 R 0x4004880
0 12 R 0x40068C0
0 12 R 0x4008900
0 12 R 0x400A940
0 12 R 0x400C980
0 12 R 0x400E9C0
0 12 R 0x4000A00
0 12 R 0x4002A40
0 12 R 0x4004A80
0 12 R 0x4006AC0
0 12 R 0x4008B00
0 12 R 0x400AB40
0 12 R 0x400CB80
0 12 R 0x400EBC0
0 12 R 0x4000C00
0 12 R 0x4002C40
0 12 R 0x4004C80
0 12 R 0x4006CC0
0 12 R 0x4008D00
0 12 R 0x400AD40
0 12 R 0x400CD80
0 12 R 0x400EDC0
0 12 R 0x4000E00
0 12 R 0x4002E40
0 12 R 0x4004E80
0 12 R 0x4006EC0
0 12 R 0x4008F00
0 12 R 0x400AF40
0 12 R 0x400CF80
0 12 R 0x400EFC0
0 12 R 0x4000000
0 12 R 0x4002040
0 12 R 0x4004080
0 12 R 0x40060C0
0 12 R 0x4008100
0 12 R 0x400A140
0 12 R 0x400C180
0 12 R 0x400E1C0
0 12 R 0x4000200
0 12 R 0x4002240
0 12 R 0x4004280
0 12 R 0x40062C0
0 12 R 0x4008300
0 12 R 0x400A340
0 12 R 0x400C380
0 12 R 0x400E3C0
0 12 R 0x4000400
0 12 R 0x4002440
0 12 R 0x4004480
0 12 R 0x40064C0
0 12 R 0x4008500
0 12 R 0x400A540
0 12 R 0x400C580
0 12 R 0x400E5C0
0 12 R 0x4000600
0 12 R 0x4002640
0 12 R 0x4004680
0 12 R 0x40066C0
0 12 R 0x4008700
0 12 R 0x400A740
0 12 R 0x400C780
0 12 R 0x400E7C0
0 12 R 0x4000800
0 12 R 0x4002840
0 12 R 0x4004880
0 12 R 0x40068C0
0 12 R 0x4008900
0 12 R 0x400A940
0 12 R 0x400C980
0 12 R 0x400E9C0
0 12 R 0x4000A00
0 12 R 0x4002A40
0 12 R 0x4004A80
0 12 R 0x4006AC0
0 12 R 0x4008B00
0 12 R 0x400AB40
0 12 R 0x400CB80
0 12 R 0x400EBC0
0 12 R 0x4000C00
0 12 R 0x4002C40
0 12 R 0x4004C80
0 12 R 0x4006CC0
0 12 R 0x4008D00
0 12 R 0x400AD40
0 12 R 0x400CD80
0 12 R 0x400EDC0
0 12 R 0x4000E00
0 12 R 0x4002E40
0 12 R 0x4004E80
0 12 R 0x4006EC0
0 12 R 0x4008F00
0 12 R 0x400AF40
0 12 R 0x400CF80
0 12 R 0x400EFC0
0 12 R 0x4000000
0 12 R 0x4002040
0 12 R 0x4004080
0 12 R 0x40060C0
0 12 R 0x4008100
0 12 R 0x400A140
0 12 R 0x400C180
0 12 R 0x400E1C0
0 12 R 0x4000200
0 12 R 0x4002240
0 12 R 0x4004280
0 12 R 0x40062C0
0 12 R 0x4008300
0 12 R 0x400A340
0 12 R 0x400C380
0 12 R 0x400E3C0
0 12 R 0x4000400
0 12 R 0x4002440
0 12 R 0x4004480
0 12 R 0x40064C0
0 12 R 0x4008500
0 12 R 0x400A540
0 12 R 0x400C580
0 12 R 0x400E5C0
0 12 R 0x4000600
0 12 R 0x4002640
0 12 R 0x4004680
0 12 R 0x40066C0
0 12 R 0x4008700
0 12 R 0x400A740
0 12 R 0x400C780
0 12 R 0x400E7C0
0 12 R 0x4000800
0 12 R 0x4002840
0 12 R 0x4004880
0 12 R 0x40068C0
0 12 R 0x4008900
0 12 R 0x400A940
0 12 R 0x400C980
0 12 R 0x400E9C0
0 12 R 0x4000A00
0 12 R 0x4002A40
0 12 R 0x4004A80
0 12 R 0x4006AC0
0 12 R 0x4008B00
0 12 R 0x400AB40
0 12 R 0x400CB80
0 12 R 0x400EBC0
0 12 R 0x4000C00
0 12 R 0x4002C40
0 12 R 0x4004C80
0 12 R 0x4006CC0
0 12 R 0x4008D00
0 12 R 0x400AD40
0 12 R 0x400CD80
0 12 R 0x400EDC0
0 12 R 0x4000E00
0 12 R 0x4002E40
0 12 R 0x4004E80
0 12 R 0x4006EC0
0 12 R 0x4008F00
0 12 R 0x400AF40
0 12 R 0x400CF80
0 12 R 0x400EFC0
0 12 R 0x4000000
0 12 R 0x4002040
0 12 R 0x4004080
0 12 R 0x40060C0
0 12 R 0x4008100
0 12 R 0x400A140
0 12 R 0x400C180
0 12 R 0x400E1C0
0 12 R 0x4000200
0 12 R 0x4002240
0 12 R 0x4004280
0 12 R 0x40062C0
0 12 R 0x4008300
0 12 R 0x400A340
0 12 R 0x400C380
0 12 R 0x400E3C0
0 12 R 0x4000400
0 12 R 0x4002440
0 12 R 0x4004480
0 12 R 0x40064C0
0 12 R 0x4008500
0 12 R 0x400A540
0 12 R 0x400C580
0 12 R 0x400E5C0
0 12 R 0x4000600
0 12 R 0x4002640
0 12 R 0x4004680
0 12 R 0x40066C0
0 12 R 0x4008700
0 12 R 0x400A740
0 12 R 0x400C780
0 12 R 0x400E7C0
0 12 R 0x4000800
0 12 R 0x4002840
0 12 R 0x4004880
0 12 R 0x40068C0
0 12 R 0x4008900
0 12 R 0x400A940
0 12 R 0x400C980
0 12 R 0x400E9C0
0 12 R 0x4000A00
0 12 R 0x4002A40
0 12 R 0x4004A80
0 12 R 0x4006AC0
0 12 R 0x4008B00
0 12 R 0x400AB40
0 12 R 0x400CB80
0 12 R 0x400EBC0
0 12 R 0x4000C00
0 12 R 0x4002C40
0 12 R 0x4004C80
0 12 R 0x4006CC0
0 12 R 0x4008D00
0 12 R 0x400AD40
0 12 R 0x400CD80
0 12 R 0x400EDC0
0 12 R 0x4000E00
0 12 R 0x4002E40
0 12 R 0x4004E80
0 12 R 0x4006EC0
0 12 R 0x4008F00
0 12 R 0x400AF40
0 12 R 0x400CF80
0 12 R 0x400EFC0
0 13 R 0x4000000
0 13 R 0x4002040
0 13 R 0x4004080
0 13 R 0x40060C0
0 13 R 0x4008100
0 13 R 0x400A140
0 13 R 0x400C180
0 13 R 0x400E1C0
0 13 R 0x4000200
0 13 R 0x4002240
0 13 R 0x4004280
0 13 R 0x40062C0
0 13 R 0x4008300
0 13 R 0x400A340
0 13 R 0x400C380
0 13 R 0x400E3C0
0 13 R 0x4000400
0 13 R 0x4002440
0 13 R 0x4004480
0 13 R 0x40064C0
0 13 R 0x4008500
0 13 R 0x400A540
0 13 R 0x400C580
0 13 R 0x400E5C0
0 13 R 0x4000600
0 13 R 0x4002640
0 13 R 0x4004680
0 13 R 0x40066C0
0 13 R 0x4008700
0 13 R 0x400A740
0 13 R 0x400C780
0 13 R 0x400E7C0
0 13 R 0x4000800
0 13 R 0x4002840
0 13 R 0x4004880
0 13 R 0x40068C0
0 13 R 0x4008900
0 13 R 0x400A940
0 13 R 0x400C980
0 13 R 0x400E9C0
0 13 R 0x4000A00
0 13 R 0x4002A40
0 13 R 0x4004A80
0 13 R 0x4006AC0
0 13 R 0x4008B00
0 13 R 0x400AB40
0 13 R 0x400CB80
0 13 R 0x400EBC0
0 13 R 0x4000C00
0 13 R 0x4002C40
0 13 R 0x4004C80
0 13 R 0x4006CC0
0 13 R 0x4008D00
0 13 R 0x400AD40
0 13 R 0x400CD80
0 13 R 0x400EDC0
0 13 R 0x4000E00
0 13 R 0x4002E40
0 13 R 0x4004E80
0 13 R 0x4006EC0
0 13 R 0x4008F00
0 13 R 0x400AF40
0 13 R 0x400CF80
0 13 R 0x400EFC0
0 13 R 0x4000000
0 13 R 0x4002040
0 13 R 0x4004080
0 13 R 0x40060C0
0 13 R 0x4008100
0 13 R 0x400A140
0 13 R 0x400C180
0 13 R 0x400E1C0
0 13 R 0x4000200
0 13 R 0x4002240
0 13 R 0x4004280
0 13 R 0x40062C0
0 13 R 0x4008300
0 13 R 0x400A340
0 13 R 0x400C380
0 13 R 0x400E3C0
0 13 R 0x4000400
0 13 R 0x4002440
0 13 R 0x4004480
0 13 R 0x40064C0
0 13 R 0x4008500
0 13 R 0x400A540
0 13 R 0x400C580
0 13 R 0x400E5C0
0 13 R 0x4000600
0 13 R 0x4002640
0 13 R 0x4004680
0 13 R 0x40066C0
0 13 R 0x4008700
0 13 R 0x400A740
0 13 R 0x400C780
0 13 R 0x400E7C0
0 13 R 0x4000800
0 13 R 0x4002840
0 13 R 0x4004880
0 13 R 0x40068C0
0 13 R 0x4008900
0 13 R 0x400A940
0 13 R 0x400C980
0 13 R 0x400E9C0
0 13 R 0x4000A00
0 13 R 0x4002A40
0 13 R 0x4004A80
0 13 R 0x4006AC0
0 13 R 0x4008B00
0 13 R 0x400AB40
0 13 R 0x400CB80
0 13 R 0x400EBC0
0 13 R 0x4000C00
0 13 R 0x4002C40
0 13 R 0x4004C80
0 13 R 0x4006CC0
0 13 R 0x4008D00
0 13 R 0x400AD40
0 13 R 0x400CD80
0 13 R 0x400EDC0
0 13 R 0x4000E00
0 13 R 0x4002E40
0 13 R 0x4004E80
0 13 R 0x4006EC0
0 13 R 0x4008F00
0 13 R 0x400AF40
0 13 R 0x400CF80
0 13 R 0x400EFC0
0 13 R 0x4000000
0 13 R 0x4002040
0 13 R 0x4004080
0 13 R 0x40060C0
0 13 R 0x4008100
0 13 R 0x400A140
0 13 R 0x400C180
0 13 R 0x400E1C0
0 13 R 0x4000200
0 13 R 0x4002240
0 13 R 0x4004280
0 13 R 0x40062C0
0 13 R 0x4008300
0 13 R 0x400A340
0 13 R 0x400C380
0 13 R 0x400E3C0
0 13 R 0x4000400
0 13 R 0x4002440
0 13 R 0x4004480
0 13 R 0x40064C0
0 13 R 0x4008500
0 13 R 0x400A540
0 13 R 0x400C580
0 13 R 0x400E5C0
0 13 R 0x4000600
0 13 R 0x4002640
0 13 R 0x4004680
0 13 R 0x40066C0
0 13 R 0x4008700
0 13 R 0x400A740
0 13 R 0x400C780
0 13 R 0x400E7C0
0 13 R 0x4000800
0 13 R 0x4002840
0 13 R 0x4004880
0 13 R 0x40068C0
0 13 R 0x4008900
0 13 R 0x400A940
0 13 R 0x400C980
0 13 R 0x400E9C0
0 13 R 0x4000A00
0 13 R 0x4002A40
0 13 R 0x4004A80
0 13 R 0x4006AC0
0 13 R 0x4008B00
0 13 R 0x400AB40
0 13 R 0x400CB80
0 13 R 0x400EBC0
0 13 R 0x4000C00
0 13 R 0x4002C40
0 13 R 0x4004C80
0 13 R 0x4006CC0
0 13 R 0x4008D00
0 13 R 0x400AD40
0 13 R 0x400CD80
0 13 R 0x400EDC0
0 13 R 0x4000E00
0 13 R 0x4002E40
0 13 R 0x4004E80
0 13 R 0x4006EC0
0 13 R 0x4008F00
0 13 R 0x400AF40
0 13 R 0x400CF80
0 13 R 0x400EFC0
0 13 R 0x4000000
0 13 R 0x4002040
0 13 R 0x4004080
0 13 R 0x40060C0
0 13 R 0x4008100
0 13 R 0x400A140
0 13 R 0x400C180
0 13 R 0x400E1C0
0 13 R 0x4000200
0 13 R 0x4002240
0 13 R 0x4004280
0 13 R 0x40062C0
0 13 R 0x4008300
0 13 R 0x400A340
0 13 R 0x400C380
0 13 R 0x400E3C0
0 13 R 0x4000400
0 13 R 0x4002440
0 13 R 0x4004480
0 13 R 0x40064C0
0 13 R 0x4008500
0 13 R 0x400A540
0 13 R 0x400C580
0 13 R 0x400E5C0
0 13 R 0x4000600
0 13 R 0x4002640
0 13 R 0x4004680
0 13 R 0x40066C0
0 13 R 0x4008700
0 13 R 0x400A740
0 13 R 0x400C780
0 13 R 0x400E7C0
0 13 R 0x4000800
0 13 R 0x4002840
0 13 R 0x4004880
0 13 R 0x40068C0
0 13 R 0x4008900
0 13 R 0x400A940
0 13 R 0x400C980
0 13 R 0x400E9C0
0 13 R 0x4000A00
0 13 R 0x4002A40
0 13 R 0x4004A80
0 13 R 0x4006AC0
0 13 R 0x4008B00
0 13 R 0x400AB40
0 13 R 0x400CB80
0 13 R 0x400EBC0
0 13 R 0x4000C00
0 13 R 0x4002C40
0 13 R 0x4004C80
0 13 R 0x4006CC0
0 13 R 0x4008D00
0 13 R 0x400AD40
0 13 R 0x400CD80
0 13 R 0x400EDC0
0 13 R 0x4000E00
0 13 R 0x4002E40
0 13 R 0x4004E80
0 13 R 0x4006EC0
0 13 R 0x4008F00
0 13 R 0x400AF40
0 13 R 0x400CF80
0 13 R 0x400EFC0
0 13 R 0x4000000
0 13 R 0x4002040
0 13 R 0x4004080
0 13 R 0x40060C0
0 13 R 0x4008100
0 13 R 0x400A140
0 13 R 0x400C180
0 13 R 0x400E1C0
0 13 R 0x4000200
0 13 R 0x4002240
0 13 R 0x4004280
0 13 R 0x40062C0
0 13 R 0x4008300
0 13 R 0x400A340
0 13 R 0x400C380
0 13 R 0x400E3C0
0 13 R 0x4000400
0 13 R 0x4002440
0 13 R 0x4004480
0 13 R 0x40064C0
0 13 R 0x4008500
0 13 R 0x400A540
0 13 R 0x400C580
0 13 R 0x400E5C0
0 13 R 0x4000600
0 13 R 0x4002640
0 13 R 0x4004680
0 13 R 0x40066C0
0 13 R 0x4008700
0 13 R 0x400A740
0 13 R 0x400C780
0 13 R 0x400E7C0
0 13 R 0x4000800
0 13 R 0x4002840
0 13 R 0x4004880
0 13 R 0x40068C0
0 13 R 0x4008900
0 13 R 0x400A940
0 13 R 0x400C980
0 13 R 0x400E9C0
0 13 R 0x4000A00
0 13 R 0x4002A40
0 13 R 0x4004A80
0 13 R 0x4006AC0
0 13 R 0x4008B00
0 13 R 0x400AB40
0 13 R 0x400CB80
0 13 R 0x400EBC0
0 13 R 0x4000C00
0 13 R 0x4002C40
0 13 R 0x4004C80
0 13 R 0x4006CC0
0 13 R 0x4008D00
0 13 R 0x400AD40
0 13 R 0x400CD80
0 13 R 0x400EDC0
0 13 R 0x4000E00
0 13 R 0x4002E40
0 13 R 0x4004E80
0 13 R 0x4006EC0
0 13 R 0x4008F00
0 13 R 0x400AF40
0 13 R 0x400CF80
0 13 R 0x400EFC0
0 13 R 0x4000000
0 13 R 0x4002040
0 13 R 0x4004080
0 13 R 0x40060C0
0 13 R 0x4008100
0 13 R 0x400A140
0 13 R 0x400C180
0 13 R 0x400E1C0
0 13 R 0x4000200
0 13 R 0x4002240
0 13 R 0x4004280
0 13 R 0x40062C0
0 13 R 0x4008300
0 13 R 0x400A340
0 13 R 0x400C380
0 13 R 0x400E3C0
0 13 R 0x4000400
0 13 R 0x4002440
0 13 R 0x4004480
0 13 R 0x40064C0
0 13 R 0x4008500
0 13 R 0x400A540
0 13 R 0x400C580
0 13 R 0x400E5C0
0 13 R 0x4000600
0 13 R 0x4002640
0 13 R 0x4004680
0 13 R 0x40066C0
0 13 R 0x4008700
0 13 R 0x400A740
0 13 R 0x400C780
0 13 R 0x400E7C0
0 13 R 0x4000800
0 13 R 0x4002840
0 13 R 0x4004880
0 13 R 0x40068C0
0 13 R 0x4008900
0 13 R 0x400A940
0 13 R 0x400C980
0 13 R 0x400E9C0
0 13 R 0x4000A00
0 13 R 0x4002A40
0 13 R 0x4004A80
0 13 R 0x4006AC0
0 13 R 0x4008B00
0 13 R 0x400AB40
0 13 R 0x400CB80
0 13 R 0x400EBC0
0 13 R 0x4000C00
0 13 R 0x4002C40
0 13 R 0x4004C80
0 13 R 0x4006CC0
0 13 R 0x4008D00
0 13 R 0x400AD40
0 13 R 0x400CD80
0 13 R 0x400EDC0
0 13 R 0x4000E00
0 13 R 0x4002E40
0 13 R 0x4004E80
0 13 R 0x4006EC0
0 13 R 0x4008F00
0 13 R 0x400AF40
0 13 R 0x400CF80
0 13 R 0x400EFC0
0 13 R 0x4000000
0 13 R 0x4002040
0 13 R 0x4004080
0 13 R 0x40060C0
0 13 R 0x4008100
0 13 R 0x400A140
0 13 R 0x400C180
0 13 R 0x400E1C0
0 13 R 0x4000200
0 13 R 0x4002240
0 13 R 0x4004280
0 13 R 0x40062C0
0 13 R 0x4008300
0 13 R 0x400A340
0 13 R 0x400C380
0 13 R 0x400E3C0
0 13 R 0x4000400
0 13 R 0x4002440
0 13 R 0x4004480
0 13 R 0x40064C0
0 13 R 0x4008500
0 13 R 0x400A540
0 13 R 0x400C580
0 13 R 0x400E5C0
0 13 R 0x4000600
0 13 R 0x4002640
0 13 R 0x4004680
0 13 R 0x40066C0
0 13 R 0x4008700
0 13 R 0x400A740
0 13 R 0x400C780
0 13 R 0x400E7C0
0 13 R 0x4000800
0 13 R 0x4002840
0 13 R 0x4004880
0 13 R 0x40068C0
0 13 R 0x4008900
0 13 R 0x400A940
0 13 R 0x400C980
0 13 R 0x400E9C0
0 13 R 0x4000A00
0 13 R 0x4002A40
0 13 R 0x4004A80
0 13 R 0x4006AC0
0 13 R 0x4008B00
0 13 R 0x400AB40
0 13 R 0x400CB80
0 13 R 0x400EBC0
0 13 R 0x4000C00
0 13 R 0x4002C40
0 13 R 0x4004C80
0 13 R 0x4006CC0
0 13 R 0x4008D00
0 13 R 0x400AD40
0 13 R 0x400CD80
0 13 R 0x400EDC0
0 13 R 0x4000E00
0 13 R 0x4002E40
0 13 R 0x4004E80
0 13 R 0x4006EC0
0 13 R 0x4008F00
0 13 R 0x400AF40
0 13 R 0x400CF80
0 13 R 0x400EFC0
0 13 R 0x4000000
0 13 R 0x4002040
0 13 R 0x4004080
0 13 R 0x40060C0
0 13 R 0x4008100
0 13 R 0x400A140
0 13 R 0x400C180
0 13 R 0x400E1C0
0 13 R 0x4000200
0 13 R 0x4002240
0 13 R 0x4004280
0 13 R 0x40062C0
0 13 R 0x4008300
0 13 R 0x400A340
0 13 R 0x400C380
0 13 R 0x400E3C0
0 13 R 0x4000400
0 13 R 0x4002440
0 13 R 0x4004480
0 13 R 0x40064C0
0 13 R 0x4008500
0 13 R 0x400A540
0 13 R 0x400C580
0 13 R 0x400E5C0
0 13 R 0x4000600
0 13 R 0x4002640
0 13 R 0x4004680
0 13 R 0x40066C0
0 13 R 0x4008700
0 13 R 0x400A740
0 13 R 0x400C780
0 13 R 0x400E7C0
0 13 R 0x4000800
0 13 R 0x4002840
0 13 R 0x4004880
0 13 R 0x40068C0
0 13 R 0x4008900
0 13 R 0x400A940
0 13 R 0x400C980
0 13 R 0x400E9C0
0 13 R 0x4000A00
0 13 R 0x4002A40
0 13 R 0x4004A80
0 13 R 0x4006AC0
0 13 R 0x4008B00
0 13 R 0x400AB40
0 13 R 0x400CB80
0 13 R 0x400EBC0
0 13 R 0x4000C00
0 13 R 0x4002C40
0 13 R 0x4004C80
0 13 R 0x4006CC0
0 13 R 0x4008D00
0 13 R 0x400AD40
0 13 R 0x400CD80
0 13 R 0x400EDC0
0 13 R 0x4000E00
0 13 R 0x4002E40
0 13 R 0x4004E80
0 13 R 0x4006EC0
0 13 R 0x4008F00
0 13 R 0x400AF40
0 13 R 0x400CF80
0 13 R 0x400EFC0
0 14 R 0x4000000
0 14 R 0x4002040
0 14 R 0x4004080
0 14 R 0x40060C0
0 14 R 0x4008100
0 14 R 0x400A140
0 14 R 0x400C180
0 14 R 0x400E1C0
0 14 R 0x4000200
0 14 R 0x4002240
0 14 R 0x4004280
0 14 R 0x40062C0
0 14 R 0x4008300
0 14 R 0x400A340
0 14 R 0x400C380
0 14 R 0x400E3C0
0 14 R 0x4000400
0 14 R 0x4002440
0 14 R 0x4004480
0 14 R 0x40064C0
0 14 R 0x4008500
0 14 R 0x400A540
0 14 R 0x400C580
0 14 R 0x400E5C0
0 14 R 0x4000600
0 14 R 0x4002640
0 14 R 0x4004680
0 14 R 0x40066C0
0 14 R 0x4008700
0 14 R 0x400A740
0 14 R 0x400C780
0 14 R 0x400E7C0
0 14 R 0x4000800
0 14 R 0x4002840
0 14 R 0x4004880
0 14 R 0x40068C0
0 14 R 0x4008900
0 14 R 0x400A940
0 14 R 0x400C980
0 14 R 0x400E9C0
0 14 R 0x4000A00
0 14 R 0x4002A40
0 14 R 0x4004A80
0 14 R 0x4006AC0
0 14 R 0x4008B00
0 14 R 0x400AB40
0 14 R 0x400CB80
0 14 R 0x400EBC0
0 14 R 0x4000C00
0 14 R 0x4002C40
0 14 R 0x4004C80
0 14 R 0x4006CC0
0 14 R 0x4008D00
0 14 R 0x400AD40
0 14 R 0x400CD80
0 14 R 0x400EDC0
0 14 R 0x4000E00
0 14 R 0x4002E40
0 14 R 0x4004E80
0 14 R 0x4006EC0
0 14 R 0x4008F00
0 14 R 0x400AF40
0 14 R 0x400CF80
0 14 R 0x400EFC0
0 14 R 0x4000000
0 14 R 0x4002040
0 14 R 0x4004080
0 14 R 0x40060C0
0 14 R 0x4008100
0 14 R 0x400A140
0 14 R 0x400C180
0 14 R 0x400E1C0
0 14 R 0x4000200
0 14 R 0x4002240
0 14 R 0x4004280
0 14 R 0x40062C0
0 14 R 0x4008300
0 14 R 0x400A340
0 14 R 0x400C380
0 14 R 0x400E3C0
0 14 R 0x4000400
0 14 R 0x4002440
0 14 R 0x4004480
0 14 R 0x40064C0
0 14 R 0x4008500
0 14 R 0x400A540
0 14 R 0x400C580
0 14 R 0x400E5C0
0 14 R 0x4000600
0 14 R 0x4002640
0 14 R 0x4004680
0 14 R 0x40066C0
0 14 R 0x4008700
0 14 R 0x400A740
0 14 R 0x400C780
0 14 R 0x400E7C0
0 14 R 0x4000800
0 14 R 0x4002840
0 14 R 0x4004880
0 14 R 0x40068C0
0 14 R 0x4008900
0 14 R 0x400A940
0 14 R 0x400C980
0 14 R 0x400E9C0
0 14 R 0x4000A00
0 14 R 0x4002A40
0 14 R 0x4004A80
0 14 R 0x4006AC0
0 14 R 0x4008B00
0 14 R 0x400AB40
0 14 R 0x400CB80
0 14 R 0x400EBC0
0 14 R 0x4000C00
0 14 R 0x4002C40
0 14 R 0x4004C80
0 14 R 0x4006CC0
0 14 R 0x4008D00
0 14 R 0x400AD40
0 14 R 0x400CD80
0 14 R 0x400EDC0
0 14 R 0x4000E00
0 14 R 0x4002E40
0 14 R 0x4004E80
0 14 R 0x4006EC0
0 14 R 0x4008F00
0 14 R 0x400AF40
0 14 R 0x400CF80
0 14 R 0x400EFC0
0 14 R 0x4000000
0 14 R 0x4002040
0 14 R 0x4004080
0 14 R 0x40060C0
0 14 R 0x4008100
0 14 R 0x400A140
0 14 R 0x400C180
0 14 R 0x400E1C0
0 14 R 0x4000200
0 14 R 0x4002240
0 14 R 0x4004280
0 14 R 0x40062C0
0 14 R 0x4008300
0 14 R 0x400A340
0 14 R 0x400C380
0 14 R 0x400E3C0
0 14 R 0x4000400
0 14 R 0x4002440
0 14 R 0x4004480
0 14 R 0x40064C0
0 14 R 0x4008500
0 14 R 0x400A540
0 14 R 0x400C580
0 14 R 0x400E5C0
0 14 R 0x4000600
0 14 R 0x4002640
0 14 R 0x4004680
0 14 R 0x40066C0
0 14 R 0x4008700
0 14 R 0x400A740
0 14 R 0x400C780
0 14 R 0x400E7C0
0 14 R 0x4000800
0 14 R 0x4002840
0 14 R 0x4004880
0 14 R 0x40068C0
0 14 R 0x4008900
0 14 R 0x400A940
0 14 R 0x400C980
0 14 R 0x400E9C0
0 14 R 0x4000A00
0 14 R 0x4002A40
0 14 R 0x4004A80
0 14 R 0x4006AC0
0 14 R 0x4008B00
0 14 R 0x400AB40
0 14 R 0x400CB80
0 14 R 0x400EBC0
0 14 R 0x4000C00
0 14 R 0x4002C40
0 14 R 0x4004C80
0 14 R 0x4006CC0
0 14 R 0x4008D00
0 14 R 0x400AD40
0 14 R 0x400CD80
0 14 R 0x400EDC0
0 14 R 0x4000E00
0 14 R 0x4002E40
0 14 R 0x4004E80
0 14 R 0x4006EC0
0 14 R 0x4008F00
0 14 R 0x400AF40
0 14 R 0x400CF80
0 14 R 0x400EFC0
0 14 R 0x4000000
0 14 R 0x4002040
0 14 R 0x4004080
0 14 R 0x40060C0
0 14 R 0x4008100
0 14 R 0x400A140
0 14 R 0x400C180
0 14 R 0x400E1C0
0 14 R 0x4000200
0 14 R 0x4002240
0 14 R 0x4004280
0 14 R 0x40062C0
0 14 R 0x4008300
0 14 R 0x400A340
0 14 R 0x400C380
0 14 R 0x400E3C0
0 14 R 0x4000400
0 14 R 0x4002440
0 14 R 0x4004480
0 14 R 0x40064C0
0 14 R 0x4008500
0 14 R 0x400A540
0 14 R 0x400C580
0 14 R 0x400E5C0
0 14 R 0x4000600
0 14 R 0x4002640
0 14 R 0x4004680
0 14 R 0x40066C0
0 14 R 0x4008700
0 14 R 0x400A740
0 14 R 0x400C780
0 14 R 0x400E7C0
0 14 R 0x4000800
0 14 R 0x4002840
0 14 R 0x4004880
0 14 R 0x40068C0
0 14 R 0x4008900
0 14 R 0x400A940
0 14 R 0x400C980
0 14 R 0x400E9C0
0 14 R 0x4000A00
0 14 R 0x4002A40
0 14 R 0x4004A80
0 14 R 0x4006AC0
0 14 R 0x4008B00
0 14 R 0x400AB40
0 14 R 0x400CB80
0 14 R 0x400EBC0
0 14 R 0x4000C00
0 14 R 0x4002C40
0 14 R 0x4004C80
0 14 R 0x4006CC0
0 14 R 0x4008D00
0 14 R 0x400AD40
0 14 R 0x400CD80
0 14 R 0x400EDC0
0 14 R 0x4000E00
0 14 R 0x4002E40
0 14 R 0x4004E80
0 14 R 0x4006EC0
0 14 R 0x4008F00
0 14 R 0x400AF40
0 14 R 0x400CF80
0 14 R 0x400EFC0
0 14 R 0x4000000
0 14 R 0x4002040
0 14 R 0x4004080
0 14 R 0x40060C0
0 14 R 0x4008100
0 14 R 0x400A140
0 14 R 0x400C180
0 14 R 0x400E1C0
0 14 R 0x4000200
0 14 R 0x4002240
0 14 R 0x4004280
0 14 R 0x40062C0
0 14 R 0x4008300
0 14 R 0x400A340
0 14 R 0x400C380
0 14 R 0x400E3C0
0 14 R 0x4000400
0 14 R 0x4002440
0 14 R 0x4004480
0 14 R 0x40064C0
0 14 R 0x4008500
0 14 R 0x400A540
0 14 R 0x400C580
0 14 R 0x400E5C0
0 14 R 0x4000600
0 14 R 0x4002640
0 14 R 0x4004680
0 14 R 0x40066C0
0 14 R 0x4008700
0 14 R 0x400A740
0 14 R 0x400C780
0 14 R 0x400E7C0
0 14 R 0x4000800
0 14 R 0x4002840
0 14 R 0x4004880
0 14 R 0x40068C0
0 14 R 0x4008900
0 14 R 0x400A940
0 14 R 0x400C980
0 14 R 0x400E9C0
0 14 R 0x4000A00
0 14 R 0x4002A40
0 14 R 0x4004A80
0 14 R 0x4006AC0
0 14 R 0x4008B00
0 14 R 0x400AB40
0 14 R 0x400CB80
0 14 R 0x400EBC0
0 14 R 0x4000C00
0 14 R 0x4002C40
0 14 R 0x4004C80
0 14 R 0x4006CC0
0 14 R 0x4008D00
0 14 R 0x400AD40
0 14 R 0x400CD80
0 14 R 0x400EDC0
0 14 R 0x4000E00
0 14 R 0x4002E40
0 14 R 0x4004E80
0 14 R 0x4006EC0
0 14 R 0x4008F00
0 14 R 0x400AF40
0 14 R 0x400CF80
0 14 R 0x400EFC0
0 14 R 0x4000000
0 14 R 0x4002040
0 14 R 0x4004080
0 14 R 0x40060C0
0 14 R 0x4008100
0 14 R 0x400A140
0 14 R 0x400C180
0 14 R 0x400E1C0
0 14 R 0x4000200
0 14 R 0x4002240
0 14 R 0x4004280
0 14 R 0x40062C0
0 14 R 0x4008300
0 14 R 0x400A340
0 14 R 0x400C380
0 14 R 0x400E3C0
0 14 R 0x4000400
0 14 R 0x4002440
0 14 R 0x4004480
0 14 R 0x40064C0
0 14 R 0x4008500
0 14 R 0x400A540
0 14 R 0x400C580
0 14 R 0x400E5C0
0 14 R 0x4000600
0 14 R 0x4002640
0 14 R 0x4004680
0 14 R 0x40066C0
0 14 R 0x4008700
0 14 R 0x400A740
0 14 R 0x400C780
0 14 R 0x400E7C0
0 14 R 0x4000800
0 14 R 0x4002840
0 14 R 0x4004880
0 14 R 0x40068C0
0 14 R 0x4008900
0 14 R 0x400A940
0 14 R 0x400C980
0 14 R 0x400E9C0
0 14 R 0x4000A00
0 14 R 0x4002A40
0 14 R 0x4004A80
0 14 R 0x4006AC0
0 14 R 0x4008B00
0 14 R 0x400AB40
0 14 R 0x400CB80
0 14 R 0x400EBC0
0 14 R 0x4000C00
0 14 R 0x4002C40
0 14 R 0x4004C80
0 14 R 0x4006CC0
0 14 R 0x4008D00
0 14 R 0x400AD40
0 14 R 0x400CD80
0 14 R 0x400EDC0
0 14 R 0x4000E00
0 14 R 0x4002E40
0 14 R 0x4004E80
0 14 R 0x4006EC0
0 14 R 0x4008F00
0 14 R 0x400AF40
0 14 R 0x400CF80
0 14 R 0x400EFC0
0 14 R 0x4000000
0 14 R 0x4002040
0 14 R 0x4004080
0 14 R 0x40060C0
0 14 R 0x4008100
0 14 R 0x400A140
0 14 R 0x400C180
0 14 R 0x400E1C0
0 14 R 0x4000200
0 14 R 0x4002240
0 14 R 0x4004280
0 14 R 0x40062C0
0 14 R 0x4008300
0 14 R 0x400A340
0 14 R 0x400C380
0 14 R 0x400E3C0
0 14 R 0x4000400
0 14 R 0x4002440
0 14 R 0x4004480
0 14 R 0x40064C0
0 14 R 0x4008500
0 14 R 0x400A540
0 14 R 0x400C580
0 14 R 0x400E5C0
0 14 R 0x4000600
0 14 R 0x4002640
0 14 R 0x4004680
0 14 R 0x40066C0
0 14 R 0x4008700
0 14 R 0x400A740
0 14 R 0x400C780
0 14 R 0x400E7C0
0 14 R 0x4000800
0 14 R 0x4002840
0 14 R 0x4004880
0 14 R 0x40068C0
0 14 R 0x4008900
0 14 R 0x400A940
0 14 R 0x400C980
0 14 R 0x400E9C0
0 14 R 0x4000A00
0 14 R 0x4002A40
0 14 R 0x4004A80
0 14 R 0x4006AC0
0 14 R 0x4008B00
0 14 R 0x400AB40
0 14 R 0x400CB80
0 14 R 0x400EBC0
0 14 R 0x4000C00
0 14 R 0x4002C40
0 14 R 0x4004C80
0 14 R 0x4006CC0
0 14 R 0x4008D00
0 14 R 0x400AD40
0 14 R 0x400CD80
0 14 R 0x400EDC0
0 14 R 0x4000E00
0 14 R 0x4002E40
0 14 R 0x4004E80
0 14 R 0x4006EC0
0 14 R 0x4008F00
0 14 R 0x400AF40
0 14 R 0x400CF80
0 14 R 0x400EFC0
0 14 R 0x4000000
0 14 R 0x4002040
0 14 R 0x4004080
0 14 R 0x40060C0
0 14 R 0x4008100
0 14 R 0x400A140
0 14 R 0x400C180
0 14 R 0x400E1C0
0 14 R 0x4000200
0 14 R 0x4002240
0 14 R 0x4004280
0 14 R 0x40062C0
0 14 R 0x4008300
0 14 R 0x400A340
0 14 R 0x400C380
0 14 R 0x400E3C0
0 14 R 0x4000400
0 14 R 0x4002440
0 14 R 0x4004480
0 14 R 0x40064C0
0 14 R 0x4008500
0 14 R 0x400A540
0 14 R 0x400C580
0 14 R 0x400E5C0
0 14 R 0x4000600
0 14 R 0x4002640
0 14 R 0x4004680
0 14 R 0x40066C0
0 14 R 0x4008700
0 14 R 0x400A740
0 14 R 0x400C780
0 14 R 0x400E7C0
0 14 R 0x4000800
0 14 R 0x4002840
0 14 R 0x4004880
0 14 R 0x40068C0
0 14 R 0x4008900
0 14 R 0x400A940
0 14 R 0x400C980
0 14 R 0x400E9C0
0 14 R 0x4000A00
0 14 R 0x4002A40
0 14 R 0x4004A80
0 14 R 0x4006AC0
0 14 R 0x4008B00
0 14 R 0x400AB40
0 14 R 0x400CB80
0 14 R 0x400EBC0
0 14 R 0x4000C00
0 14 R 0x4002C40
0 14 R 0x4004C80
0 14 R 0x4006CC0
0 14 R 0x4008D00
0 14 R 0x400AD40
0 14 R 0x400CD80
0 14 R 0x400EDC0
0 14 R 0x4000E00
0 14 R 0x4002E40
0 14 R 0x4004E80
0 14 R 0x4006EC0
0 14 R 0x4008F00
0 14 R 0x400AF40
0 14 R 0x400CF80
0 14 R 0x400EFC0
0 15 R 0x4000000
0 15 R 0x4002040
0 15 R 0x4004080
0 15 R 0x40060C0
0 15 R 0x4008100
0 15 R 0x400A140
0 15 R 0x400C180
0 15 R 0x400E1C0
0 15 R 0x4000200
0 15 R 0x4002240
0 15 R 0x4004280
0 15 R 0x40062C0
0 15 R 0x4008300
0 15 R 0x400A340
0 15 R 0x400C380
0 15 R 0x400E3C0
0 15 R 0x4000400
0 15 R 0x4002440
0 15 R 0x4004480
0 15 R 0x40064C0
0 15 R 0x4008500
0 15 R 0x400A540
0 15 R 0x400C580
0 15 R 0x400E5C0
0 15 R 0x4000600
0 15 R 0x4002640
0 15 R 0x4004680
0 15 R 0x40066C0
0 15 R 0x4008700
0 15 R 0x400A740
0 15 R 0x400C780
0 15 R 0x400E7C0
0 15 R 0x4000800
0 15 R 0x4002840
0 15 R 0x4004880
0 15 R 0x40068C0
0 15 R 0x4008900
0 15 R 0x400A940
0 15 R 0x400C980
0 15 R 0x400E9C0
0 15 R 0x4000A00
0 15 R 0x4002A40
0 15 R 0x4004A80
0 15 R 0x4006AC0
0 15 R 0x4008B00
0 15 R 0x400AB40
0 15 R 0x400CB80
0 15 R 0x400EBC0
0 15 R 0x4000C00
0 15 R 0x4002C40
0 15 R 0x4004C80
0 15 R 0x4006CC0
0 15 R 0x4008D00
0 15 R 0x400AD40
0 15 R 0x400CD80
0 15 R 0x400EDC0
0 15 R 0x4000E00
0 15 R 0x4002E40
0 15 R 0x4004E80
0 15 R 0x4006EC0
0 15 R 0x4008F00
0 15 R 0x400AF40
0 15 R 0x400CF80
0 15 R 0x400EFC0
0 15 R 0x4000000
0 15 R 0x4002040
0 15 R 0x4004080
0 15 R 0x40060C0
0 15 R 0x4008100
0 15 R 0x400A140
0 15 R 0x400C180
0 15 R 0x400E1C0
0 15 R 0x4000200
0 15 R 0x4002240
0 15 R 0x4004280
0 15 R 0x40062C0
0 15 R 0x4008300
0 15 R 0x400A340
0 15 R 0x400C380
0 15 R 0x400E3C0
0 15 R 0x4000400
0 15 R 0x4002440
0 15 R 0x4004480
0 15 R 0x40064C0
0 15 R 0x4008500
0 15 R 0x400A540
0 15 R 0x400C580
0 15 R 0x400E5C0
0 15 R 0x4000600
0 15 R 0x4002640
0 15 R 0x4004680
0 15 R 0x40066C0
0 15 R 0x4008700
0 15 R 0x400A740
0 15 R 0x400C780
0 15 R 0x400E7C0
0 15 R 0x4000800
0 15 R 0x4002840
0 15 R 0x4004880
0 15 R 0x40068C0
0 15 R 0x4008900
0 15 R 0x400A940
0 15 R 0x400C980
0 15 R 0x400E9C0
0 15 R 0x4000A00
0 15 R 0x4002A40
0 15 R 0x4004A80
0 15 R 0x4006AC0
0 15 R 0x4008B00
0 15 R 0x400AB40
0 15 R 0x400CB80
0 15 R 0x400EBC0
0 15 R 0x4000C00
0 15 R 0x4002C40
0 15 R 0x4004C80
0 15 R 0x4006CC0
0 15 R 0x4008D00
0 15 R 0x400AD40
0 15 R 0x400CD80
0 15 R 0x400EDC0
0 15 R 0x4000E00
0 15 R 0x4002E40
0 15 R 0x4004E80
0 15 R 0x4006EC0
0 15 R 0x4008F00
0 15 R 0x400AF40
0 15 R 0x400CF80
0 15 R 0x400EFC0
0 15 R 0x4000000
0 15 R 0x4002040
0 15 R 0x4004080
0 15 R 0x40060C0
0 15 R 0x4008100
0 15 R 0x400A140
0 15 R 0x400C180
0 15 R 0x400E1C0
0 15 R 0x4000200
0 15 R 0x4002240
0 15 R 0x4004280
0 15 R 0x40062C0
0 15 R 0x4008300
0 15 R 0x400A340
0 15 R 0x400C380
0 15 R 0x400E3C0
0 15 R 0x4000400
0 15 R 0x4002440
0 15 R 0x4004480
0 15 R 0x40064C0
0 15 R 0x4008500
0 15 R 0x400A540
0 15 R 0x400C580
0 15 R 0x400E5C0
0 15 R 0x4000600
0 15 R 0x4002640
0 15 R 0x4004680
0 15 R 0x40066C0
0 15 R 0x4008700
0 15 R 0x400A740
0 15 R 0x400C780
0 15 R 0x400E7C0
0 15 R 0x4000800
0 15 R 0x4002840
0 15 R 0x4004880
0 15 R 0x40068C0
0 15 R 0x4008900
0 15 R 0x400A940
0 15 R 0x400C980
0 15 R 0x400E9C0
0 15 R 0x4000A00
0 15 R 0x4002A40
0 15 R 0x4004A80
0 15 R 0x4006AC0
0 15 R 0x4008B00
0 15 R 0x400AB40
0 15 R 0x400CB80
0 15 R 0x400EBC0
0 15 R 0x4000C00
0 15 R 0x4002C40
0 15 R 0x4004C80
0 15 R 0x4006CC0
0 15 R 0x4008D00
0 15 R 0x400AD40
0 15 R 0x400CD80
0 15 R 0x400EDC0
0 15 R 0x4000E00
0 15 R 0x4002E40
0 15 R 0x4004E80
0 15 R 0x4006EC0
0 15 R 0x4008F00
0 15 R 0x400AF40
0 15 R 0x400CF80
0 15 R 0x400EFC0
0 15 R 0x4000000
0 15 R 0x4002040
0 15 R 0x4004080
0 15 R 0x40060C0
0 15 R 0x4008100
0 15 R 0x400A140
0 15 R 0x400C180
0 15 R 0x400E1C0
0 15 R 0x4000200
0 15 R 0x4002240
0 15 R 0x4004280
0 15 R 0x40062C0
0 15 R 0x4008300
0 15 R 0x400A340
0 15 R 0x400C380
0 15 R 0x400E3C0
0 15 R 0x4000400
0 15 R 0x4002440
0 15 R 0x4004480
0 15 R 0x40064C0
0 15 R 0x4008500
0 15 R 0x400A540
0 15 R 0x400C580
0 15 R 0x400E5C0
0 15 R 0x4000600
0 15 R 0x4002640
0 15 R 0x4004680
0 15 R 0x40066C0
0 15 R 0x4008700
0 15 R 0x400A740
0 15 R 0x400C780
0 15 R 0x400E7C0
0 15 R 0x4000800
0 15 R 0x4002840
0 15 R 0x4004880
0 15 R 0x40068C0
0 15 R 0x4008900
0 15 R 0x400A940
0 15 R 0x400C980
0 15 R 0x400E9C0
0 15 R 0x4000A00
0 15 R 0x4002A40
0 15 R 0x4004A80
0 15 R 0x4006AC0
0 15 R 0x4008B00
0 15 R 0x400AB40
0 15 R 0x400CB80
0 15 R 0x400EBC0
0 15 R 0x4000C00
0 15 R 0x4002C40
0 15 R 0x4004C80
0 15 R 0x4006CC0
0 15 R 0x4008D00
0 15 R 0x400AD40
0 15 R 0x400CD80
0 15 R 0x400EDC0
0 15 R 0x4000E00
0 15 R 0x4002E40
0 15 R 0x4004E80
0 15 R 0x4006EC0
0 15 R 0x4008F00
0 15 R 0x400AF40
0 15 R 0x400CF80
0 15 R 0x400EFC0
0 15 R 0x4000000
0 15 R 0x4002040
0 15 R 0x4004080
0 15 R 0x40060C0
0 15 R 0x4008100
0 15 R 0x400A140
0 15 R 0x400C180
0 15 R 0x400E1C0
0 15 R 0x4000200
0 15 R 0x4002240
0 15 R 0x4004280
0 15 R 0x40062C0
0 15 R 0x4008300
0 15 R 0x400A340
0 15 R 0x400C380
0 15 R 0x400E3C0
0 15 R 0x4000400
0 15 R 0x4002440
0 15 R 0x4004480
0 15 R 0x40064C0
0 15 R 0x4008500
0 15 R 0x400A540
0 15 R 0x400C580
0 15 R 0x400E5C0
0 15 R 0x4000600
0 15 R 0x4002640
0 15 R 0x4004680
0 15 R 0x40066C0
0 15 R 0x4008700
0 15 R 0x400A740
0 15 R 0x400C780
0 15 R 0x400E7C0
0 15 R 0x4000800
0 15 R 0x4002840
0 15 R 0x4004880
0 15 R 0x40068C0
0 15 R 0x4008900
0 15 R 0x400A940
0 15 R 0x400C980
0 15 R 0x400E9C0
0 15 R 0x4000A00
0 15 R 0x4002A40
0 15 R 0x4004A80
0 15 R 0x4006AC0
0 15 R 0x4008B00
0 15 R 0x400AB40
0 15 R 0x400CB80
0 15 R 0x400EBC0
0 15 R 0x4000C00
0 15 R 0x4002C40
0 15 R 0x4004C80
0 15 R 0x4006CC0
0 15 R 0x4008D00
0 15 R 0x400AD40
0 15 R 0x400CD80
0 15 R 0x400EDC0
0 15 R 0x4000E00
0 15 R 0x4002E40
0 15 R 0x4004E80
0 15 R 0x4006EC0
0 15 R 0x4008F00
0 15 R 0x400AF40
0 15 R 0x400CF80
0 15 R 0x400EFC0
0 15 R 0x4000000
0 15 R 0x4002040
0 15 R 0x4004080
0 15 R 0x40060C0
0 15 R 0x4008100
0 15 R 0x400A140
0 15 R 0x400C180
0 15 R 0x400E1C0
0 15 R 0x4000200
0 15 R 0x4002240
0 15 R 0x4004280
0 15 R 0x40062C0
0 15 R 0x4008300
0 15 R 0x400A340
0 15 R 0x400C380
0 15 R 0x400E3C0
0 15 R 0x4000400
0 15 R 0x4002440
0 15 R 0x4004480
0 15 R 0x40064C0
0 15 R 0x4008500
0 15 R 0x400A540
0 15 R 0x400C580
0 15 R 0x400E5C0
0 15 R 0x4000600
0 15 R 0x4002640
0 15 R 0x4004680
0 15 R 0x40066C0
0 15 R 0x4008700
0 15 R 0x400A740
0 15 R 0x400C780
0 15 R 0x400E7C0
0 15 R 0x4000800
0 15 R 0x4002840
0 15 R 0x4004880
0 15 R 0x40068C0
0 15 R 0x4008900
0 15 R 0x400A940
0 15 R 0x400C980
0 15 R 0x400E9C0
0 15 R 0x4000A00
0 15 R 0x4002A40
0 15 R 0x4004A80
0 15 R 0x4006AC0
0 15 R 0x4008B00
0 15 R 0x400AB40
0 15 R 0x400CB80
0 15 R 0x400EBC0
0 15 R 0x4000C00
0 15 R 0x4002C40
0 15 R 0x4004C80
0 15 R 0x4006CC0
0 15 R 0x4008D00
0 15 R 0x400AD40
0 15 R 0x400CD80
0 15 R 0x400EDC0
0 15 R 0x4000E00
0 15 R 0x4002E40
0 15 R 0x4004E80
0 15 R 0x4006EC0
0 15 R 0x4008F00
0 15 R 0x400AF40
0 15 R 0x400CF80
0 15 R 0x400EFC0
0 15 R 0x4000000
0 15 R 0x4002040
0 15 R 0x4004080
0 15 R 0x40060C0
0 15 R 0x4008100
0 15 R 0x400A140
0 15 R 0x400C180
0 15 R 0x400E1C0
0 15 R 0x4000200
0 15 R 0x4002240
0 15 R 0x4004280
0 15 R 0x40062C0
0 15 R 0x4008300
0 15 R 0x400A340
0 15 R 0x400C380
0 15 R 0x400E3C0
0 15 R 0x4000400
0 15 R 0x4002440
0 15 R 0x4004480
0 15 R 0x40064C0
0 15 R 0x4008500
0 15 R 0x400A540
0 15 R 0x400C580
0 15 R 0x400E5C0
0 15 R 0x4000600
0 15 R 0x4002640
0 15 R 0x4004680
0 15 R 0x40066C0
0 15 R 0x4008700
0 15 R 0x400A740
0 15 R 0x400C780
0 15 R 0x400E7C0
0 15 R 0x4000800
0 15 R 0x4002840
0 15 R 0x4004880
0 15 R 0x40068C0
0 15 R 0x4008900
0 15 R 0x400A940
0 15 R 0x400C980
0 15 R 0x400E9C0
0 15 R 0x4000A00
0 15 R 0x4002A40
0 15 R 0x4004A80
0 15 R 0x4006AC0
0 15 R 0x4008B00
0 15 R 0x400AB40
0 15 R 0x400CB80
0 15 R 0x400EBC0
0 15 R 0x4000C00
0 15 R 0x4002C40
0 15 R 0x4004C80
0 15 R 0x4006CC0
0 15 R 0x4008D00
0 15 R 0x400AD40
0 15 R 0x400CD80
0 15 R 0x400EDC0
0 15 R 0x4000E00
0 15 R 0x4002E40
0 15 R 0x4004E80
0 15 R 0x4006EC0
0 15 R 0x4008F00
0 15 R 0x400AF40
0 15 R 0x400CF80
0 15 R 0x400EFC0
0 15 R 0x4000000
0 15 R 0x4002040
0 15 R 0x4004080
0 15 R 0x40060C0
0 15 R 0x4008100
0 15 R 0x400A140
0 15 R 0x400C180
0 15 R 0x400E1C0
0 15 R 0x4000200
0 15 R 0x4002240
0 15 R 0x4004280
0 15 R 0x40062C0
0 15 R 0x4008300
0 15 R 0x400A340
0 15 R 0x400C380
0 15 R 0x400E3C0
0 15 R 0x4000400
0 15 R 0x4002440
0 15 R 0x4004480
0 15 R 0x40064C0
0 15 R 0x4008500
0 15 R 0x400A540
0 15 R 0x400C580
0 15 R 0x400E5C0
0 15 R 0x4000600
0 15 R 0x4002640
0 15 R 0x4004680
0 15 R 0x40066C0
0 15 R 0x4008700
0 15 R 0x400A740
0 15 R 0x400C780
0 15 R 0x400E7C0
0 15 R 0x4000800
0 15 R 0x4002840
0 15 R 0x4004880
0 15 R 0x40068C0
0 15 R 0x4008900
0 15 R 0x400A940
0 15 R 0x400C980
0 15 R 0x400E9C0
0 15 R 0x4000A00
0 15 R 0x4002A40
0 15 R 0x4004A80
0 15 R 0x4006AC0
0 15 R 0x4008B00
0 15 R 0x400AB40
0 15 R 0x400CB80
0 15 R 0x400EBC0
0 15 R 0x4000C00
0 15 R 0x4002C40
0 15 R 0x4004C80
0 15 R 0x4006CC0
0 15 R 0x4008D00
0 15 R 0x400AD40
0 15 R 0x400CD80
0 15 R 0x400EDC0
0 15 R 0x4000E00
0 15 R 0x4002E40
0 15 R 0x4004E80
0 15 R 0x4006EC0
0 15 R 0x4008F00
0 15 R 0x400AF40
0 15 R 0x400CF80
0 15 R 0x400EFC0
